{"type":"FeatureCollection", "features": [
{"type":"Feature","geometry":{"type":"MultiPolygon","coordinates":[[[[-54.681,49.494],[-54.789,49.424],[-54.712,49.385],[-54.681,49.494]]],[[[-56.823,53.8],[-56.997,53.813],[-56.938,53.747],[-56.823,53.8]]],[[[-61.648,57.364],[-61.749,57.377],[-61.777,57.322],[-61.65,57.294],[-61.648,57.364]]],[[[-55.474,50.8],[-55.631,50.748],[-55.564,50.692],[-55.478,50.752],[-55.474,50.8]]],[[[-55.77,53.477],[-55.887,53.496],[-55.97,53.431],[-55.789,53.392],[-55.77,53.477]]],[[[-55.939,47.702],[-56.097,47.664],[-56.015,47.61],[-55.937,47.653],[-55.939,47.702]]],[[[-54.124,47.679],[-54.269,47.466],[-54.157,47.537],[-54.124,47.679]]],[[[-61.711,57.832],[-61.868,57.825],[-61.778,57.718],[-61.694,57.708],[-61.65,57.774],[-61.711,57.832]]],[[[-61.461,56.404],[-61.728,56.383],[-61.719,56.356],[-61.544,56.321],[-61.416,56.36],[-61.461,56.404]]],[[[-61.656,57.528],[-61.744,57.542],[-61.844,57.409],[-61.704,57.445],[-61.656,57.528]]],[[[-61.851,57.584],[-62.051,57.543],[-61.969,57.454],[-61.869,57.46],[-61.789,57.508],[-61.851,57.584]]],[[[-61.329,56.519],[-61.595,56.558],[-61.604,56.479],[-61.214,56.431],[-61.329,56.519]]],[[[-61.084,56.182],[-61.226,56.058],[-61.097,56.017],[-60.994,56.024],[-60.952,56.099],[-61.084,56.182]]],[[[-54.551,49.648],[-54.649,49.637],[-54.676,49.583],[-54.554,49.581],[-54.551,49.648]]],[[[-53.527,48.197],[-53.694,48.146],[-53.777,48.178],[-53.911,48.153],[-53.858,48.09],[-53.703,48.102],[-53.641,48.076],[-53.527,48.197]]],[[[-54.104,49.744],[-54.285,49.716],[-54.321,49.674],[-54.319,49.576],[-54.148,49.602],[-54.042,49.668],[-54.104,49.744]]],[[[-61.36,56.941],[-61.607,56.894],[-61.614,56.815],[-61.665,56.771],[-61.663,56.695],[-61.405,56.61],[-61.368,56.771],[-61.416,56.887],[-61.36,56.941]]],[[[-55.424,51.585],[-55.538,51.604],[-55.702,51.586],[-55.711,51.502],[-55.87,51.521],[-55.909,51.629],[-56.077,51.544],[-56.2,51.515],[-56.435,51.413],[-56.494,51.415],[-56.7,51.34],[-56.802,51.244],[-56.8,51.136],[-56.874,51.107],[-56.905,51.015],[-57.011,50.975],[-56.968,50.893],[-57.096,50.783],[-57.24,50.732],[-57.338,50.722],[-57.318,50.619],[-57.476,50.476],[-57.575,50.254],[-57.758,49.942],[-57.831,49.892],[-57.966,49.683],[-57.958,49.604],[-58.156,49.473],[-58.235,49.394],[-58.255,49.285],[-58.167,49.237],[-58.031,49.206],[-58.045,49.113],[-58.119,49.14],[-58.164,49.062],[-58.278,49.072],[-58.37,49.147],[-58.431,49.106],[-58.501,49.006],[-58.539,48.876],[-58.651,48.751],[-58.688,48.681],[-58.671,48.619],[-58.713,48.562],[-58.951,48.604],[-58.947,48.659],[-59.104,48.625],[-59.216,48.546],[-59.269,48.465],[-59.043,48.522],[-58.94,48.508],[-58.723,48.556],[-58.584,48.543],[-58.531,48.5],[-58.426,48.487],[-58.477,48.431],[-58.674,48.374],[-58.691,48.33],[-58.929,48.18],[-58.979,48.129],[-59.086,48.098],[-59.263,48.005],[-59.408,47.889],[-59.327,47.83],[-59.3,47.743],[-59.309,47.621],[-59.167,47.565],[-59.037,47.568],[-58.886,47.609],[-58.811,47.595],[-58.495,47.653],[-58.423,47.64],[-58.276,47.685],[-58.141,47.7],[-58.001,47.689],[-57.825,47.635],[-57.645,47.624],[-57.347,47.644],[-57.274,47.607],[-57.082,47.574],[-57.013,47.599],[-56.805,47.532],[-56.625,47.615],[-56.385,47.603],[-56.221,47.623],[-56.19,47.673],[-56.051,47.7],[-56.003,47.758],[-55.841,47.79],[-55.932,47.656],[-55.864,47.615],[-55.937,47.566],[-56.153,47.519],[-56.117,47.465],[-55.984,47.498],[-55.891,47.546],[-55.59,47.435],[-55.442,47.466],[-55.401,47.52],[-55.387,47.673],[-55.183,47.632],[-55.115,47.579],[-54.883,47.626],[-54.856,47.545],[-54.967,47.502],[-55.171,47.472],[-55.295,47.39],[-55.312,47.27],[-55.52,47.143],[-55.679,47.095],[-55.773,47.11],[-55.866,47.072],[-55.976,46.993],[-55.969,46.909],[-55.826,46.861],[-55.631,46.875],[-55.575,46.921],[-55.477,46.877],[-55.376,46.878],[-55.233,46.938],[-55.188,47.023],[-55.076,47.078],[-55.092,47.112],[-55.016,47.183],[-55.066,47.224],[-54.977,47.277],[-54.853,47.386],[-54.715,47.362],[-54.631,47.389],[-54.517,47.386],[-54.342,47.635],[-54.206,47.796],[-54.188,47.861],[-53.98,47.766],[-53.9,47.608],[-53.937,47.452],[-53.93,47.383],[-53.875,47.351],[-53.995,47.289],[-54.075,47.095],[-54.167,46.991],[-54.202,46.862],[-54.107,46.796],[-53.96,46.85],[-53.868,46.947],[-53.623,47.123],[-53.582,46.985],[-53.662,46.821],[-53.611,46.757],[-53.652,46.707],[-53.621,46.64],[-53.533,46.614],[-53.402,46.713],[-53.287,46.707],[-53.22,46.636],[-53.073,46.658],[-53.036,46.746],[-52.982,46.758],[-52.891,46.941],[-52.867,47.066],[-52.884,47.113],[-52.848,47.21],[-52.765,47.288],[-52.718,47.389],[-52.658,47.436],[-52.619,47.524],[-52.69,47.53],[-52.652,47.62],[-52.731,47.661],[-52.711,47.756],[-52.806,47.804],[-52.856,47.625],[-52.92,47.541],[-53.083,47.472],[-53.161,47.474],[-53.204,47.645],[-53.192,47.742],[-53.093,47.831],[-53.079,47.938],[-52.979,47.996],[-52.983,48.039],[-52.887,48.153],[-52.97,48.162],[-53.007,48.083],[-53.116,48.034],[-53.169,48.063],[-53.301,48.008],[-53.507,47.749],[-53.479,47.692],[-53.569,47.628],[-53.573,47.569],[-53.665,47.514],[-53.676,47.602],[-53.779,47.635],[-53.837,47.702],[-53.727,47.851],[-53.633,48.009],[-53.71,48.086],[-53.935,48.077],[-53.961,48.152],[-53.936,48.238],[-53.845,48.186],[-53.747,48.193],[-53.706,48.163],[-53.587,48.2],[-53.414,48.303],[-53.382,48.353],[-53.112,48.405],[-52.996,48.599],[-53.084,48.665],[-53.171,48.627],[-53.262,48.522],[-53.358,48.617],[-53.493,48.582],[-53.478,48.545],[-53.56,48.485],[-53.663,48.541],[-53.79,48.476],[-53.769,48.571],[-53.822,48.626],[-53.749,48.651],[-53.76,48.72],[-53.959,48.669],[-53.966,48.749],[-53.864,48.777],[-54.004,48.903],[-53.814,48.936],[-53.872,49.039],[-53.604,49.036],[-53.628,49.101],[-53.476,49.227],[-53.684,49.325],[-53.677,49.358],[-53.869,49.412],[-54.005,49.472],[-54.162,49.458],[-54.315,49.409],[-54.376,49.44],[-54.464,49.428],[-54.546,49.547],[-54.702,49.37],[-54.797,49.355],[-54.838,49.27],[-55.037,49.314],[-55.194,49.257],[-55.299,49.153],[-55.393,49.161],[-55.243,49.257],[-55.252,49.339],[-55.136,49.487],[-55.159,49.544],[-55.338,49.536],[-55.26,49.369],[-55.358,49.345],[-55.399,49.384],[-55.375,49.451],[-55.541,49.438],[-55.661,49.41],[-55.805,49.487],[-55.848,49.531],[-55.847,49.69],[-56.015,49.662],[-55.977,49.745],[-55.716,49.826],[-55.474,49.967],[-55.532,50.004],[-55.698,49.97],[-55.729,49.921],[-55.824,49.949],[-55.929,50.039],[-56.02,50.039],[-56.16,50.158],[-56.226,50.122],[-56.396,49.963],[-56.567,49.832],[-56.619,49.815],[-56.748,49.673],[-56.828,49.75],[-56.746,49.872],[-56.73,49.955],[-56.764,50.026],[-56.59,50.148],[-56.489,50.256],[-56.338,50.462],[-56.24,50.543],[-56.252,50.575],[-56.13,50.637],[-56.094,50.722],[-56.03,50.765],[-55.968,50.861],[-55.83,50.922],[-55.822,51.015],[-55.726,51.125],[-55.795,51.203],[-56.032,51.194],[-56.016,51.266],[-56.086,51.365],[-55.89,51.331],[-55.759,51.345],[-55.637,51.302],[-55.484,51.403],[-55.424,51.585]]],[[[-57.109,51.416],[-56.951,51.43],[-56.954,51.493],[-56.84,51.469],[-56.7,51.631],[-56.612,51.639],[-56.421,51.727],[-56.214,51.785],[-55.888,51.964],[-55.889,52.017],[-55.792,52.026],[-55.699,52.088],[-55.742,52.199],[-55.736,52.264],[-55.817,52.323],[-55.632,52.447],[-55.802,52.495],[-55.984,52.504],[-56.048,52.542],[-55.906,52.614],[-55.786,52.601],[-55.741,52.651],[-55.817,52.702],[-55.902,52.68],[-56.032,52.73],[-56.122,52.792],[-55.918,52.819],[-55.812,52.889],[-55.908,52.936],[-55.909,53.034],[-55.804,53.153],[-55.785,53.227],[-55.839,53.3],[-55.799,53.336],[-55.995,53.426],[-56.036,53.472],[-56.171,53.501],[-56.214,53.572],[-56.335,53.635],[-56.5,53.618],[-56.72,53.742],[-56.863,53.713],[-57.021,53.714],[-57.071,53.639],[-57.143,53.624],[-57.144,53.536],[-57.289,53.469],[-57.359,53.593],[-57.431,53.639],[-57.115,53.74],[-57.072,53.815],[-57.209,53.881],[-57.212,53.954],[-57.291,54.002],[-57.396,54.162],[-57.503,54.199],[-57.647,54.21],[-57.863,54.2],[-58.054,54.238],[-58.173,54.237],[-58.362,54.204],[-58.414,54.132],[-58.26,54.094],[-58.342,54.057],[-58.721,53.952],[-58.818,53.94],[-59.068,53.789],[-59.011,53.714],[-59.191,53.671],[-59.315,53.697],[-59.34,53.658],[-59.59,53.529],[-59.713,53.538],[-59.791,53.486],[-59.913,53.46],[-60.06,53.342],[-60.305,53.347],[-60.331,53.404],[-60.042,53.485],[-60.153,53.526],[-60.079,53.569],[-60.134,53.621],[-60.108,53.686],[-59.988,53.791],[-59.807,53.793],[-59.853,53.849],[-59.585,53.819],[-59.49,53.831],[-59.192,53.934],[-58.982,53.965],[-58.979,54.044],[-58.72,54.026],[-58.615,54.039],[-58.443,54.152],[-58.557,54.191],[-58.703,54.137],[-58.902,54.084],[-59.16,54.05],[-59.387,53.996],[-59.403,54.028],[-59.24,54.081],[-59.03,54.108],[-58.91,54.144],[-58.804,54.131],[-58.695,54.147],[-58.627,54.165],[-58.575,54.207],[-58.44,54.239],[-58.232,54.25],[-58.288,54.308],[-58.191,54.359],[-57.876,54.402],[-57.706,54.368],[-57.447,54.441],[-57.371,54.554],[-57.464,54.634],[-57.681,54.628],[-57.84,54.74],[-57.942,54.752],[-57.916,54.839],[-57.942,54.931],[-58.141,54.878],[-58.24,54.798],[-58.571,54.763],[-58.685,54.804],[-58.843,54.814],[-58.935,54.849],[-58.898,54.944],[-59.054,55.002],[-58.959,55.069],[-58.954,55.131],[-59.141,55.149],[-59.208,55.22],[-59.39,55.063],[-59.433,55.078],[-59.569,54.976],[-59.621,55.002],[-59.44,55.153],[-59.547,55.198],[-59.617,55.139],[-59.872,55.139],[-59.737,55.206],[-59.721,55.277],[-59.862,55.301],[-59.921,55.226],[-60.076,55.209],[-60.169,55.272],[-60.261,55.252],[-60.405,55.134],[-60.533,55.262],[-60.409,55.271],[-60.357,55.421],[-60.289,55.402],[-60.217,55.48],[-60.35,55.529],[-60.464,55.669],[-60.334,55.744],[-60.529,55.779],[-60.605,55.612],[-60.672,55.663],[-60.592,55.703],[-60.598,55.811],[-60.775,55.853],[-60.931,55.862],[-61.114,55.841],[-61.073,55.929],[-61.198,55.972],[-61.413,55.955],[-61.494,56.069],[-61.325,56.105],[-61.422,56.143],[-61.332,56.233],[-61.545,56.19],[-61.589,56.221],[-62.047,56.221],[-62.057,56.276],[-61.909,56.299],[-61.785,56.274],[-61.612,56.271],[-61.652,56.321],[-61.98,56.408],[-61.965,56.485],[-61.78,56.483],[-61.782,56.557],[-61.951,56.636],[-62.047,56.624],[-62.134,56.677],[-62.266,56.685],[-62.358,56.741],[-61.869,56.627],[-61.765,56.636],[-61.695,56.72],[-61.734,56.813],[-61.57,56.953],[-61.383,56.983],[-61.363,57.099],[-61.485,57.165],[-61.653,57.143],[-61.791,57.152],[-61.787,57.238],[-61.894,57.318],[-61.806,57.376],[-61.958,57.43],[-62.185,57.471],[-62.362,57.449],[-62.243,57.544],[-62.15,57.524],[-62.099,57.585],[-61.892,57.632],[-62.017,57.743],[-61.877,57.846],[-61.94,57.915],[-62.08,57.889],[-62.344,57.962],[-62.319,58.022],[-62.447,58.172],[-62.625,58.186],[-62.71,58.286],[-62.614,58.365],[-62.657,58.404],[-62.557,58.48],[-62.806,58.501],[-62.926,58.476],[-63.008,58.419],[-63.138,58.479],[-63.098,58.55],[-62.988,58.561],[-62.843,58.676],[-62.924,58.731],[-62.904,58.82],[-62.995,58.88],[-63.111,58.884],[-63.226,59.053],[-63.449,59.1],[-63.358,59.197],[-63.528,59.259],[-63.535,59.342],[-63.817,59.382],[-63.726,59.496],[-63.858,59.569],[-63.913,59.67],[-64.018,59.714],[-63.943,59.759],[-64.033,59.85],[-64.226,59.946],[-64.197,60.016],[-64.359,60.047],[-64.389,60.209],[-64.567,60.279],[-64.707,60.303],[-64.862,60.258],[-64.75,60.188],[-64.602,60.167],[-64.594,60.117],[-64.743,60.056],[-64.888,60.042],[-64.84,59.97],[-64.662,59.953],[-64.825,59.826],[-64.749,59.717],[-64.898,59.642],[-64.84,59.553],[-64.68,59.447],[-64.434,59.542],[-64.324,59.513],[-64.512,59.423],[-64.544,59.31],[-64.489,59.257],[-64.498,59.106],[-64.376,59.093],[-64.262,59.013],[-64.46,58.982],[-64.683,59.075],[-64.779,59.075],[-64.865,59.015],[-64.821,58.917],[-64.652,58.944],[-64.55,58.887],[-64.456,58.908],[-64.288,58.897],[-64.234,58.864],[-64.23,58.784],[-64.087,58.756],[-64.045,58.81],[-63.862,58.832],[-63.778,58.884],[-63.551,58.837],[-63.492,58.769],[-63.63,58.715],[-64.047,58.703],[-64.108,58.64],[-64.105,58.563],[-64.034,58.523],[-63.887,58.572],[-63.881,58.429],[-63.987,58.444],[-64.031,58.366],[-64.159,58.371],[-64.218,58.248],[-64.422,58.187],[-64.412,58.061],[-64.269,58.061],[-64.163,57.923],[-64.117,57.811],[-63.939,57.789],[-63.883,57.713],[-63.693,57.653],[-63.775,57.494],[-63.701,57.368],[-63.856,57.334],[-63.883,57.278],[-63.737,57.222],[-63.812,57.079],[-63.89,57.086],[-63.914,56.978],[-63.899,56.877],[-64.003,56.862],[-64.013,56.779],[-64.145,56.7],[-64.05,56.606],[-63.931,56.534],[-63.931,56.466],[-63.993,56.408],[-64.115,56.402],[-64.149,56.303],[-63.863,56.213],[-64.036,56.155],[-63.953,56.088],[-63.884,56.137],[-63.811,56.085],[-63.637,56.024],[-63.625,55.967],[-63.793,55.931],[-63.845,55.879],[-63.667,55.788],[-63.728,55.695],[-63.663,55.599],[-63.691,55.509],[-63.793,55.467],[-63.665,55.423],[-63.479,55.429],[-63.325,55.366],[-63.574,55.34],[-63.679,55.267],[-63.563,55.243],[-63.616,55.069],[-63.612,54.92],[-63.792,54.956],[-63.853,54.876],[-63.817,54.817],[-63.924,54.778],[-63.803,54.726],[-63.813,54.651],[-63.898,54.601],[-64.054,54.601],[-64.178,54.721],[-64.397,54.791],[-64.496,54.791],[-64.557,54.714],[-64.801,54.756],[-64.761,54.83],[-64.915,54.92],[-65.086,54.97],[-65.174,54.914],[-65.21,54.848],[-65.336,54.852],[-65.435,54.784],[-65.456,54.729],[-65.647,54.753],[-65.757,54.787],[-65.851,54.851],[-65.85,54.927],[-66.031,54.942],[-66.236,54.992],[-66.445,55.141],[-66.493,55.203],[-66.618,55.278],[-66.808,55.357],[-66.824,55.307],[-66.755,55.215],[-66.735,55.044],[-66.766,55],[-66.603,54.814],[-66.669,54.71],[-66.876,54.816],[-66.927,54.802],[-67.273,55.024],[-67.273,55.076],[-67.41,55.089],[-67.464,55.063],[-67.259,54.834],[-67.063,54.693],[-67.139,54.625],[-67.28,54.592],[-67.266,54.538],[-67.358,54.517],[-67.429,54.569],[-67.5,54.482],[-67.772,54.442],[-67.676,54.319],[-67.644,54.161],[-67.765,54.157],[-67.821,54.02],[-67.596,53.922],[-67.609,53.869],[-67.498,53.837],[-67.557,53.78],[-67.516,53.729],[-67.426,53.704],[-67.377,53.597],[-67.219,53.53],[-67.036,53.529],[-66.938,53.473],[-66.924,53.419],[-67.027,53.335],[-66.953,53.29],[-67.014,53.16],[-67.049,53.14],[-67.218,53.15],[-67.385,53.132],[-67.345,52.981],[-67.245,52.98],[-67.321,52.965],[-67.352,52.937],[-67.325,52.878],[-67.269,52.878],[-67.227,52.842],[-67.063,52.875],[-67.069,52.778],[-66.949,52.76],[-66.851,52.675],[-66.754,52.752],[-66.647,52.784],[-66.665,52.831],[-66.626,52.954],[-66.57,52.937],[-66.37,53.025],[-66.258,52.869],[-66.416,52.858],[-66.308,52.729],[-66.44,52.636],[-66.366,52.556],[-66.393,52.476],[-66.342,52.397],[-66.491,52.342],[-66.324,52.132],[-66.268,52.15],[-66.313,52.286],[-66.098,52.195],[-66.066,52.098],[-65.97,52.057],[-65.877,52.11],[-65.668,52.117],[-65.651,52.055],[-65.496,52.05],[-65.349,51.942],[-65.399,51.902],[-65.254,51.861],[-65.18,51.766],[-64.925,51.778],[-64.71,51.756],[-64.549,51.574],[-64.423,51.676],[-64.337,51.665],[-64.274,51.742],[-64.353,51.849],[-64.323,52.005],[-64.252,52.08],[-64.201,52.177],[-64.218,52.257],[-64.109,52.394],[-64.152,52.52],[-64.14,52.727],[-63.937,52.731],[-63.873,52.774],[-63.721,52.77],[-63.61,52.844],[-63.576,52.761],[-63.459,52.718],[-63.432,52.645],[-63.596,52.649],[-63.95,52.607],[-64.046,52.56],[-64.097,52.473],[-64.013,52.363],[-63.769,52.279],[-63.712,52.198],[-63.677,52.083],[-63.841,52.057],[-63.801,51.998],[-57.108,51.999],[-57.109,51.416]]]]},"properties":{"PRUID":"10","PRENAME":"Newfoundland and Labrador"}},
{"type":"Feature","geometry":{"type":"Polygon","coordinates":[[[-61.986,46.463],[-62.164,46.486],[-62.377,46.468],[-62.629,46.468],[-62.97,46.413],[-63.138,46.431],[-63.269,46.425],[-63.327,46.495],[-63.516,46.47],[-63.505,46.535],[-63.667,46.568],[-63.812,46.455],[-63.833,46.58],[-63.984,46.729],[-64.066,46.749],[-64.066,46.808],[-63.975,46.881],[-63.994,46.947],[-64.057,47],[-64.188,46.935],[-64.28,46.812],[-64.399,46.724],[-64.382,46.615],[-64.218,46.63],[-64.052,46.571],[-64.112,46.523],[-64.135,46.402],[-63.982,46.388],[-63.748,46.396],[-63.774,46.34],[-63.654,46.22],[-63.453,46.187],[-63.253,46.129],[-63.131,46.196],[-63.018,46.192],[-62.949,46.121],[-63.019,46.068],[-62.905,46.024],[-62.852,45.974],[-62.727,45.964],[-62.518,45.973],[-62.449,46.09],[-62.509,46.209],[-62.408,46.213],[-62.337,46.34],[-62.183,46.348],[-61.986,46.463]]]},"properties":{"PRUID":"11","PRENAME":"Prince Edward Island"}},
{"type":"Feature","geometry":{"type":"MultiPolygon","coordinates":[[[[-60.891,45.577],[-61.022,45.594],[-61.103,45.557],[-61.092,45.514],[-60.989,45.512],[-60.891,45.577]]],[[[-60.287,46.31],[-60.362,46.325],[-60.552,46.187],[-60.598,46.091],[-60.412,46.226],[-60.346,46.224],[-60.295,46.252],[-60.287,46.31]]],[[[-64.159,45.975],[-64.274,45.837],[-64.382,45.795],[-64.449,45.736],[-64.453,45.685],[-64.675,45.54],[-64.849,45.479],[-64.914,45.43],[-64.945,45.328],[-64.835,45.353],[-64.768,45.304],[-64.706,45.316],[-64.688,45.378],[-64.546,45.405],[-64.392,45.364],[-64.326,45.403],[-64.085,45.403],[-63.868,45.38],[-63.779,45.403],[-63.602,45.393],[-63.452,45.364],[-63.49,45.315],[-63.715,45.323],[-63.9,45.278],[-64.174,45.186],[-64.224,45.108],[-64.46,45.243],[-64.762,45.17],[-64.95,45.103],[-65.646,44.767],[-65.919,44.609],[-65.846,44.57],[-66.023,44.444],[-66.118,44.346],[-66.141,44.222],[-66.213,44.109],[-66.154,44.003],[-66.14,43.795],[-66.083,43.741],[-65.964,43.745],[-65.922,43.814],[-65.84,43.718],[-65.763,43.666],[-65.786,43.566],[-65.731,43.492],[-65.611,43.52],[-65.49,43.488],[-65.351,43.563],[-65.323,43.691],[-65.099,43.714],[-65.028,43.695],[-64.791,43.893],[-64.62,44.074],[-64.492,44.14],[-64.369,44.26],[-64.29,44.26],[-64.307,44.368],[-64.344,44.437],[-64.304,44.569],[-64.22,44.533],[-64.14,44.567],[-64.037,44.569],[-64.054,44.621],[-63.924,44.671],[-63.938,44.506],[-63.737,44.465],[-63.551,44.469],[-63.57,44.649],[-63.452,44.589],[-63.405,44.646],[-63.282,44.628],[-63.238,44.68],[-63.063,44.714],[-62.891,44.725],[-62.816,44.782],[-62.656,44.787],[-62.489,44.89],[-62.334,44.906],[-62.139,44.967],[-62.065,44.962],[-61.884,45.027],[-61.785,45.094],[-61.654,45.09],[-61.542,45.169],[-61.47,45.149],[-61.346,45.245],[-61.045,45.238],[-60.984,45.337],[-61.149,45.359],[-61.379,45.343],[-61.493,45.368],[-61.263,45.454],[-61.221,45.6],[-61.166,45.565],[-60.976,45.617],[-60.764,45.609],[-60.747,45.573],[-60.623,45.613],[-60.423,45.643],[-60.322,45.707],[-60.258,45.707],[-60.173,45.782],[-60.151,45.878],[-59.992,45.875],[-59.929,45.934],[-59.82,45.941],[-59.847,45.993],[-59.968,46.035],[-59.896,46.078],[-59.853,46.161],[-59.881,46.192],[-60.127,46.268],[-60.283,46.289],[-60.289,46.247],[-60.32,46.209],[-60.389,46.202],[-60.513,46.094],[-60.796,45.96],[-60.699,45.901],[-60.51,45.966],[-60.745,45.793],[-60.747,45.731],[-60.94,45.772],[-61.089,45.702],[-61.151,45.757],[-61.021,45.832],[-60.913,45.869],[-60.942,45.922],[-60.813,45.946],[-60.83,46.039],[-60.891,46.065],[-60.649,46.116],[-60.44,46.29],[-60.448,46.346],[-60.522,46.374],[-60.458,46.431],[-60.409,46.549],[-60.351,46.615],[-60.405,46.675],[-60.325,46.744],[-60.303,46.85],[-60.426,46.874],[-60.47,46.995],[-60.616,47.032],[-60.704,46.902],[-60.795,46.828],[-60.891,46.788],[-60.962,46.689],[-61.053,46.618],[-61.03,46.591],[-61.185,46.357],[-61.324,46.229],[-61.416,46.193],[-61.484,46.093],[-61.553,46.041],[-61.464,45.744],[-61.488,45.693],[-61.569,45.692],[-61.584,45.637],[-61.735,45.627],[-61.87,45.68],[-61.935,45.888],[-62.086,45.787],[-62.268,45.705],[-62.547,45.644],[-62.688,45.74],[-62.68,45.765],[-63.081,45.782],[-63.194,45.732],[-63.305,45.728],[-63.359,45.798],[-63.467,45.878],[-63.671,45.876],[-63.799,45.897],[-63.91,45.983],[-64.047,45.977],[-64.159,45.975]]]]},"properties":{"PRUID":"12","PRENAME":"Nova Scotia"}},
{"type":"Feature","geometry":{"type":"MultiPolygon","coordinates":[[[[-66.776,44.8],[-66.861,44.723],[-66.839,44.651],[-66.761,44.655],[-66.735,44.711],[-66.776,44.8]]],[[[-64.503,47.883],[-64.63,47.887],[-64.688,47.858],[-64.698,47.757],[-64.615,47.741],[-64.537,47.81],[-64.503,47.883]]],[[[-64.047,45.977],[-64.111,46.018],[-64.015,46.057],[-63.923,46.051],[-63.772,46.102],[-63.819,46.159],[-63.883,46.144],[-63.979,46.183],[-64.144,46.184],[-64.266,46.236],[-64.415,46.237],[-64.556,46.219],[-64.566,46.324],[-64.616,46.336],[-64.614,46.414],[-64.671,46.466],[-64.723,46.584],[-64.718,46.688],[-64.835,46.691],[-64.901,46.745],[-64.946,46.869],[-64.812,46.975],[-64.827,47.056],[-65.011,47.084],[-65.145,47.039],[-65.28,47.057],[-65.267,47.116],[-65.134,47.191],[-65.015,47.286],[-64.871,47.468],[-64.905,47.554],[-64.758,47.674],[-64.666,47.718],[-64.803,47.804],[-64.978,47.832],[-65.19,47.818],[-65.359,47.756],[-65.45,47.689],[-65.621,47.657],[-65.699,47.712],[-65.707,47.783],[-65.765,47.864],[-65.851,47.908],[-66.083,47.925],[-66.11,47.956],[-66.34,48.006],[-66.362,48.072],[-66.469,48.063],[-66.54,48.028],[-66.743,47.984],[-66.921,47.985],[-66.944,47.903],[-67.059,47.936],[-67.211,47.875],[-67.305,47.886],[-67.337,47.872],[-67.393,47.868],[-67.608,47.937],[-67.598,48],[-68.123,48],[-68.123,47.916],[-68.382,47.916],[-68.384,47.553],[-68.568,47.427],[-68.8,47.349],[-69.05,47.3],[-69.05,47.26],[-68.903,47.18],[-68.722,47.246],[-68.617,47.244],[-68.579,47.288],[-68.492,47.303],[-68.379,47.288],[-68.374,47.35],[-68.228,47.354],[-68.042,47.254],[-67.88,47.104],[-67.79,47.066],[-67.781,45.943],[-67.805,45.795],[-67.675,45.635],[-67.566,45.599],[-67.478,45.634],[-67.416,45.572],[-67.432,45.52],[-67.503,45.487],[-67.418,45.375],[-67.486,45.285],[-67.403,45.16],[-67.346,45.127],[-67.161,45.169],[-67.104,45.123],[-67.034,45.168],[-66.868,45.121],[-66.92,45.072],[-66.647,45.077],[-66.515,45.139],[-66.458,45.058],[-66.25,45.144],[-66.151,45.22],[-66,45.244],[-65.909,45.194],[-65.816,45.264],[-65.555,45.313],[-65.472,45.374],[-65.197,45.498],[-64.977,45.56],[-64.865,45.632],[-64.793,45.619],[-64.571,45.85],[-64.489,45.807],[-64.332,45.869],[-64.255,45.88],[-64.159,45.975],[-64.047,45.977]]]]},"properties":{"PRUID":"13","PRENAME":"New Brunswick"}},
{"type":"Feature","geometry":{"type":"MultiPolygon","coordinates":[[[[-61.409,47.631],[-61.555,47.621],[-61.715,47.53],[-61.847,47.434],[-61.961,47.385],[-61.88,47.345],[-61.862,47.424],[-61.553,47.619],[-61.494,47.591],[-61.409,47.631]]],[[[-69.238,59.163],[-69.347,59.135],[-69.272,59.074],[-69.303,58.997],[-69.151,59.016],[-69.164,59.146],[-69.238,59.163]]],[[[-70.797,47.023],[-70.938,46.996],[-71.099,46.893],[-71.003,46.858],[-70.879,46.927],[-70.797,47.023]]],[[[-73.529,45.698],[-73.733,45.676],[-73.886,45.526],[-73.767,45.513],[-73.678,45.557],[-73.635,45.631],[-73.529,45.698]]],[[[-73.478,45.701],[-73.619,45.631],[-73.679,45.549],[-73.76,45.506],[-73.846,45.517],[-73.938,45.472],[-73.947,45.402],[-73.792,45.448],[-73.669,45.431],[-73.553,45.493],[-73.506,45.581],[-73.478,45.701]]],[[[-74.343,45.205],[-74.203,45.254],[-74.086,45.223],[-74.004,45.234],[-73.918,45.319],[-74.006,45.365],[-74.067,45.442],[-74.239,45.496],[-74.336,45.497],[-74.379,45.562],[-74.472,45.303],[-74.343,45.205]]],[[[-62.687,49.643],[-63.013,49.752],[-63.38,49.827],[-63.871,49.877],[-64.149,49.952],[-64.463,49.913],[-64.524,49.864],[-64.331,49.809],[-64.272,49.759],[-63.983,49.698],[-63.824,49.637],[-63.634,49.513],[-63.596,49.391],[-63.294,49.323],[-63.223,49.275],[-63.077,49.227],[-62.76,49.159],[-62.537,49.134],[-62.247,49.062],[-62.087,49.076],[-61.825,49.064],[-61.669,49.133],[-61.719,49.197],[-61.839,49.283],[-61.896,49.352],[-62.247,49.422],[-62.253,49.455],[-62.397,49.485],[-62.513,49.588],[-62.687,49.643]]],[[[-66.921,47.985],[-66.787,47.992],[-66.579,48.045],[-66.475,48.121],[-66.264,48.103],[-66.048,48.111],[-65.958,48.195],[-65.907,48.203],[-65.814,48.122],[-65.552,48.075],[-65.448,48.004],[-65.329,48.002],[-65.168,48.043],[-64.949,48.151],[-64.937,48.177],[-64.773,48.206],[-64.673,48.347],[-64.506,48.397],[-64.317,48.418],[-64.315,48.474],[-64.218,48.5],[-64.296,48.597],[-64.168,48.624],[-64.262,48.707],[-64.376,48.769],[-64.375,48.849],[-64.243,48.805],[-64.201,48.856],[-64.383,48.999],[-64.609,49.111],[-64.744,49.134],[-64.851,49.187],[-65.048,49.224],[-65.555,49.257],[-65.805,49.223],[-65.965,49.228],[-66.239,49.197],[-66.478,49.13],[-66.65,49.114],[-67.161,48.942],[-67.369,48.899],[-67.479,48.856],[-67.834,48.751],[-67.962,48.685],[-68.166,48.645],[-68.355,48.548],[-68.473,48.521],[-68.58,48.443],[-68.759,48.354],[-68.953,48.29],[-69.105,48.193],[-69.135,48.153],[-69.266,48.088],[-69.348,48.014],[-69.394,48.018],[-69.55,47.877],[-69.628,47.748],[-69.744,47.674],[-69.778,47.621],[-69.903,47.527],[-70.025,47.486],[-70.056,47.374],[-70.193,47.309],[-70.242,47.238],[-70.5,47.01],[-70.628,46.98],[-70.841,46.885],[-70.987,46.835],[-71.164,46.833],[-71.207,46.774],[-71.347,46.718],[-71.489,46.693],[-71.693,46.629],[-71.778,46.63],[-71.846,46.671],[-72.014,46.563],[-72.108,46.561],[-72.206,46.508],[-72.248,46.418],[-72.448,46.376],[-72.666,46.243],[-72.652,46.208],[-72.802,46.139],[-72.872,46.134],[-72.98,46.072],[-73.148,46.042],[-73.23,45.865],[-73.433,45.715],[-73.462,45.593],[-73.527,45.533],[-73.512,45.407],[-73.685,45.417],[-73.827,45.329],[-73.906,45.303],[-73.993,45.229],[-74.05,45.215],[-74.158,45.225],[-74.223,45.176],[-74.322,45.167],[-74.408,45.126],[-74.436,45.057],[-74.637,44.999],[-74.15,44.991],[-73.091,45.015],[-72.255,45.004],[-71.505,45.013],[-71.498,45.071],[-71.36,45.27],[-71.297,45.299],[-71.23,45.249],[-71.147,45.24],[-71.098,45.302],[-70.952,45.339],[-70.893,45.239],[-70.812,45.304],[-70.826,45.398],[-70.754,45.428],[-70.66,45.378],[-70.622,45.403],[-70.723,45.512],[-70.687,45.569],[-70.558,45.667],[-70.384,45.734],[-70.417,45.795],[-70.259,45.89],[-70.318,46.019],[-70.236,46.145],[-70.293,46.191],[-70.192,46.35],[-70.057,46.416],[-69.999,46.702],[-69.225,47.46],[-69.051,47.426],[-69.051,47.3],[-68.8,47.349],[-68.568,47.427],[-68.384,47.553],[-68.382,47.916],[-68.123,47.916],[-68.123,48],[-67.598,48],[-67.608,47.937],[-67.393,47.868],[-67.337,47.872],[-67.305,47.886],[-67.211,47.875],[-67.059,47.936],[-66.944,47.903],[-66.921,47.985]]],[[[-64.455,50.323],[-64.34,50.283],[-64.165,50.255],[-64.09,50.291],[-63.715,50.288],[-63.612,50.237],[-63.48,50.25],[-63.223,50.221],[-63.195,50.284],[-62.569,50.264],[-62.408,50.292],[-62.001,50.209],[-61.903,50.233],[-61.839,50.212],[-61.81,50.127],[-61.739,50.086],[-61.298,50.193],[-61.107,50.209],[-60.949,50.247],[-60.758,50.244],[-60.609,50.201],[-60.42,50.248],[-60.294,50.222],[-60.191,50.251],[-59.941,50.269],[-59.849,50.319],[-59.903,50.371],[-59.806,50.427],[-59.58,50.475],[-59.563,50.521],[-59.474,50.557],[-59.43,50.657],[-59.342,50.651],[-59.263,50.757],[-59.018,50.768],[-58.953,50.815],[-58.993,50.881],[-58.956,50.913],[-58.923,51.056],[-58.841,51.053],[-58.565,51.179],[-58.638,51.198],[-58.478,51.297],[-58.233,51.264],[-58.025,51.304],[-57.774,51.419],[-57.691,51.42],[-57.495,51.466],[-57.247,51.489],[-57.172,51.407],[-57.109,51.416],[-57.108,51.999],[-63.801,51.998],[-63.841,52.057],[-63.677,52.083],[-63.712,52.198],[-63.769,52.279],[-64.013,52.363],[-64.097,52.473],[-64.046,52.56],[-63.95,52.607],[-63.596,52.649],[-63.432,52.645],[-63.459,52.718],[-63.576,52.761],[-63.61,52.844],[-63.721,52.77],[-63.873,52.774],[-63.937,52.731],[-64.14,52.727],[-64.152,52.52],[-64.109,52.394],[-64.218,52.257],[-64.201,52.177],[-64.252,52.08],[-64.323,52.005],[-64.353,51.849],[-64.274,51.742],[-64.337,51.665],[-64.423,51.676],[-64.549,51.574],[-64.71,51.756],[-64.925,51.778],[-65.18,51.766],[-65.254,51.861],[-65.399,51.902],[-65.349,51.942],[-65.496,52.05],[-65.651,52.055],[-65.668,52.117],[-65.877,52.11],[-65.97,52.057],[-66.066,52.098],[-66.098,52.195],[-66.313,52.286],[-66.268,52.15],[-66.324,52.132],[-66.491,52.342],[-66.342,52.397],[-66.393,52.476],[-66.366,52.556],[-66.44,52.636],[-66.308,52.729],[-66.416,52.858],[-66.258,52.869],[-66.37,53.025],[-66.57,52.937],[-66.626,52.954],[-66.665,52.831],[-66.647,52.784],[-66.754,52.752],[-66.851,52.675],[-66.949,52.76],[-67.069,52.778],[-67.063,52.875],[-67.227,52.842],[-67.269,52.878],[-67.317,52.875],[-67.336,52.89],[-67.333,52.907],[-67.356,52.929],[-67.333,52.96],[-67.245,52.98],[-67.345,52.981],[-67.385,53.132],[-67.218,53.15],[-67.049,53.14],[-67.014,53.16],[-66.953,53.29],[-67.027,53.335],[-66.924,53.419],[-66.938,53.473],[-67.036,53.529],[-67.219,53.53],[-67.377,53.597],[-67.426,53.704],[-67.516,53.729],[-67.557,53.78],[-67.498,53.837],[-67.609,53.869],[-67.596,53.922],[-67.821,54.02],[-67.765,54.157],[-67.644,54.161],[-67.676,54.319],[-67.772,54.442],[-67.5,54.482],[-67.429,54.569],[-67.358,54.517],[-67.266,54.538],[-67.28,54.592],[-67.139,54.625],[-67.063,54.693],[-67.259,54.834],[-67.464,55.063],[-67.41,55.089],[-67.273,55.076],[-67.273,55.024],[-66.927,54.802],[-66.876,54.816],[-66.669,54.71],[-66.603,54.814],[-66.766,55],[-66.735,55.044],[-66.755,55.215],[-66.824,55.307],[-66.808,55.357],[-66.618,55.278],[-66.493,55.203],[-66.445,55.141],[-66.236,54.992],[-66.031,54.942],[-65.85,54.927],[-65.851,54.851],[-65.757,54.787],[-65.647,54.753],[-65.456,54.729],[-65.435,54.784],[-65.336,54.852],[-65.21,54.848],[-65.174,54.914],[-65.086,54.97],[-64.915,54.92],[-64.761,54.83],[-64.801,54.756],[-64.557,54.714],[-64.496,54.791],[-64.397,54.791],[-64.178,54.721],[-64.054,54.601],[-63.898,54.601],[-63.813,54.651],[-63.803,54.726],[-63.924,54.778],[-63.817,54.817],[-63.853,54.876],[-63.792,54.956],[-63.612,54.92],[-63.616,55.069],[-63.563,55.243],[-63.679,55.267],[-63.574,55.34],[-63.325,55.366],[-63.479,55.429],[-63.665,55.423],[-63.793,55.467],[-63.691,55.509],[-63.663,55.599],[-63.728,55.695],[-63.667,55.788],[-63.845,55.879],[-63.793,55.931],[-63.625,55.967],[-63.637,56.024],[-63.811,56.085],[-63.884,56.137],[-63.953,56.088],[-64.036,56.155],[-63.863,56.213],[-64.149,56.303],[-64.115,56.402],[-63.993,56.408],[-63.931,56.466],[-63.931,56.534],[-64.05,56.606],[-64.145,56.7],[-64.013,56.779],[-64.003,56.862],[-63.899,56.877],[-63.914,56.978],[-63.89,57.086],[-63.812,57.079],[-63.737,57.222],[-63.883,57.278],[-63.856,57.334],[-63.701,57.368],[-63.775,57.494],[-63.693,57.653],[-63.883,57.713],[-63.939,57.789],[-64.117,57.811],[-64.163,57.923],[-64.269,58.061],[-64.412,58.061],[-64.422,58.187],[-64.218,58.248],[-64.159,58.371],[-64.031,58.366],[-63.987,58.444],[-63.881,58.429],[-63.887,58.572],[-64.034,58.523],[-64.105,58.563],[-64.108,58.64],[-64.047,58.703],[-63.63,58.715],[-63.492,58.769],[-63.551,58.837],[-63.778,58.884],[-63.862,58.832],[-64.045,58.81],[-64.087,58.756],[-64.23,58.784],[-64.234,58.864],[-64.288,58.897],[-64.456,58.908],[-64.55,58.887],[-64.652,58.944],[-64.821,58.917],[-64.865,59.015],[-64.779,59.075],[-64.683,59.075],[-64.46,58.982],[-64.262,59.013],[-64.376,59.093],[-64.498,59.106],[-64.489,59.257],[-64.544,59.31],[-64.512,59.423],[-64.324,59.513],[-64.434,59.542],[-64.68,59.447],[-64.84,59.553],[-64.898,59.642],[-64.749,59.717],[-64.825,59.826],[-64.662,59.953],[-64.84,59.97],[-64.888,60.042],[-64.743,60.056],[-64.594,60.117],[-64.602,60.167],[-64.75,60.188],[-64.862,60.258],[-64.707,60.303],[-64.731,60.366],[-64.853,60.359],[-64.858,60.287],[-64.959,60.253],[-65.002,60.124],[-65.138,60.052],[-65.144,59.965],[-65.212,59.824],[-65.43,59.81],[-65.523,59.716],[-65.387,59.5],[-65.472,59.464],[-65.434,59.357],[-65.571,59.344],[-65.471,59.254],[-65.722,59.284],[-65.714,59.171],[-65.592,59.058],[-65.825,58.958],[-66,58.914],[-65.809,58.859],[-65.881,58.827],[-65.976,58.861],[-66.07,58.834],[-66,58.669],[-66.077,58.678],[-66.232,58.796],[-66.335,58.83],[-66.454,58.831],[-66.444,58.714],[-66.528,58.704],[-66.613,58.62],[-66.62,58.5],[-66.732,58.511],[-66.853,58.424],[-67.005,58.451],[-67.045,58.384],[-67.179,58.367],[-67.456,58.29],[-67.582,58.226],[-67.753,58.311],[-67.706,58.345],[-67.716,58.451],[-67.793,58.436],[-67.887,58.336],[-67.937,58.415],[-67.902,58.502],[-68.126,58.532],[-68.341,58.595],[-68.348,58.781],[-68.473,58.817],[-68.581,58.898],[-68.76,58.92],[-68.86,58.88],[-69.252,58.904],[-69.386,58.873],[-69.407,58.819],[-69.612,58.768],[-69.642,58.707],[-69.724,58.68],[-69.813,58.583],[-69.928,58.689],[-70.065,58.768],[-70.03,58.809],[-69.789,58.828],[-69.809,58.958],[-69.658,58.947],[-69.68,58.809],[-69.546,58.81],[-69.437,58.904],[-69.464,59.009],[-69.348,59.091],[-69.376,59.125],[-69.538,59.154],[-69.454,59.225],[-69.353,59.245],[-69.227,59.23],[-69.289,59.338],[-69.441,59.355],[-69.629,59.35],[-69.684,59.484],[-69.747,59.509],[-69.639,59.588],[-69.518,59.617],[-69.499,59.671],[-69.661,59.693],[-69.554,59.743],[-69.594,59.839],[-69.726,59.897],[-69.713,59.962],[-69.807,60.064],[-69.627,60.092],[-69.595,60.165],[-69.646,60.262],[-69.735,60.341],[-69.71,60.458],[-69.802,60.512],[-69.626,60.581],[-69.649,60.697],[-69.38,60.821],[-69.503,61.068],[-69.611,61.079],[-69.684,60.95],[-69.644,60.877],[-69.833,60.887],[-69.9,60.8],[-70.065,60.833],[-70.094,60.971],[-70.199,61.08],[-70.405,61.09],[-70.553,61.048],[-70.762,61.083],[-70.862,61.068],[-70.935,61.116],[-71.115,61.117],[-71.343,61.158],[-71.438,61.224],[-71.736,61.292],[-71.663,61.406],[-71.781,61.531],[-71.54,61.565],[-71.551,61.617],[-71.808,61.695],[-71.981,61.678],[-72.007,61.727],[-72.198,61.836],[-72.21,61.875],[-72.444,61.898],[-72.567,61.951],[-72.625,62.044],[-72.612,62.111],[-72.751,62.144],[-73.058,62.183],[-73.19,62.28],[-73.383,62.376],[-73.547,62.388],[-73.672,62.48],[-73.846,62.465],[-73.99,62.361],[-74.08,62.354],[-74.422,62.242],[-74.706,62.255],[-74.748,62.209],[-74.915,62.253],[-75.342,62.317],[-75.453,62.304],[-75.531,62.25],[-75.659,62.297],[-75.809,62.308],[-75.948,62.353],[-76.091,62.36],[-76.308,62.419],[-76.554,62.458],[-76.797,62.522],[-77.033,62.532],[-77.512,62.582],[-77.675,62.513],[-77.723,62.465],[-77.927,62.389],[-78.09,62.363],[-78.168,62.244],[-78.159,62.013],[-78.075,61.917],[-78.093,61.867],[-77.995,61.699],[-77.794,61.678],[-77.728,61.593],[-77.552,61.481],[-77.624,61.459],[-77.813,61.463],[-77.76,61.34],[-77.757,61.192],[-77.826,61.144],[-77.829,61.05],[-77.987,60.994],[-78.2,60.853],[-78.227,60.784],[-78.093,60.793],[-77.872,60.76],[-77.649,60.786],[-77.708,60.69],[-77.831,60.659],[-77.799,60.592],[-77.585,60.498],[-77.676,60.483],[-77.774,60.405],[-77.595,60.324],[-77.58,60.199],[-77.504,60.129],[-77.615,60.111],[-77.636,60.058],[-77.506,60.028],[-77.403,60.046],[-77.297,59.988],[-77.379,59.919],[-77.359,59.806],[-77.511,59.744],[-77.55,59.674],[-77.727,59.685],[-77.75,59.528],[-77.89,59.507],[-77.851,59.418],[-77.753,59.405],[-77.842,59.279],[-77.988,59.262],[-78.129,59.214],[-78.132,59.099],[-78.317,59.05],[-78.317,58.974],[-78.396,58.91],[-78.58,58.898],[-78.508,58.799],[-78.482,58.576],[-78.37,58.598],[-78.297,58.524],[-78.056,58.427],[-78.069,58.381],[-77.857,58.331],[-77.607,58.232],[-77.497,58.212],[-77.395,58.098],[-77.334,58.088],[-77.092,57.94],[-77.05,57.867],[-76.928,57.77],[-76.867,57.627],[-76.695,57.438],[-76.574,57.186],[-76.55,57.096],[-76.569,56.924],[-76.536,56.789],[-76.53,56.644],[-76.558,56.555],[-76.518,56.452],[-76.548,56.301],[-76.626,56.238],[-76.642,56.147],[-76.728,56.017],[-76.798,56.001],[-76.83,55.93],[-77.198,55.668],[-77.229,55.59],[-77.42,55.492],[-77.553,55.396],[-77.745,55.313],[-77.784,55.265],[-78.274,55.08],[-78.317,55.042],[-78.552,54.991],[-78.581,54.96],[-78.834,54.913],[-78.98,54.833],[-79.227,54.798],[-79.622,54.701],[-79.644,54.637],[-79.527,54.612],[-79.54,54.553],[-79.504,54.414],[-79.43,54.267],[-79.282,54.235],[-79.252,54.185],[-79.117,54.139],[-79.057,54.092],[-79.093,54.024],[-78.997,53.916],[-79.059,53.878],[-79.036,53.786],[-79.091,53.708],[-79.054,53.663],[-79.071,53.589],[-78.884,53.557],[-79.136,53.503],[-79.112,53.465],[-78.986,53.442],[-78.906,53.197],[-78.992,53.017],[-78.828,52.958],[-78.872,52.902],[-78.793,52.814],[-78.724,52.79],[-78.795,52.72],[-78.707,52.548],[-78.567,52.514],[-78.505,52.362],[-78.564,52.29],[-78.518,52.242],[-78.582,52.104],[-78.715,52.051],[-78.729,51.966],[-78.857,51.94],[-78.853,51.824],[-79.044,51.764],[-78.928,51.646],[-78.826,51.572],[-78.828,51.51],[-78.763,51.483],[-78.894,51.392],[-78.87,51.333],[-78.951,51.298],[-78.981,51.461],[-79.096,51.533],[-79.245,51.545],[-79.227,51.645],[-79.361,51.657],[-79.429,51.599],[-79.54,51.553],[-79.524,51.471],[-79.51,47.544],[-79.587,47.433],[-79.427,47.25],[-79.435,47.084],[-79.347,47.008],[-79.33,46.957],[-79.224,46.843],[-79.171,46.825],[-79.094,46.688],[-79.015,46.627],[-78.99,46.549],[-78.917,46.482],[-78.727,46.383],[-78.728,46.342],[-78.697,46.32],[-78.388,46.292],[-78.31,46.253],[-78.135,46.275],[-77.796,46.198],[-77.675,46.199],[-77.566,46.159],[-77.279,46.016],[-77.278,45.949],[-77.19,45.864],[-76.988,45.787],[-76.913,45.804],[-76.895,45.898],[-76.765,45.851],[-76.77,45.734],[-76.659,45.561],[-76.501,45.519],[-76.366,45.458],[-76.245,45.469],[-76.201,45.519],[-76.09,45.514],[-75.987,45.48],[-75.895,45.402],[-75.818,45.373],[-75.683,45.459],[-75.343,45.537],[-75.236,45.587],[-75.035,45.594],[-74.928,45.646],[-74.724,45.628],[-74.636,45.639],[-74.53,45.594],[-74.381,45.57],[-74.329,45.516],[-74.181,45.529],[-74.116,45.466],[-74.049,45.459],[-73.883,45.534],[-73.779,45.655],[-73.728,45.682],[-73.47,45.714],[-73.364,45.822],[-73.27,45.886],[-73.195,45.981],[-73.189,46.067],[-73.095,46.142],[-72.847,46.267],[-72.584,46.3],[-72.465,46.392],[-72.267,46.451],[-72.245,46.518],[-72.18,46.568],[-72.038,46.588],[-71.882,46.69],[-71.693,46.667],[-71.537,46.714],[-71.272,46.755],[-71.2,46.852],[-71.058,46.929],[-70.886,47.042],[-70.743,47.088],[-70.573,47.273],[-70.552,47.33],[-70.453,47.426],[-70.231,47.488],[-70.148,47.652],[-69.991,47.703],[-69.803,47.915],[-69.765,48.055],[-69.583,48.213],[-69.467,48.27],[-69.322,48.413],[-69.232,48.573],[-69.147,48.563],[-69.085,48.637],[-69.045,48.764],[-68.98,48.768],[-68.784,48.889],[-68.637,48.901],[-68.638,49.004],[-68.585,49.06],[-68.193,49.099],[-68.183,49.155],[-68.027,49.28],[-67.585,49.327],[-67.381,49.316],[-67.225,49.485],[-67.235,49.595],[-67.166,49.669],[-67.149,49.809],[-67.044,49.823],[-66.965,49.913],[-66.975,49.962],[-66.893,50.021],[-66.74,50.038],[-66.711,50.111],[-66.515,50.16],[-66.543,50.21],[-66.45,50.266],[-66.365,50.185],[-66.238,50.213],[-66.117,50.187],[-65.95,50.291],[-65.82,50.25],[-65.542,50.272],[-65.239,50.306],[-64.875,50.26],[-64.546,50.283],[-64.455,50.323]]]]},"properties":{"PRUID":"24","PRENAME":"Quebec"}},
{"type":"Feature","geometry":{"type":"MultiPolygon","coordinates":[[[[-87.7,48.843],[-87.743,48.801],[-87.692,48.737],[-87.595,48.748],[-87.7,48.843]]],[[[-80.069,45.344],[-80.185,45.329],[-80.174,45.244],[-80.043,45.316],[-80.069,45.344]]],[[[-81.818,46.063],[-81.957,46.047],[-81.966,46.007],[-81.811,45.972],[-81.818,46.063]]],[[[-94.646,49.209],[-94.74,49.148],[-94.638,49.1],[-94.525,49.179],[-94.646,49.209]]],[[[-76.184,44.239],[-76.289,44.216],[-76.334,44.237],[-76.506,44.167],[-76.383,44.141],[-76.368,44.197],[-76.234,44.208],[-76.184,44.239]]],[[[-83.355,45.993],[-83.471,45.935],[-83.452,45.896],[-83.348,45.85],[-83.265,45.905],[-83.266,45.958],[-83.355,45.993]]],[[[-85.743,47.798],[-85.858,47.789],[-85.959,47.731],[-85.848,47.703],[-85.727,47.704],[-85.596,47.745],[-85.743,47.798]]],[[[-87.925,48.858],[-88.089,48.806],[-88.069,48.7],[-87.965,48.754],[-87.819,48.739],[-87.753,48.783],[-87.758,48.837],[-87.925,48.858]]],[[[-94.759,49.641],[-94.954,49.489],[-95.115,49.441],[-95.153,49.452],[-95.155,49.391],[-95.12,49.37],[-95.015,49.363],[-94.859,49.458],[-94.84,49.516],[-94.698,49.576],[-94.604,49.646],[-94.759,49.641]]],[[[-83.946,46.318],[-84.049,46.288],[-84.072,46.191],[-83.994,46.153],[-83.949,46.091],[-83.872,46.16],[-83.787,46.184],[-83.946,46.318]]],[[[-77.065,44.173],[-77.257,44.129],[-77.385,44.144],[-77.583,44.06],[-77.573,43.981],[-77.49,43.925],[-77.289,43.959],[-77.155,43.839],[-76.933,43.927],[-77.042,43.95],[-77.027,43.991],[-77.109,44.043],[-77.065,44.173]]],[[[-81.935,45.987],[-81.98,45.987],[-82.172,45.873],[-82.289,45.929],[-82.29,45.991],[-82.487,45.947],[-82.568,45.915],[-82.617,45.971],[-82.694,45.958],[-82.672,45.865],[-82.841,45.91],[-82.8,45.978],[-82.938,45.961],[-83.178,45.96],[-83.226,45.885],[-82.957,45.837],[-82.915,45.797],[-82.835,45.814],[-82.758,45.777],[-82.52,45.749],[-82.48,45.705],[-82.335,45.692],[-82.19,45.608],[-82.1,45.599],[-82.077,45.553],[-81.933,45.61],[-81.844,45.687],[-81.746,45.674],[-81.987,45.558],[-81.845,45.515],[-81.798,45.533],[-81.669,45.707],[-81.591,45.755],[-81.579,45.803],[-81.71,45.79],[-81.648,45.861],[-81.686,45.901],[-81.787,45.782],[-81.815,45.867],[-81.897,45.905],[-81.935,45.987]]],[[[-95.153,49.646],[-95.104,49.613],[-95.016,49.641],[-94.878,49.569],[-94.791,49.639],[-94.805,49.695],[-94.547,49.758],[-94.473,49.725],[-94.361,49.73],[-94.328,49.639],[-94.276,49.606],[-94.334,49.514],[-94.273,49.49],[-94.032,49.459],[-94.063,49.393],[-94.035,49.264],[-94.237,49.336],[-94.205,49.378],[-94.221,49.475],[-94.369,49.482],[-94.655,49.463],[-94.702,49.42],[-94.599,49.341],[-94.629,49.306],[-94.45,49.231],[-94.363,49.284],[-94.278,49.251],[-94.213,49.176],[-94.031,49.176],[-94.192,49.085],[-94.251,49.126],[-94.34,49.115],[-94.362,49.04],[-94.503,48.955],[-94.592,48.949],[-94.701,48.825],[-94.643,48.745],[-94.535,48.703],[-94.29,48.709],[-94.218,48.65],[-93.843,48.631],[-93.792,48.517],[-93.543,48.531],[-93.466,48.592],[-93.316,48.648],[-93.36,48.711],[-93.356,48.78],[-93.497,48.853],[-93.489,48.906],[-93.389,48.933],[-93.295,48.912],[-93.277,48.818],[-93.189,48.684],[-93.113,48.657],[-92.972,48.698],[-92.863,48.602],[-92.797,48.607],[-92.614,48.57],[-92.558,48.539],[-92.557,48.473],[-92.448,48.405],[-92.472,48.364],[-92.398,48.291],[-92.369,48.221],[-92.274,48.25],[-92.313,48.313],[-92.282,48.352],[-92.073,48.386],[-91.94,48.381],[-91.993,48.263],[-91.723,48.17],[-91.711,48.115],[-91.47,48.091],[-91.43,48.049],[-91.254,48.084],[-91.198,48.128],[-90.996,48.212],[-90.924,48.266],[-90.828,48.256],[-90.833,48.199],[-90.761,48.098],[-90.498,48.134],[-90.374,48.091],[-90.188,48.121],[-90.065,48.109],[-89.994,48.028],[-89.873,47.986],[-89.775,48.023],[-89.579,48.009],[-89.431,48.08],[-89.345,48.094],[-89.283,48.175],[-89.273,48.237],[-89.197,48.311],[-89.224,48.425],[-89.14,48.482],[-88.753,48.556],[-88.838,48.46],[-88.894,48.312],[-88.735,48.357],[-88.622,48.585],[-88.534,48.645],[-88.512,48.702],[-88.546,48.766],[-88.479,48.846],[-88.342,48.821],[-88.301,48.757],[-88.339,48.673],[-88.551,48.54],[-88.497,48.502],[-88.399,48.525],[-88.332,48.589],[-88.209,48.601],[-88.098,48.701],[-88.108,48.799],[-88.228,48.841],[-88.226,48.926],[-88.113,48.999],[-87.934,48.93],[-87.784,48.926],[-87.672,48.898],[-87.646,48.856],[-87.548,48.825],[-87.421,48.838],[-87.205,48.756],[-87.028,48.794],[-86.897,48.772],[-86.69,48.791],[-86.636,48.73],[-86.429,48.774],[-86.34,48.613],[-86.267,48.565],[-86.144,48.243],[-86.026,48.081],[-85.93,48.043],[-85.873,47.983],[-85.734,47.933],[-85.565,47.917],[-85.383,47.923],[-85.285,47.957],[-84.9,47.962],[-84.837,47.915],[-84.939,47.844],[-84.919,47.774],[-85.011,47.706],[-84.979,47.669],[-85.037,47.599],[-84.927,47.516],[-84.793,47.474],[-84.706,47.372],[-84.585,47.299],[-84.712,47.185],[-84.711,47.102],[-84.784,47.041],[-84.779,46.974],[-84.654,46.918],[-84.567,46.946],[-84.449,46.934],[-84.354,46.875],[-84.404,46.817],[-84.469,46.848],[-84.54,46.801],[-84.421,46.69],[-84.491,46.661],[-84.598,46.57],[-84.523,46.473],[-84.381,46.522],[-84.271,46.497],[-84.226,46.539],[-84.112,46.527],[-84.077,46.495],[-84.133,46.369],[-84.048,46.314],[-83.927,46.333],[-83.851,46.292],[-83.612,46.286],[-83.53,46.259],[-83.057,46.175],[-82.954,46.188],[-82.834,46.176],[-82.676,46.193],[-82.67,46.157],[-82.526,46.169],[-82.451,46.201],[-82.316,46.186],[-82.308,46.148],[-81.973,46.091],[-81.722,46.109],[-81.731,46.049],[-81.552,46.095],[-81.551,46.021],[-81.46,45.992],[-81.144,45.986],[-81.129,45.948],[-81.015,45.948],[-80.851,45.917],[-80.731,45.913],[-80.714,45.817],[-80.626,45.765],[-80.611,45.679],[-80.531,45.661],[-80.505,45.559],[-80.382,45.57],[-80.397,45.461],[-80.318,45.418],[-80.3,45.356],[-80.18,45.363],[-80.077,45.403],[-80.031,45.337],[-80.042,45.289],[-80.145,45.249],[-80.117,45.196],[-80.002,45.18],[-80.069,45.065],[-79.972,45.038],[-79.846,44.91],[-79.763,44.77],[-79.865,44.784],[-79.951,44.867],[-80.124,44.809],[-80.129,44.751],[-80.032,44.723],[-79.979,44.666],[-80.008,44.537],[-80.101,44.47],[-80.289,44.533],[-80.406,44.54],[-80.625,44.641],[-80.646,44.722],[-80.753,44.725],[-80.946,44.617],[-80.888,44.737],[-80.906,44.794],[-80.992,44.809],[-81.12,44.96],[-81.214,44.961],[-81.277,45.021],[-81.262,45.077],[-81.336,45.142],[-81.291,45.245],[-81.462,45.23],[-81.643,45.248],[-81.58,45.134],[-81.464,45.048],[-81.367,45.001],[-81.373,44.906],[-81.285,44.806],[-81.271,44.632],[-81.388,44.49],[-81.407,44.435],[-81.483,44.418],[-81.609,44.315],[-81.59,44.293],[-81.638,44.177],[-81.759,44.074],[-81.721,43.931],[-81.729,43.697],[-81.706,43.563],[-81.717,43.375],[-81.769,43.311],[-81.969,43.213],[-82.171,43.059],[-82.422,42.999],[-82.478,42.805],[-82.463,42.76],[-82.5,42.637],[-82.583,42.548],[-82.576,42.503],[-82.418,42.487],[-82.416,42.369],[-82.472,42.309],[-82.56,42.315],[-82.729,42.297],[-82.94,42.343],[-83.059,42.316],[-83.109,42.257],[-83.096,42.189],[-83.114,42.052],[-82.924,41.981],[-82.718,42.032],[-82.612,42.032],[-82.545,41.982],[-82.411,42.11],[-82.067,42.255],[-81.941,42.278],[-81.844,42.334],[-81.804,42.392],[-81.54,42.56],[-81.399,42.606],[-81.319,42.652],[-81.198,42.666],[-80.89,42.659],[-80.764,42.636],[-80.62,42.581],[-80.454,42.616],[-80.22,42.783],[-79.841,42.822],[-79.703,42.861],[-79.483,42.841],[-79.447,42.876],[-79.346,42.855],[-79.303,42.878],[-79.084,42.861],[-78.932,42.884],[-78.916,42.935],[-79.024,42.981],[-79.02,43.048],[-79.079,43.075],[-79.043,43.143],[-79.064,43.257],[-79.131,43.258],[-79.345,43.181],[-79.532,43.196],[-79.744,43.245],[-79.813,43.313],[-79.715,43.373],[-79.609,43.484],[-79.598,43.536],[-79.468,43.634],[-79.415,43.626],[-79.278,43.672],[-79.092,43.812],[-78.815,43.869],[-78.712,43.868],[-78.617,43.899],[-78.482,43.897],[-78.256,43.953],[-77.877,43.975],[-77.828,44.002],[-77.603,44.066],[-77.385,44.16],[-77.255,44.18],[-77.214,44.155],[-77.023,44.199],[-77.077,44.084],[-76.969,44.064],[-76.928,44.105],[-76.774,44.183],[-76.632,44.222],[-76.432,44.235],[-76.227,44.321],[-76.194,44.304],[-75.937,44.376],[-75.804,44.504],[-75.426,44.777],[-75.375,44.785],[-75.29,44.857],[-75.201,44.883],[-75.006,44.984],[-74.831,45.032],[-74.795,45.006],[-74.616,45.036],[-74.546,45.063],[-74.451,45.159],[-74.343,45.205],[-74.472,45.303],[-74.382,45.564],[-74.475,45.594],[-74.535,45.595],[-74.636,45.639],[-74.724,45.628],[-74.937,45.645],[-75.035,45.594],[-75.236,45.587],[-75.343,45.537],[-75.683,45.459],[-75.818,45.373],[-75.895,45.402],[-75.987,45.48],[-76.09,45.514],[-76.201,45.519],[-76.245,45.469],[-76.366,45.458],[-76.501,45.519],[-76.659,45.561],[-76.77,45.734],[-76.765,45.851],[-76.895,45.898],[-76.913,45.804],[-76.988,45.787],[-77.19,45.864],[-77.278,45.949],[-77.279,46.016],[-77.566,46.159],[-77.675,46.199],[-77.796,46.198],[-78.135,46.275],[-78.31,46.253],[-78.388,46.292],[-78.711,46.326],[-78.728,46.342],[-78.727,46.383],[-78.893,46.462],[-78.99,46.549],[-79.015,46.627],[-79.094,46.688],[-79.171,46.825],[-79.214,46.833],[-79.32,46.944],[-79.347,47.008],[-79.443,47.101],[-79.427,47.25],[-79.587,47.433],[-79.51,47.544],[-79.516,51.461],[-79.579,51.474],[-79.579,51.451],[-79.615,51.416],[-79.681,51.408],[-79.745,51.329],[-79.694,51.267],[-79.786,51.172],[-79.885,51.171],[-79.995,51.249],[-80.113,51.291],[-80.293,51.307],[-80.426,51.35],[-80.439,51.48],[-80.513,51.548],[-80.57,51.708],[-80.686,51.798],[-80.883,51.894],[-80.972,52.002],[-81.072,52.036],[-81.344,52.097],[-81.474,52.218],[-81.544,52.363],[-81.532,52.443],[-81.638,52.492],[-81.761,52.607],[-81.882,52.668],[-81.943,52.774],[-82.11,52.891],[-82.235,52.93],[-82.274,53.008],[-82.279,53.117],[-82.216,53.217],[-82.108,53.274],[-82.166,53.473],[-82.206,53.524],[-82.201,53.656],[-82.12,53.775],[-82.124,53.827],[-82.252,54.06],[-82.327,54.104],[-82.423,54.212],[-82.422,54.339],[-82.322,54.504],[-82.288,54.654],[-82.195,54.804],[-82.253,54.937],[-82.277,55.039],[-82.252,55.11],[-82.416,55.077],[-82.453,55.127],[-82.589,55.149],[-82.797,55.128],[-82.883,55.146],[-82.954,55.224],[-83.154,55.196],[-83.469,55.216],[-83.673,55.27],[-83.72,55.25],[-83.887,55.295],[-84.078,55.25],[-84.199,55.279],[-84.307,55.275],[-84.544,55.224],[-84.769,55.231],[-84.972,55.28],[-85.125,55.261],[-85.122,55.336],[-85.367,55.394],[-85.583,55.502],[-85.642,55.558],[-85.861,55.625],[-85.896,55.656],[-86.269,55.708],[-86.382,55.767],[-86.686,55.836],[-86.901,55.914],[-87.213,55.933],[-87.373,55.99],[-87.473,56.049],[-87.636,56.108],[-87.714,56.217],[-87.841,56.346],[-87.924,56.392],[-87.979,56.473],[-88.258,56.531],[-88.437,56.605],[-88.504,56.656],[-88.659,56.696],[-88.689,56.752],[-88.805,56.795],[-88.863,56.859],[-88.98,56.851],[-90.239,56.08],[-91.346,55.362],[-92.742,54.395],[-93.638,53.745],[-95.153,52.841],[-95.153,49.646]],[[-94.504,49.773],[-94.683,49.913],[-94.648,49.992],[-94.528,49.931],[-94.556,49.852],[-94.504,49.773]]]]},"properties":{"PRUID":"35","PRENAME":"Ontario"}},
{"type":"Feature","geometry":{"type":"Polygon","coordinates":[[[-94.798,59.011],[-94.779,59.156],[-94.825,59.213],[-94.772,59.28],[-94.813,59.342],[-94.71,59.383],[-94.812,59.545],[-94.832,59.707],[-94.772,59.786],[-94.853,59.963],[-94.828,60],[-102,60],[-102.004,55.809],[-101.964,55.809],[-101.964,55.46],[-101.924,55.46],[-101.924,55.112],[-101.885,55.112],[-101.885,54.763],[-101.847,54.763],[-101.847,54.414],[-101.81,54.414],[-101.81,54.064],[-101.771,54.064],[-101.771,53.711],[-101.735,53.711],[-101.736,53.366],[-101.701,53.366],[-101.701,53.016],[-101.672,53.016],[-101.672,52.667],[-101.638,52.667],[-101.638,52.318],[-101.609,52.318],[-101.61,51.969],[-101.578,51.969],[-101.571,51.302],[-101.539,51.302],[-101.539,50.949],[-101.509,50.948],[-101.509,50.594],[-101.477,50.594],[-101.477,50.241],[-101.447,50.241],[-101.448,49.887],[-101.418,49.887],[-101.418,49.533],[-101.393,49.533],[-101.391,49.178],[-101.362,49.178],[-101.362,48.999],[-95.232,49],[-95.281,49.055],[-95.283,49.132],[-95.153,49.176],[-95.154,49.589],[-95.153,49.603],[-95.153,49.646],[-95.153,52.841],[-93.638,53.745],[-92.742,54.395],[-91.346,55.362],[-90.239,56.08],[-88.98,56.851],[-89.197,56.88],[-89.361,56.923],[-89.466,56.919],[-90.01,57.024],[-90.636,57.238],[-90.871,57.265],[-91.159,57.252],[-91.958,57.052],[-92.195,57.069],[-92.393,57.055],[-92.715,56.953],[-92.546,57.1],[-92.449,57.237],[-92.424,57.353],[-92.459,57.46],[-92.728,57.799],[-92.868,58.169],[-92.922,58.198],[-93.114,58.475],[-93.167,58.724],[-93.301,58.752],[-93.593,58.766],[-93.641,58.788],[-93.838,58.763],[-94.286,58.775],[-94.335,58.713],[-94.428,58.703],[-94.518,58.819],[-94.604,58.858],[-94.605,58.918],[-94.798,59.011]]]},"properties":{"PRUID":"46","PRENAME":"Manitoba"}},
{"type":"Feature","geometry":{"type":"Polygon","coordinates":[[[-102,60],[-109.638,60],[-110,60],[-110.005,49],[-101.362,48.999],[-101.362,49.178],[-101.391,49.178],[-101.393,49.533],[-101.418,49.533],[-101.418,49.887],[-101.448,49.887],[-101.447,50.241],[-101.477,50.241],[-101.477,50.594],[-101.509,50.594],[-101.509,50.948],[-101.539,50.949],[-101.539,51.302],[-101.571,51.302],[-101.578,51.969],[-101.61,51.969],[-101.609,52.318],[-101.638,52.318],[-101.638,52.667],[-101.672,52.667],[-101.672,53.016],[-101.701,53.016],[-101.701,53.366],[-101.736,53.366],[-101.735,53.711],[-101.771,53.711],[-101.771,54.064],[-101.81,54.064],[-101.81,54.414],[-101.847,54.414],[-101.847,54.763],[-101.885,54.763],[-101.885,55.112],[-101.924,55.112],[-101.924,55.46],[-101.964,55.46],[-101.964,55.809],[-102.004,55.809],[-102,60]]]},"properties":{"PRUID":"47","PRENAME":"Saskatchewan"}},
{"type":"Feature","geometry":{"type":"Polygon","coordinates":[[[-110.005,49],[-110,59.953],[-110,60],[-120,60],[-120,53.806],[-119.916,53.717],[-119.793,53.706],[-119.713,53.615],[-119.861,53.557],[-119.725,53.389],[-119.598,53.384],[-119.356,53.34],[-119.341,53.287],[-119.251,53.199],[-119.029,53.164],[-118.975,53.242],[-118.787,53.159],[-118.77,53.075],[-118.641,52.999],[-118.613,52.936],[-118.448,52.885],[-118.402,52.843],[-118.422,52.776],[-118.29,52.678],[-118.355,52.634],[-118.333,52.58],[-118.236,52.49],[-118.219,52.374],[-118.138,52.408],[-118.044,52.398],[-118.013,52.484],[-117.887,52.426],[-117.767,52.418],[-117.706,52.365],[-117.84,52.274],[-117.818,52.226],[-117.664,52.198],[-117.611,52.144],[-117.334,52.149],[-117.196,51.979],[-117.103,51.957],[-117.011,51.89],[-116.976,51.76],[-116.921,51.71],[-116.819,51.739],[-116.749,51.805],[-116.659,51.805],[-116.585,51.713],[-116.595,51.662],[-116.5,51.628],[-116.465,51.566],[-116.391,51.546],[-116.361,51.471],[-116.284,51.457],[-116.268,51.312],[-116.008,51.222],[-116.009,51.126],[-115.692,51.029],[-115.562,50.894],[-115.639,50.838],[-115.436,50.756],[-115.414,50.711],[-115.312,50.724],[-115.208,50.528],[-115.155,50.573],[-115.015,50.582],[-114.862,50.394],[-114.769,50.359],[-114.77,50.25],[-114.725,50.19],[-114.736,50.12],[-114.658,50.03],[-114.692,49.896],[-114.64,49.828],[-114.677,49.696],[-114.668,49.637],[-114.702,49.637],[-114.752,49.609],[-114.696,49.547],[-114.574,49.557],[-114.605,49.439],[-114.591,49.396],[-114.488,49.347],[-114.492,49.314],[-114.399,49.21],[-114.161,49.155],[-114.153,49.1],[-114.064,49.045],[-114.054,49.027],[-114.068,48.999],[-110.005,49]]]},"properties":{"PRUID":"48","PRENAME":"Alberta"}},
{"type":"Feature","geometry":{"type":"MultiPolygon","coordinates":[[[[-128.01,51.732],[-128.087,51.659],[-127.961,51.656],[-128.01,51.732]]],[[[-128.438,52.545],[-128.42,52.462],[-128.281,52.52],[-128.438,52.545]]],[[[-124.364,49.526],[-124.366,49.476],[-124.284,49.455],[-124.239,49.506],[-124.364,49.526]]],[[[-123.424,49.527],[-123.438,49.45],[-123.325,49.457],[-123.357,49.53],[-123.424,49.527]]],[[[-125.966,50.442],[-125.927,50.414],[-125.79,50.409],[-125.796,50.476],[-125.966,50.442]]],[[[-125.785,50.401],[-125.743,50.377],[-125.499,50.407],[-125.504,50.436],[-125.525,50.446],[-125.657,50.413],[-125.785,50.401]]],[[[-128.51,52.883],[-128.553,52.709],[-128.476,52.705],[-128.453,52.808],[-128.51,52.883]]],[[[-130.629,54.774],[-130.531,54.701],[-130.436,54.757],[-130.493,54.826],[-130.629,54.774]]],[[[-128.4,52.458],[-128.456,52.361],[-128.363,52.371],[-128.289,52.417],[-128.286,52.479],[-128.4,52.458]]],[[[-128.108,52.438],[-128.203,52.281],[-128.047,52.319],[-128.108,52.438]]],[[[-124.741,50.308],[-124.814,50.234],[-124.711,50.162],[-124.643,50.234],[-124.741,50.308]]],[[[-124.136,49.76],[-124.206,49.673],[-124.093,49.646],[-124.082,49.714],[-124.136,49.76]]],[[[-125.487,50.429],[-125.452,50.348],[-125.383,50.367],[-125.322,50.442],[-125.487,50.429]]],[[[-127.983,52.302],[-128.041,52.176],[-127.915,52.164],[-127.917,52.252],[-127.983,52.302]]],[[[-128.116,52.159],[-128.101,52.09],[-127.943,52.076],[-127.913,52.151],[-128.116,52.159]]],[[[-131.115,52.152],[-131.109,52.001],[-130.94,52.077],[-131.053,52.15],[-131.115,52.152]]],[[[-125,50.239],[-124.973,50.198],[-125.045,50.112],[-124.974,50.071],[-124.882,50.065],[-124.895,50.141],[-125,50.239]]],[[[-126.919,50.833],[-126.736,50.765],[-126.612,50.804],[-126.61,50.846],[-126.919,50.833]]],[[[-128.186,52.211],[-128.282,52.104],[-128.238,52.015],[-128.134,52.086],[-128.143,52.186],[-128.186,52.211]]],[[[-130.895,54.635],[-130.974,54.547],[-130.944,54.467],[-130.776,54.551],[-130.895,54.635]]],[[[-126.678,50.55],[-126.609,50.524],[-126.434,50.513],[-126.246,50.539],[-126.355,50.583],[-126.54,50.547],[-126.678,50.55]]],[[[-126.227,49.393],[-126.241,49.333],[-126.189,49.262],[-126.081,49.275],[-126.08,49.36],[-126.128,49.398],[-126.227,49.393]]],[[[-128.344,52.784],[-128.271,52.674],[-128.173,52.724],[-128.22,52.792],[-128.344,52.784]]],[[[-129.534,53.185],[-129.561,53.132],[-129.47,53.1],[-129.431,53.012],[-129.303,52.966],[-129.316,53.047],[-129.394,53.088],[-129.486,53.19],[-129.534,53.185]]],[[[-125.282,50.445],[-125.393,50.349],[-125.352,50.291],[-125.267,50.328],[-125.216,50.298],[-125.129,50.332],[-125.158,50.387],[-125.282,50.445]]],[[[-128.765,52.473],[-128.733,52.314],[-128.616,52.332],[-128.624,52.458],[-128.765,52.473]]],[[[-131.69,52.733],[-131.605,52.583],[-131.458,52.641],[-131.488,52.739],[-131.69,52.733]]],[[[-124.919,50.305],[-124.98,50.246],[-124.81,50.114],[-124.751,50.159],[-124.822,50.219],[-124.825,50.281],[-124.919,50.305]]],[[[-123.595,48.945],[-123.549,48.866],[-123.571,48.821],[-123.518,48.79],[-123.563,48.761],[-123.487,48.714],[-123.367,48.771],[-123.422,48.849],[-123.595,48.945]]],[[[-129.023,53.53],[-129.06,53.437],[-129.151,53.347],[-128.928,53.328],[-128.92,53.397],[-129.023,53.53]]],[[[-130.201,55.03],[-130.276,54.953],[-130.489,54.826],[-130.415,54.768],[-130.275,54.85],[-130.153,54.958],[-130.201,55.03]]],[[[-129.274,53.326],[-129.256,53.269],[-129.345,53.207],[-129.342,53.134],[-129.278,53.079],[-129.14,53.117],[-129.172,53.284],[-129.274,53.326]]],[[[-128.39,52.805],[-128.449,52.631],[-128.442,52.548],[-128.294,52.523],[-128.289,52.685],[-128.39,52.805]]],[[[-131.927,53.016],[-131.899,52.937],[-131.818,52.867],[-131.692,52.865],[-131.603,52.963],[-131.663,52.999],[-131.82,53.037],[-131.927,53.016]]],[[[-125.381,50.279],[-125.325,50.178],[-125.35,50.157],[-125.197,50.024],[-125.191,50.164],[-125.138,50.192],[-125.239,50.306],[-125.381,50.279]]],[[[-130.312,53.797],[-130.304,53.751],[-130.409,53.674],[-130.155,53.568],[-130.103,53.584],[-130.123,53.696],[-130.231,53.726],[-130.312,53.797]]],[[[-128.549,52.677],[-128.583,52.599],[-128.693,52.57],[-128.738,52.51],[-128.499,52.431],[-128.466,52.477],[-128.549,52.677]]],[[[-124.633,49.8],[-124.62,49.722],[-124.499,49.672],[-124.436,49.62],[-124.141,49.489],[-124.148,49.537],[-124.259,49.61],[-124.358,49.709],[-124.5,49.735],[-124.633,49.8]]],[[[-128.1,51.688],[-128.151,51.6],[-128.087,51.48],[-128.005,51.479],[-127.938,51.427],[-127.876,51.463],[-127.915,51.608],[-127.956,51.647],[-128.098,51.656],[-128.1,51.688]]],[[[-128.11,52.071],[-128.205,51.964],[-128.185,51.902],[-128.059,51.819],[-127.968,51.928],[-127.95,52.061],[-128.11,52.071]]],[[[-129.088,53.673],[-129.181,53.619],[-129.183,53.431],[-128.956,53.584],[-128.89,53.559],[-128.873,53.717],[-129.088,53.673]]],[[[-126.418,50.808],[-126.603,50.7],[-126.62,50.66],[-126.479,50.639],[-126.271,50.654],[-126.213,50.771],[-126.229,50.822],[-126.332,50.834],[-126.418,50.808]]],[[[-129.29,52.822],[-129.222,52.64],[-129.07,52.516],[-128.944,52.476],[-128.931,52.613],[-129.215,52.803],[-129.29,52.822]]],[[[-130.55,54.057],[-130.6,54.034],[-130.61,53.948],[-130.435,53.834],[-130.24,53.935],[-130.246,53.992],[-130.415,54.102],[-130.55,54.057]]],[[[-126.959,49.837],[-126.89,49.779],[-126.951,49.732],[-126.827,49.618],[-126.614,49.59],[-126.676,49.828],[-126.808,49.873],[-126.959,49.837]]],[[[-127.37,52.405],[-127.47,52.32],[-127.617,52.269],[-127.771,52.242],[-127.883,52.095],[-127.899,51.978],[-127.71,51.966],[-127.638,52.143],[-127.311,52.263],[-127.214,52.322],[-127.231,52.419],[-127.37,52.405]]],[[[-130.54,53.627],[-130.488,53.515],[-130.305,53.383],[-130.154,53.351],[-129.962,53.17],[-129.754,53.216],[-129.906,53.392],[-130.108,53.515],[-130.401,53.62],[-130.54,53.627]]],[[[-130.221,53.907],[-130.287,53.87],[-130.22,53.808],[-130.206,53.721],[-130.102,53.698],[-130.062,53.598],[-129.887,53.553],[-129.916,53.463],[-129.833,53.387],[-129.685,53.308],[-129.588,53.212],[-129.464,53.31],[-129.473,53.372],[-129.419,53.414],[-129.706,53.6],[-129.841,53.721],[-130.075,53.849],[-130.221,53.907]]],[[[-129.086,53.293],[-129.056,53.212],[-129.097,53.186],[-129.082,53.097],[-129.197,53.021],[-129.198,52.952],[-129.126,52.9],[-129.137,52.848],[-129.075,52.752],[-128.893,52.649],[-128.782,52.676],[-128.713,52.617],[-128.595,52.606],[-128.522,52.943],[-128.537,53.022],[-128.634,53.155],[-128.694,53.159],[-128.87,53.259],[-129.086,53.293]]],[[[-132.571,53.097],[-132.498,53.027],[-132.257,53.018],[-132.157,52.978],[-132.357,52.948],[-132.326,52.894],[-131.906,52.587],[-131.769,52.505],[-131.659,52.482],[-131.56,52.326],[-131.461,52.273],[-131.429,52.221],[-131.347,52.2],[-131.262,52.119],[-131.184,52.118],[-131.111,52.162],[-131.045,52.163],[-131.001,52.214],[-131.091,52.288],[-131.214,52.313],[-131.241,52.245],[-131.363,52.376],[-131.426,52.408],[-131.425,52.466],[-131.575,52.537],[-131.805,52.719],[-131.759,52.788],[-131.84,52.809],[-131.846,52.862],[-131.889,52.892],[-131.912,52.97],[-131.964,53.014],[-131.887,53.064],[-131.631,53.046],[-131.646,53.109],[-131.848,53.237],[-131.922,53.24],[-132.081,53.148],[-132.232,53.139],[-132.302,53.153],[-132.393,53.104],[-132.571,53.097]]],[[[-133.076,54.182],[-133.102,54.115],[-133.051,54.047],[-133.118,54.001],[-133.119,53.777],[-133.061,53.77],[-132.942,53.681],[-132.909,53.604],[-132.899,53.468],[-132.776,53.462],[-132.534,53.416],[-132.531,53.363],[-132.721,53.377],[-132.751,53.315],[-132.716,53.254],[-132.62,53.248],[-132.564,53.176],[-132.469,53.135],[-132.299,53.155],[-132.214,53.148],[-132.179,53.243],[-132.002,53.245],[-131.926,53.358],[-131.912,53.431],[-131.957,53.521],[-131.933,53.62],[-131.874,53.709],[-131.885,53.77],[-131.708,53.977],[-131.712,54.115],[-131.792,54.072],[-132.144,54.007],[-132.088,53.902],[-132.14,53.75],[-132.201,53.668],[-132.443,53.674],[-132.386,53.754],[-132.26,53.765],[-132.128,53.843],[-132.176,54.016],[-132.314,54.115],[-132.569,54.041],[-132.581,54.12],[-132.671,54.155],[-132.799,54.134],[-133.076,54.182]]],[[[-128.43,50.786],[-128.327,50.63],[-128.23,50.583],[-128.207,50.529],[-128.109,50.472],[-128.032,50.5],[-127.891,50.454],[-127.971,50.388],[-127.875,50.344],[-127.799,50.247],[-127.836,50.17],[-127.916,50.114],[-127.796,50.081],[-127.687,50.149],[-127.625,50.117],[-127.515,50.122],[-127.429,50.036],[-127.344,50.02],[-127.213,50.093],[-127.149,50.023],[-127.255,49.966],[-127.152,49.859],[-126.998,49.852],[-126.825,49.881],[-126.673,49.859],[-126.587,49.695],[-126.478,49.644],[-126.57,49.577],[-126.55,49.511],[-126.577,49.415],[-126.448,49.469],[-126.287,49.353],[-126.267,49.379],[-126.122,49.43],[-126.057,49.432],[-126.059,49.34],[-125.973,49.227],[-125.913,49.28],[-125.842,49.278],[-125.754,49.223],[-125.724,49.144],[-125.74,49.064],[-125.51,48.922],[-125.369,48.998],[-125.242,48.944],[-125.184,48.979],[-124.976,48.988],[-125,48.896],[-125.089,48.878],[-125.182,48.801],[-125.1,48.721],[-124.952,48.7],[-124.752,48.611],[-124.604,48.564],[-124.309,48.504],[-124.251,48.471],[-124.037,48.421],[-123.921,48.377],[-123.654,48.314],[-123.544,48.354],[-123.447,48.431],[-123.294,48.412],[-123.307,48.496],[-123.365,48.515],[-123.37,48.597],[-123.535,48.694],[-123.605,48.756],[-123.558,48.781],[-123.592,48.848],[-123.71,48.918],[-123.769,48.981],[-123.747,49.04],[-123.818,49.136],[-123.923,49.162],[-123.948,49.229],[-124.207,49.294],[-124.356,49.352],[-124.574,49.38],[-124.725,49.468],[-124.818,49.496],[-124.923,49.643],[-124.862,49.708],[-125.173,49.906],[-125.271,50.069],[-125.359,50.129],[-125.398,50.252],[-125.454,50.324],[-125.58,50.368],[-125.722,50.356],[-125.945,50.391],[-126.127,50.458],[-126.36,50.483],[-126.588,50.481],[-126.822,50.55],[-127.134,50.592],[-127.384,50.7],[-127.494,50.715],[-127.488,50.767],[-127.906,50.875],[-128.054,50.877],[-128.249,50.803],[-128.43,50.786]]],[[[-120,60],[-135.4,60],[-139.052,60],[-138.706,59.906],[-138.605,59.758],[-137.602,59.241],[-137.499,58.983],[-137.447,58.909],[-137.288,58.999],[-136.825,59.16],[-136.582,59.166],[-136.468,59.285],[-136.476,59.464],[-136.301,59.466],[-136.241,59.559],[-136.356,59.601],[-136.195,59.639],[-135.946,59.664],[-135.479,59.799],[-135.235,59.696],[-135.222,59.664],[-135.028,59.564],[-135.028,59.476],[-135.098,59.427],[-134.989,59.388],[-135.03,59.348],[-134.959,59.281],[-134.699,59.248],[-134.678,59.193],[-134.57,59.134],[-134.485,59.133],[-134.385,59.041],[-134.408,58.978],[-134.256,58.859],[-133.841,58.73],[-133.699,58.609],[-133.382,58.433],[-133.461,58.39],[-133.354,58.283],[-133.172,58.152],[-133.07,58],[-132.868,57.845],[-132.759,57.708],[-132.564,57.507],[-132.37,57.351],[-132.245,57.212],[-132.369,57.091],[-132.046,57.044],[-132.121,56.867],[-131.871,56.806],[-131.902,56.754],[-131.834,56.599],[-131.582,56.612],[-131.467,56.551],[-131.164,56.447],[-131.087,56.406],[-130.781,56.368],[-130.633,56.272],[-130.465,56.241],[-130.42,56.139],[-130.241,56.096],[-130.104,56.122],[-130.002,56.007],[-130.004,55.883],[-130.134,55.764],[-130.085,55.683],[-130.11,55.563],[-130.024,55.461],[-130.003,55.336],[-129.944,55.288],[-130.085,55.194],[-130.164,55.088],[-130.111,54.988],[-130.019,54.974],[-130.176,54.849],[-130.228,54.716],[-130.363,54.686],[-130.457,54.62],[-130.448,54.457],[-130.488,54.363],[-130.373,54.319],[-130.288,54.347],[-130.232,54.268],[-130.278,54.204],[-130.129,54.148],[-130.103,54.066],[-130.109,53.949],[-130.071,53.891],[-129.762,53.677],[-129.684,53.594],[-129.342,53.384],[-129.237,53.425],[-129.253,53.589],[-129.117,53.718],[-128.87,53.816],[-128.723,53.928],[-128.668,53.855],[-128.806,53.772],[-128.777,53.726],[-128.837,53.647],[-128.657,53.475],[-128.962,53.55],[-128.975,53.494],[-128.882,53.402],[-128.851,53.27],[-128.729,53.202],[-128.644,53.185],[-128.579,53.128],[-128.521,53.013],[-128.498,52.884],[-128.443,52.822],[-128.241,52.8],[-128.123,52.832],[-128.115,52.758],[-128.231,52.57],[-128.233,52.425],[-128.339,52.372],[-128.37,52.29],[-128.286,52.26],[-128.152,52.409],[-128.082,52.512],[-128.03,52.466],[-128.086,52.433],[-128.026,52.319],[-127.945,52.323],[-127.883,52.199],[-127.785,52.268],[-127.628,52.284],[-127.49,52.338],[-127.429,52.427],[-127.344,52.418],[-127.26,52.476],[-127.189,52.423],[-127.164,52.343],[-126.986,52.332],[-126.901,52.197],[-126.798,52.15],[-126.66,52.036],[-126.687,52.019],[-126.838,52.149],[-126.927,52.189],[-127,52.298],[-127.177,52.314],[-127.292,52.231],[-127.473,52.187],[-127.608,52.121],[-127.705,51.941],[-127.823,51.927],[-127.897,51.816],[-127.89,51.693],[-127.786,51.609],[-127.801,51.533],[-127.662,51.517],[-127.534,51.641],[-127.561,51.712],[-127.395,51.683],[-127.505,51.623],[-127.537,51.487],[-127.667,51.403],[-127.673,51.341],[-127.37,51.307],[-127.425,51.269],[-127.582,51.261],[-127.632,51.281],[-127.77,51.247],[-127.787,51.164],[-127.682,51.133],[-127.554,51.125],[-127.496,51.062],[-127.519,51.002],[-127.407,50.926],[-127.27,50.912],[-127.015,50.818],[-126.841,50.912],[-126.664,50.865],[-126.512,50.941],[-126.187,50.927],[-126.212,50.901],[-126.495,50.925],[-126.467,50.851],[-126.217,50.832],[-126.185,50.669],[-126.015,50.703],[-125.928,50.688],[-125.728,50.708],[-125.652,50.808],[-125.685,50.875],[-125.545,50.937],[-125.591,50.796],[-125.682,50.71],[-125.761,50.675],[-126.008,50.668],[-126.114,50.643],[-126.3,50.631],[-126.199,50.579],[-126.155,50.486],[-125.915,50.474],[-125.779,50.536],[-125.769,50.467],[-125.71,50.423],[-125.616,50.452],[-125.54,50.567],[-125.523,50.548],[-125.594,50.449],[-125.479,50.441],[-125.398,50.468],[-125.27,50.46],[-125.176,50.407],[-125.098,50.445],[-125.11,50.502],[-124.993,50.536],[-124.907,50.613],[-124.929,50.672],[-124.832,50.733],[-124.886,50.56],[-124.97,50.501],[-125.052,50.48],[-125.042,50.321],[-124.962,50.337],[-124.83,50.307],[-124.698,50.34],[-124.59,50.242],[-124.701,50.099],[-124.843,50.064],[-124.752,49.964],[-124.556,49.872],[-124.526,49.804],[-124.407,49.767],[-124.143,49.78],[-124.033,49.875],[-123.922,49.828],[-123.947,49.775],[-124.034,49.742],[-124.073,49.637],[-123.908,49.485],[-123.744,49.47],[-123.723,49.438],[-123.534,49.384],[-123.467,49.443],[-123.49,49.529],[-123.27,49.585],[-123.234,49.418],[-123.272,49.375],[-123.115,49.309],[-123.137,49.2],[-123.201,49.126],[-123.084,49.095],[-123.098,49.037],[-122.891,49.091],[-122.871,49.026],[-122.755,49.002],[-114.068,48.999],[-114.055,49.024],[-114.081,49.06],[-114.153,49.1],[-114.161,49.155],[-114.399,49.21],[-114.492,49.314],[-114.488,49.347],[-114.591,49.396],[-114.605,49.439],[-114.574,49.557],[-114.696,49.547],[-114.733,49.576],[-114.746,49.619],[-114.668,49.637],[-114.677,49.696],[-114.64,49.828],[-114.692,49.896],[-114.658,50.03],[-114.736,50.12],[-114.725,50.19],[-114.77,50.25],[-114.769,50.359],[-114.862,50.394],[-115.015,50.582],[-115.155,50.573],[-115.208,50.528],[-115.312,50.724],[-115.414,50.711],[-115.436,50.756],[-115.639,50.838],[-115.562,50.894],[-115.692,51.029],[-116.009,51.126],[-116.008,51.222],[-116.268,51.312],[-116.284,51.457],[-116.361,51.471],[-116.391,51.546],[-116.465,51.566],[-116.5,51.628],[-116.595,51.662],[-116.585,51.713],[-116.659,51.805],[-116.749,51.805],[-116.819,51.739],[-116.921,51.71],[-116.976,51.76],[-117.011,51.89],[-117.103,51.957],[-117.196,51.979],[-117.334,52.149],[-117.611,52.144],[-117.664,52.198],[-117.818,52.226],[-117.84,52.274],[-117.706,52.365],[-117.767,52.418],[-117.887,52.426],[-118.013,52.484],[-118.044,52.398],[-118.138,52.408],[-118.219,52.374],[-118.236,52.49],[-118.333,52.58],[-118.355,52.634],[-118.29,52.678],[-118.422,52.776],[-118.402,52.843],[-118.448,52.885],[-118.613,52.936],[-118.641,52.999],[-118.77,53.075],[-118.787,53.159],[-118.975,53.242],[-119.029,53.164],[-119.251,53.199],[-119.341,53.287],[-119.356,53.34],[-119.598,53.384],[-119.725,53.389],[-119.861,53.557],[-119.713,53.615],[-119.793,53.706],[-119.916,53.717],[-120,53.806],[-120,60]]]]},"properties":{"PRUID":"59","PRENAME":"British Columbia"}},
{"type":"Feature","geometry":{"type":"MultiPolygon","coordinates":[[[[-139.134,69.637],[-139.262,69.575],[-139.095,69.52],[-138.968,69.623],[-139.134,69.637]]],[[[-136.449,67.649],[-136.469,68.87],[-136.569,68.89],[-136.773,68.854],[-136.985,68.911],[-137.205,68.927],[-137.277,68.962],[-137.623,69.019],[-138.2,69.167],[-138.328,69.267],[-138.459,69.221],[-138.982,69.421],[-139.154,69.503],[-139.448,69.527],[-139.788,69.599],[-139.935,69.612],[-140.53,69.592],[-141.012,69.647],[-141.018,69.503],[-140.998,60.308],[-140.517,60.22],[-140.448,60.308],[-139.972,60.184],[-139.68,60.336],[-139.052,60.354],[-139.049,60.326],[-139.177,60.083],[-139.057,60],[-123.789,60],[-124.001,60.109],[-124.124,60.206],[-124.214,60.365],[-124.198,60.446],[-124.389,60.458],[-124.447,60.573],[-124.599,60.688],[-124.449,60.765],[-124.496,60.803],[-124.539,60.939],[-124.633,60.927],[-124.788,60.955],[-124.826,60.837],[-124.968,60.849],[-125.148,60.833],[-125.264,60.768],[-125.375,60.766],[-125.534,60.812],[-125.67,60.803],[-125.832,60.881],[-125.921,60.849],[-126.211,60.834],[-126.198,60.782],[-126.387,60.766],[-126.486,60.8],[-126.639,60.731],[-126.693,60.769],[-126.813,60.759],[-126.854,60.932],[-126.966,61.05],[-127.072,61.067],[-126.961,61.168],[-127.033,61.322],[-127.091,61.368],[-127.103,61.458],[-127.238,61.5],[-127.469,61.485],[-127.767,61.594],[-127.882,61.668],[-128.047,61.729],[-127.986,61.792],[-128.15,61.838],[-128.249,61.937],[-128.55,62.116],[-128.669,62.109],[-128.73,62.043],[-128.945,62.119],[-129.129,62.099],[-129.2,62.139],[-129.163,62.204],[-129.27,62.258],[-129.285,62.4],[-129.174,62.445],[-129.212,62.505],[-129.439,62.578],[-129.567,62.681],[-129.665,62.814],[-129.75,62.881],[-129.649,62.953],[-129.589,63.042],[-129.741,63.061],[-129.87,63.172],[-130.13,63.267],[-129.866,63.367],[-129.909,63.418],[-129.785,63.446],[-129.962,63.61],[-130.081,63.608],[-130.106,63.688],[-130.269,63.645],[-130.34,63.691],[-130.101,63.754],[-130.144,63.861],[-130.339,63.813],[-130.443,63.891],[-130.776,63.976],[-130.809,64.04],[-130.968,64.13],[-130.944,64.186],[-131.068,64.361],[-131.296,64.447],[-131.451,64.392],[-131.808,64.369],[-131.825,64.425],[-131.676,64.486],[-131.685,64.521],[-131.938,64.59],[-132.038,64.696],[-132.124,64.704],[-132.357,64.783],[-132.559,64.796],[-132.628,64.83],[-132.462,64.902],[-132.49,64.962],[-132.336,65.061],[-132.543,65.09],[-132.773,65.183],[-132.537,65.35],[-132.275,65.458],[-132.283,65.501],[-132.168,65.602],[-132.313,65.74],[-132.596,65.857],[-132.495,65.972],[-132.657,66.016],[-132.909,65.884],[-133.022,65.919],[-132.921,66.02],[-133.128,66.031],[-133.447,65.933],[-133.526,65.954],[-133.658,65.96],[-133.599,66.057],[-133.658,66.122],[-133.549,66.17],[-133.554,66.257],[-133.626,66.299],[-133.786,66.295],[-133.677,66.583],[-133.793,66.649],[-133.846,66.723],[-133.76,66.801],[-133.89,66.884],[-134.092,66.937],[-134.014,66.986],[-133.83,67],[-136.164,67],[-136.235,67.173],[-136.087,67.301],[-136.222,67.405],[-136.179,67.458],[-136.2,67.562],[-136.29,67.634],[-136.449,67.649]]]]},"properties":{"PRUID":"60","PRENAME":"Yukon"}},
{"type":"Feature","geometry":{"type":"MultiPolygon","coordinates":[[[[-130.89,69.511],[-130.936,69.405],[-130.81,69.416],[-130.89,69.511]]],[[[-124.311,73.648],[-124.333,73.566],[-124.087,73.574],[-124.311,73.648]]],[[[-109.843,72.667],[-110.032,72.727],[-110.208,72.714],[-109.899,72.597],[-109.844,72.54],[-109.843,72.667]]],[[[-109.835,76.246],[-109.836,76.488],[-110.389,76.43],[-110.395,76.31],[-109.835,76.246]]],[[[-114.619,76.867],[-114.813,76.82],[-114.812,76.759],[-114.4,76.727],[-113.605,76.714],[-113.458,76.828],[-113.807,76.896],[-114.619,76.867]]],[[[-109.841,72.926],[-109.905,72.977],[-110.576,73.013],[-110.681,72.925],[-110.51,72.849],[-110.216,72.828],[-110.132,72.772],[-109.842,72.725],[-109.841,72.926]]],[[[-114.351,78.078],[-114.948,77.962],[-114.894,77.868],[-114.467,77.778],[-114.289,77.709],[-113.901,77.726],[-113.549,77.826],[-113.719,77.897],[-113.988,77.917],[-114.351,78.078]]],[[[-117.711,76.128],[-117.93,76.05],[-118.104,76.027],[-118.709,75.893],[-119.408,75.614],[-119.19,75.572],[-118.904,75.578],[-118.584,75.503],[-118.361,75.555],[-118.003,75.706],[-117.768,75.9],[-117.597,75.957],[-117.443,76.094],[-117.711,76.128]]],[[[-109.832,78.644],[-110.188,78.7],[-110.226,78.737],[-110.7,78.76],[-111.092,78.704],[-111.469,78.552],[-112.28,78.545],[-112.608,78.476],[-113.219,78.411],[-113.322,78.336],[-113.149,78.27],[-112.501,78.366],[-112.022,78.39],[-111.81,78.282],[-111.452,78.27],[-111.306,78.377],[-111.128,78.392],[-110.846,78.322],[-110.357,78.275],[-109.994,78.328],[-109.831,78.301],[-109.832,78.644]]],[[[-109.831,77.937],[-109.836,78.111],[-110.687,78.109],[-111.508,78.074],[-111.707,78.028],[-112.044,78.036],[-112.269,77.995],[-112.634,77.979],[-112.944,77.916],[-113.207,77.921],[-113.313,77.846],[-113.171,77.616],[-113.196,77.524],[-112.918,77.468],[-112.58,77.463],[-112.465,77.381],[-112.028,77.329],[-111.524,77.399],[-110.816,77.432],[-110.247,77.502],[-110.057,77.566],[-110.111,77.686],[-110.046,77.773],[-110.266,77.788],[-110.652,77.768],[-110.908,77.867],[-109.831,77.937]]],[[[-118.812,77.363],[-119.128,77.328],[-119.297,77.27],[-119.359,77.191],[-119.93,77.024],[-120.085,77.008],[-120.158,76.924],[-120.417,76.879],[-120.346,76.818],[-120.963,76.692],[-121.187,76.696],[-121.211,76.634],[-121.401,76.56],[-121.454,76.459],[-121.805,76.421],[-121.95,76.437],[-122.463,76.391],[-122.643,76.342],[-122.609,76.273],[-122.836,76.235],[-122.753,76.162],[-122.516,76.161],[-122.584,75.94],[-122.368,75.93],[-122.131,75.992],[-122.099,76.045],[-121.796,76.049],[-121.464,75.99],[-121.236,75.98],[-120.954,76.036],[-121.04,76.072],[-121.018,76.164],[-120.73,76.129],[-120.667,76.007],[-120.439,76.01],[-120.468,75.831],[-120.254,75.821],[-119.72,75.888],[-119.705,75.95],[-119.468,76.014],[-119.549,76.195],[-119.714,76.265],[-119.534,76.323],[-119.293,76.139],[-119.13,76.11],[-118.854,76.178],[-118.944,76.274],[-118.637,76.29],[-118.536,76.337],[-118.66,76.457],[-118.938,76.481],[-118.895,76.535],[-118.308,76.559],[-118.291,76.784],[-117.789,76.721],[-117.931,76.685],[-117.901,76.541],[-118.053,76.417],[-117.68,76.326],[-117.644,76.289],[-117.304,76.259],[-116.932,76.35],[-116.965,76.567],[-116.494,76.569],[-116.054,76.624],[-115.918,76.726],[-115.95,76.814],[-116.275,76.876],[-116.24,76.949],[-115.937,76.9],[-115.724,76.946],[-115.843,76.989],[-116.242,77.044],[-116.326,77.121],[-115.783,77.256],[-115.51,77.272],[-115.459,77.361],[-116.066,77.507],[-116.422,77.561],[-116.737,77.537],[-116.962,77.418],[-116.607,77.392],[-117.224,77.29],[-117.676,77.348],[-117.869,77.392],[-118.186,77.356],[-118.812,77.363]]],[[[-109.831,75.534],[-110.747,75.574],[-111.223,75.516],[-111.353,75.613],[-111.352,75.735],[-111.454,75.819],[-111.813,75.836],[-111.918,75.806],[-112.179,75.849],[-111.73,75.902],[-111.745,75.951],[-111.997,76.006],[-112.391,76.043],[-112.504,76.14],[-112.404,76.181],[-112.976,76.272],[-113.226,76.272],[-113.693,76.204],[-113.977,76.196],[-114.02,76.272],[-114.16,76.321],[-114.055,76.418],[-114.165,76.477],[-114.431,76.514],[-115.075,76.485],[-115.498,76.444],[-115.876,76.36],[-115.791,76.247],[-116.402,76.172],[-116.609,76.122],[-116.734,75.905],[-116.135,75.874],[-115.76,75.895],[-115.316,75.864],[-116.042,75.813],[-116.811,75.805],[-116.925,75.785],[-117.172,75.659],[-117.202,75.579],[-116.376,75.566],[-115.661,75.65],[-115.616,75.584],[-115.999,75.491],[-117.076,75.489],[-117.258,75.474],[-117.529,75.371],[-117.668,75.254],[-117.429,75.19],[-116.684,75.119],[-116.577,75.167],[-116.224,75.205],[-116.252,75.064],[-115.685,74.97],[-115.511,75.033],[-115.595,75.147],[-115.212,75.074],[-115.179,74.996],[-114.871,74.979],[-114.378,75.091],[-114.154,75.227],[-114.028,75.38],[-113.8,75.326],[-113.917,75.18],[-113.907,75.053],[-113.023,75.095],[-112.681,75.141],[-112.728,75.211],[-112.069,75.148],[-111.553,75.143],[-111.039,75.279],[-111.01,75.177],[-111.259,75.129],[-111.314,75.06],[-111.797,74.992],[-112.102,75.01],[-112.852,74.983],[-113.063,74.953],[-113.333,74.863],[-114.081,74.788],[-114.445,74.681],[-114.224,74.583],[-113.759,74.467],[-113.527,74.428],[-113.2,74.408],[-112.442,74.42],[-111.675,74.501],[-111.413,74.57],[-111.272,74.57],[-110.561,74.715],[-110.651,74.774],[-110.408,74.805],[-110.357,74.846],[-110.067,74.844],[-109.831,74.876],[-109.831,75.534]]],[[[-124.724,74.353],[-124.691,74.285],[-124.392,74.151],[-124.458,74.079],[-124.331,74.041],[-124.193,73.88],[-123.947,73.858],[-123.767,73.77],[-123.831,73.709],[-124.058,73.665],[-124.015,73.598],[-124.095,73.505],[-124.281,73.496],[-124.551,73.29],[-124.542,73.25],[-124.869,73.097],[-124.818,73.047],[-124.5,72.988],[-124.451,72.943],[-124.73,72.882],[-125.041,72.841],[-124.963,72.744],[-125.067,72.637],[-124.947,72.575],[-125.31,72.489],[-125.489,72.349],[-125.467,72.269],[-125.675,72.253],[-125.638,72.2],[-125.788,72.118],[-125.698,72.084],[-125.775,71.957],[-125.356,71.984],[-125.089,71.981],[-125.125,71.917],[-124.639,71.8],[-124.246,71.749],[-123.972,71.67],[-123.807,71.531],[-123.621,71.494],[-123.431,71.221],[-123.141,71.08],[-122.781,71.088],[-122.64,71.168],[-122.45,71.221],[-122.088,71.284],[-121.837,71.424],[-121.797,71.504],[-121.585,71.472],[-121.376,71.38],[-120.639,71.494],[-120.467,71.568],[-120.371,71.696],[-120.445,71.743],[-120.383,71.885],[-120.478,71.94],[-120.241,72.044],[-120.127,72.169],[-120.175,72.235],[-119.777,72.229],[-119.634,72.287],[-119.287,72.367],[-119.16,72.621],[-118.712,72.748],[-118.017,72.886],[-117.458,73.052],[-117.228,73.062],[-116.484,73.256],[-115.8,73.343],[-115.292,73.486],[-115.319,73.538],[-115.623,73.658],[-115.951,73.745],[-116.653,74.014],[-117.249,74.197],[-117.619,74.251],[-118.137,74.282],[-118.769,74.211],[-118.818,74.067],[-118.958,74.007],[-119.152,73.996],[-119.043,74.118],[-119.084,74.208],[-120.127,74.277],[-120.886,74.43],[-121.113,74.525],[-121.456,74.557],[-121.743,74.552],[-122.299,74.477],[-123.236,74.45],[-124.169,74.397],[-124.724,74.353]]],[[[-109.845,72.444],[-110.024,72.443],[-110.318,72.56],[-110.399,72.518],[-110.689,72.576],[-110.946,72.441],[-111.208,72.368],[-111.578,72.375],[-111.549,72.313],[-111.956,72.341],[-111.434,72.467],[-111.181,72.627],[-111.185,72.727],[-111.815,72.838],[-112.029,72.894],[-112.292,72.905],[-112.532,72.963],[-113.019,73.013],[-113.233,72.989],[-113.605,72.776],[-113.484,72.713],[-113.848,72.643],[-114.043,72.656],[-114.363,72.557],[-114.619,72.594],[-114.317,72.7],[-114.383,72.747],[-114.197,72.808],[-113.934,72.823],[-114.016,72.875],[-114.013,73.008],[-113.931,73.128],[-114.014,73.228],[-114.201,73.326],[-114.467,73.376],[-114.752,73.347],[-115.417,73.223],[-116.529,73.059],[-116.816,72.983],[-117.316,72.927],[-117.616,72.782],[-117.91,72.692],[-118.166,72.642],[-118.496,72.509],[-118.549,72.401],[-118.454,72.358],[-118.196,72.358],[-118.076,72.296],[-118.088,72.239],[-118.446,72.189],[-118.66,72.119],[-118.7,72.067],[-118.865,72.019],[-119.053,71.919],[-119.121,71.764],[-119.071,71.665],[-118.898,71.587],[-118.831,71.667],[-118.485,71.66],[-118.404,71.598],[-118.179,71.63],[-118.036,71.679],[-117.779,71.602],[-117.74,71.536],[-118.057,71.553],[-118.308,71.473],[-118.258,71.404],[-117.991,71.378],[-117.85,71.399],[-117.509,71.385],[-117.474,71.44],[-117.177,71.407],[-116.902,71.429],[-116.668,71.473],[-116.291,71.51],[-116.171,71.501],[-115.6,71.57],[-115.415,71.472],[-115.753,71.506],[-116.016,71.451],[-115.924,71.406],[-116.141,71.353],[-116.238,71.371],[-116.749,71.3],[-116.829,71.253],[-117.808,71.169],[-118.326,71.046],[-118.41,71],[-118.36,70.941],[-118.135,70.829],[-117.66,70.711],[-117.711,70.654],[-117.556,70.605],[-117.329,70.627],[-116.718,70.606],[-116.521,70.638],[-116.285,70.643],[-116.064,70.574],[-115.682,70.609],[-115.077,70.603],[-114.809,70.639],[-114.479,70.645],[-114.389,70.683],[-114.13,70.677],[-113.822,70.718],[-113.566,70.648],[-113.448,70.678],[-113.089,70.621],[-113.004,70.583],[-112.65,70.568],[-112.523,70.523],[-112.147,70.513],[-111.973,70.386],[-111.678,70.353],[-111.502,70.304],[-111.871,70.265],[-112.153,70.284],[-112.752,70.219],[-112.978,70.235],[-113.284,70.285],[-113.593,70.268],[-113.85,70.273],[-114.183,70.321],[-114.506,70.323],[-114.834,70.288],[-115.103,70.288],[-116.118,70.218],[-116.974,70.124],[-117.366,70.035],[-117.393,69.982],[-117.259,69.791],[-117.134,69.723],[-116.99,69.693],[-116.466,69.703],[-116.755,69.786],[-116.924,69.88],[-117.023,70],[-112.825,70.003],[-112.818,69.847],[-112.518,69.848],[-112.511,70.002],[-109.862,69.998],[-109.845,72.444]]],[[[-123.39,69.457],[-123.395,69.407],[-123.766,69.333],[-123.978,69.398],[-124.146,69.335],[-124.365,69.342],[-124.448,69.477],[-124.255,69.555],[-124.194,69.634],[-124.035,69.68],[-124.149,69.733],[-124.296,69.695],[-124.512,69.726],[-124.409,69.931],[-124.478,69.977],[-124.368,70.081],[-124.693,70.149],[-124.697,70.071],[-125.221,70.006],[-125.194,69.958],[-124.956,69.985],[-124.914,69.938],[-125.081,69.784],[-125.024,69.74],[-125.352,69.689],[-125.461,69.604],[-125.28,69.577],[-125.298,69.52],[-125.457,69.515],[-125.509,69.448],[-125.2,69.452],[-125.162,69.379],[-125.353,69.379],[-125.437,69.309],[-125.693,69.381],[-125.894,69.383],[-126.276,69.52],[-126.7,69.741],[-127.073,70.166],[-127.347,70.338],[-127.535,70.419],[-128.016,70.567],[-128.158,70.494],[-128.211,70.378],[-128.037,70.271],[-127.678,70.245],[-127.637,70.197],[-128.258,70.141],[-128.403,70.069],[-128.286,69.967],[-128.614,69.868],[-128.816,69.745],[-129.147,69.686],[-129.18,69.82],[-129.353,69.836],[-129.591,69.812],[-129.705,69.773],[-130.091,69.7],[-130.338,69.683],[-130.458,69.565],[-130.599,69.495],[-130.634,69.411],[-130.854,69.353],[-130.995,69.381],[-130.943,69.432],[-131.19,69.596],[-131.224,69.525],[-131.308,69.479],[-131.652,69.414],[-131.992,69.238],[-132.141,69.227],[-132.372,69.149],[-132.686,69.074],[-132.906,69.042],[-132.875,68.966],[-132.697,68.905],[-132.568,68.902],[-132.409,68.846],[-132.507,68.807],[-132.68,68.803],[-132.894,68.843],[-132.951,68.806],[-133.16,68.81],[-133.22,68.847],[-133.221,69.027],[-132.917,69.032],[-132.93,69.12],[-132.761,69.23],[-132.603,69.27],[-132.324,69.303],[-132.08,69.38],[-132.132,69.426],[-132,69.516],[-131.778,69.554],[-131.364,69.557],[-131.233,69.598],[-131.047,69.625],[-131.054,69.588],[-130.925,69.574],[-130.801,69.65],[-130.573,69.7],[-130.343,69.824],[-130.073,69.863],[-129.947,69.906],[-129.538,69.993],[-129.455,70.031],[-129.509,70.146],[-129.744,70.174],[-129.891,70.052],[-130.173,70.08],[-130.335,70.063],[-130.557,70.128],[-130.701,70.065],[-130.833,70.09],[-130.989,70.057],[-131.09,69.887],[-131.432,69.95],[-131.439,69.888],[-131.752,69.818],[-131.822,69.77],[-131.978,69.753],[-131.997,69.7],[-132.194,69.685],[-132.576,69.618],[-132.928,69.64],[-133.016,69.573],[-132.974,69.523],[-133.129,69.388],[-133.519,69.395],[-133.771,69.332],[-133.914,69.323],[-133.923,69.407],[-133.788,69.485],[-134.145,69.515],[-134.326,69.664],[-134.429,69.632],[-134.496,69.523],[-134.431,69.472],[-134.592,69.431],[-134.816,69.48],[-135.175,69.451],[-135.323,69.412],[-135.263,69.299],[-135.528,69.331],[-135.796,69.309],[-136.008,69.2],[-135.928,69.099],[-135.713,69.033],[-135.783,68.964],[-135.503,68.84],[-135.264,68.696],[-135.399,68.669],[-135.597,68.757],[-136.129,68.874],[-136.469,68.889],[-136.449,67.649],[-136.29,67.634],[-136.2,67.562],[-136.179,67.458],[-136.222,67.405],[-136.087,67.301],[-136.235,67.173],[-136.164,67],[-133.83,67],[-134.014,66.986],[-134.092,66.937],[-133.89,66.884],[-133.76,66.801],[-133.846,66.723],[-133.793,66.649],[-133.677,66.583],[-133.786,66.295],[-133.626,66.299],[-133.554,66.257],[-133.549,66.17],[-133.658,66.122],[-133.599,66.057],[-133.658,65.96],[-133.526,65.954],[-133.447,65.933],[-133.128,66.031],[-132.921,66.02],[-133.022,65.919],[-132.909,65.884],[-132.657,66.016],[-132.495,65.972],[-132.596,65.857],[-132.313,65.74],[-132.168,65.602],[-132.283,65.501],[-132.275,65.458],[-132.537,65.35],[-132.773,65.183],[-132.543,65.09],[-132.336,65.061],[-132.49,64.962],[-132.462,64.902],[-132.628,64.83],[-132.559,64.796],[-132.357,64.783],[-132.124,64.704],[-132.038,64.696],[-131.938,64.59],[-131.685,64.521],[-131.676,64.486],[-131.825,64.425],[-131.808,64.369],[-131.451,64.392],[-131.296,64.447],[-131.068,64.361],[-130.944,64.186],[-130.968,64.13],[-130.809,64.04],[-130.776,63.976],[-130.443,63.891],[-130.339,63.813],[-130.144,63.861],[-130.101,63.754],[-130.34,63.691],[-130.269,63.645],[-130.106,63.688],[-130.081,63.608],[-129.962,63.61],[-129.785,63.446],[-129.909,63.418],[-129.866,63.367],[-130.13,63.267],[-129.87,63.172],[-129.741,63.061],[-129.589,63.042],[-129.649,62.953],[-129.75,62.881],[-129.665,62.814],[-129.567,62.681],[-129.439,62.578],[-129.212,62.505],[-129.174,62.445],[-129.285,62.4],[-129.27,62.258],[-129.163,62.204],[-129.2,62.139],[-129.129,62.099],[-128.945,62.119],[-128.73,62.043],[-128.669,62.109],[-128.55,62.116],[-128.249,61.937],[-128.15,61.838],[-127.986,61.792],[-128.047,61.729],[-127.882,61.668],[-127.767,61.594],[-127.469,61.485],[-127.238,61.5],[-127.103,61.458],[-127.091,61.368],[-127.033,61.322],[-126.961,61.168],[-127.072,61.067],[-126.966,61.05],[-126.854,60.932],[-126.813,60.759],[-126.693,60.769],[-126.639,60.731],[-126.486,60.8],[-126.387,60.766],[-126.198,60.782],[-126.211,60.834],[-125.921,60.849],[-125.832,60.881],[-125.67,60.803],[-125.534,60.812],[-125.375,60.766],[-125.264,60.768],[-125.148,60.833],[-124.968,60.849],[-124.826,60.837],[-124.788,60.955],[-124.633,60.927],[-124.539,60.939],[-124.496,60.803],[-124.449,60.765],[-124.599,60.688],[-124.447,60.573],[-124.389,60.458],[-124.198,60.446],[-124.214,60.365],[-124.124,60.206],[-124.001,60.109],[-123.789,60],[-102,60],[-102,64.189],[-105.018,64.477],[-107.04,64.624],[-108.838,64.732],[-109.025,64.831],[-110.538,65.446],[-112.583,65.447],[-115.013,66.287],[-117.065,66.929],[-118.594,67.199],[-120.631,67.78],[-120.591,68.249],[-120.606,68.623],[-120.725,69.574],[-120.842,69.638],[-121.264,69.721],[-121.381,69.771],[-121.698,69.799],[-122.341,69.826],[-122.816,69.792],[-123.043,69.809],[-123.087,69.674],[-123.16,69.607],[-123.168,69.494],[-123.39,69.457]]]]},"properties":{"PRUID":"61","PRENAME":"Northwest Territories"}},
{"type":"Feature","geometry":{"type":"MultiPolygon","coordinates":[[[[-95.354,67.272],[-95.537,67.237],[-95.359,67.195],[-95.354,67.272]]],[[[-104.886,68.361],[-105.029,68.316],[-104.939,68.251],[-104.792,68.316],[-104.886,68.361]]],[[[-73.734,64.406],[-73.826,64.318],[-73.682,64.315],[-73.734,64.406]]],[[[-64.162,63.864],[-64.382,63.844],[-64.201,63.765],[-64.162,63.864]]],[[[-108.101,67.983],[-108.225,67.927],[-108.065,67.884],[-108.018,67.963],[-108.101,67.983]]],[[[-79.569,72.463],[-79.665,72.423],[-79.583,72.355],[-79.412,72.378],[-79.569,72.463]]],[[[-94.563,78.285],[-94.688,78.254],[-94.524,78.186],[-94.281,78.187],[-94.563,78.285]]],[[[-79.591,56.795],[-79.577,56.691],[-79.486,56.685],[-79.508,56.771],[-79.591,56.795]]],[[[-97.379,67.742],[-97.537,67.656],[-97.378,67.641],[-97.27,67.69],[-97.379,67.742]]],[[[-108.475,67.576],[-108.41,67.475],[-108.273,67.492],[-108.262,67.546],[-108.475,67.576]]],[[[-78.982,72.446],[-79.067,72.368],[-78.943,72.34],[-78.824,72.415],[-78.982,72.446]]],[[[-67.518,69.61],[-67.575,69.53],[-67.353,69.542],[-67.518,69.61]]],[[[-79.818,56.958],[-79.932,56.897],[-79.772,56.87],[-79.818,56.958]]],[[[-83.804,69.826],[-83.861,69.757],[-83.638,69.716],[-83.606,69.79],[-83.804,69.826]]],[[[-101.606,69.227],[-101.719,69.187],[-101.591,69.136],[-101.464,69.165],[-101.606,69.227]]],[[[-66.861,66.407],[-66.796,66.321],[-66.663,66.359],[-66.861,66.407]]],[[[-104.145,77.169],[-104.413,77.109],[-104.198,77.081],[-103.96,77.139],[-104.145,77.169]]],[[[-109.164,67.99],[-109.146,67.949],[-108.926,67.874],[-108.863,67.964],[-109.045,67.951],[-109.164,67.99]]],[[[-74.542,78.775],[-74.708,78.737],[-74.301,78.674],[-74.118,78.723],[-74.542,78.775]]],[[[-88.078,78.46],[-88.414,78.29],[-88.251,78.255],[-88.068,78.4],[-88.078,78.46]]],[[[-82.756,69.812],[-82.623,69.728],[-82.48,69.764],[-82.756,69.812]]],[[[-107.602,67.22],[-107.638,67.205],[-107.495,67.083],[-107.317,67.088],[-107.602,67.22]]],[[[-80.042,59.871],[-80.131,59.832],[-80.061,59.766],[-79.931,59.844],[-80.042,59.871]]],[[[-93.065,61.93],[-93.28,61.888],[-92.985,61.852],[-93.065,61.93]]],[[[-64.959,63.563],[-64.976,63.473],[-64.842,63.484],[-64.959,63.563]]],[[[-109.831,77.937],[-109.667,77.966],[-109.559,78.079],[-109.831,78.111],[-109.831,77.937]]],[[[-107.992,73.615],[-107.957,73.547],[-107.555,73.584],[-107.599,73.617],[-107.992,73.615]]],[[[-78.688,68.559],[-78.815,68.559],[-78.952,68.481],[-78.81,68.446],[-78.617,68.509],[-78.688,68.559]]],[[[-78.7,68.667],[-78.633,68.565],[-78.488,68.577],[-78.7,68.667]]],[[[-110.802,68.561],[-111.065,68.498],[-110.922,68.468],[-110.694,68.487],[-110.802,68.561]]],[[[-89.923,68.855],[-90.038,68.763],[-89.935,68.686],[-89.783,68.759],[-89.923,68.855]]],[[[-81.508,69.427],[-81.569,69.401],[-81.882,69.434],[-81.861,69.361],[-81.462,69.347],[-81.508,69.427]]],[[[-63.475,67.345],[-63.689,67.355],[-63.822,67.283],[-63.44,67.268],[-63.475,67.345]]],[[[-66.199,68.265],[-66.666,68.209],[-66.658,68.182],[-66.323,68.151],[-66.199,68.265]]],[[[-74.75,68.68],[-74.882,68.608],[-74.658,68.608],[-74.75,68.68]]],[[[-108.081,67.678],[-108.112,67.532],[-107.9,67.548],[-107.962,67.659],[-108.081,67.678]]],[[[-83.258,66.359],[-83.274,66.257],[-83.148,66.244],[-83.097,66.306],[-83.258,66.359]]],[[[-85.157,77.586],[-85.347,77.586],[-85.117,77.453],[-84.806,77.503],[-85.157,77.586]]],[[[-103.081,70.686],[-103.093,70.585],[-102.926,70.548],[-102.803,70.595],[-103.081,70.686]]],[[[-102.972,78.274],[-103.312,78.148],[-103.073,78.124],[-102.764,78.212],[-102.972,78.274]]],[[[-78.254,60.825],[-78.603,60.775],[-78.593,60.709],[-78.318,60.76],[-78.254,60.825]]],[[[-63.927,67.643],[-64.044,67.544],[-64.024,67.492],[-63.73,67.512],[-63.927,67.643]]],[[[-62.285,65.74],[-62.473,65.725],[-62.474,65.652],[-62.288,65.623],[-62.123,65.655],[-62.285,65.74]]],[[[-72.731,71.66],[-72.974,71.64],[-73.027,71.582],[-72.742,71.537],[-72.666,71.594],[-72.731,71.66]]],[[[-95.425,80.701],[-95.92,80.695],[-95.195,80.61],[-94.929,80.632],[-95.085,80.697],[-95.425,80.701]]],[[[-91.007,77.257],[-91.294,77.208],[-90.962,77.136],[-90.708,77.185],[-91.007,77.257]]],[[[-96.699,72.904],[-96.863,72.862],[-96.985,72.769],[-96.712,72.729],[-96.6,72.788],[-96.699,72.833],[-96.699,72.904]]],[[[-90.631,69.377],[-90.796,69.32],[-90.565,69.199],[-90.441,69.225],[-90.441,69.286],[-90.631,69.377]]],[[[-62.402,67.197],[-62.602,67.177],[-62.604,67.088],[-62.388,67.151],[-62.402,67.197]]],[[[-97.428,74.632],[-97.597,74.587],[-97.783,74.488],[-97.66,74.464],[-97.372,74.526],[-97.258,74.595],[-97.428,74.632]]],[[[-100.115,69.151],[-100.236,69.048],[-100.132,68.962],[-99.95,68.951],[-99.999,69.054],[-100.115,69.151]]],[[[-79.998,53.389],[-80.097,53.349],[-80.016,53.225],[-79.93,53.272],[-79.998,53.389]]],[[[-79.046,54.938],[-79.66,54.842],[-79.578,54.824],[-79.371,54.848],[-79.073,54.919],[-79.046,54.938]]],[[[-74.296,68.468],[-74.398,68.408],[-74.266,68.28],[-74.143,68.262],[-74.066,68.347],[-74.296,68.468]]],[[[-90.199,69.447],[-90.28,69.447],[-90.51,69.345],[-90.282,69.267],[-90.134,69.379],[-90.199,69.447]]],[[[-101.258,69.594],[-101.366,69.544],[-101.209,69.484],[-101.031,69.473],[-101.043,69.546],[-101.2,69.546],[-101.258,69.594]]],[[[-77.566,64.036],[-77.926,64.023],[-77.93,63.945],[-77.686,63.924],[-77.566,63.995],[-77.566,64.036]]],[[[-95.608,74.652],[-95.838,74.581],[-95.483,74.503],[-95.228,74.52],[-95.338,74.597],[-95.608,74.652]]],[[[-73.986,62.664],[-74.179,62.68],[-74.488,62.653],[-74.169,62.598],[-73.97,62.599],[-73.986,62.664]]],[[[-67.853,69.684],[-68.084,69.671],[-68.315,69.589],[-67.931,69.526],[-67.853,69.684]]],[[[-100.676,70.695],[-100.618,70.647],[-100.651,70.565],[-100.485,70.519],[-100.329,70.602],[-100.46,70.678],[-100.676,70.695]]],[[[-64.491,60.373],[-64.579,60.465],[-64.797,60.492],[-64.858,60.436],[-64.768,60.379],[-64.561,60.335],[-64.491,60.373]]],[[[-78.928,68.36],[-79.153,68.366],[-79.179,68.219],[-79.079,68.179],[-78.853,68.247],[-78.818,68.299],[-78.928,68.36]]],[[[-65.349,64.752],[-65.408,64.682],[-65.627,64.585],[-65.673,64.518],[-65.437,64.511],[-65.483,64.539],[-65.348,64.56],[-65.213,64.631],[-65.217,64.695],[-65.349,64.752]]],[[[-64.353,63.672],[-64.487,63.604],[-64.379,63.53],[-64.353,63.402],[-64.225,63.319],[-64.07,63.317],[-64.196,63.416],[-64.247,63.518],[-64.328,63.58],[-64.353,63.672]]],[[[-64.532,63.907],[-64.617,63.916],[-64.814,63.871],[-64.909,63.802],[-64.748,63.756],[-64.627,63.75],[-64.426,63.667],[-64.366,63.73],[-64.424,63.781],[-64.562,63.794],[-64.532,63.907]]],[[[-73.139,71.568],[-73.388,71.519],[-73.195,71.339],[-73.022,71.346],[-73.034,71.41],[-72.827,71.438],[-72.986,71.525],[-73.139,71.568]]],[[[-65.101,61.935],[-65.238,61.873],[-65.152,61.788],[-65,61.769],[-64.925,61.712],[-64.814,61.743],[-64.841,61.81],[-65.101,61.935]]],[[[-94.473,75.979],[-94.838,75.952],[-94.815,75.799],[-94.595,75.749],[-94.286,75.763],[-94.473,75.979]]],[[[-96.685,69.589],[-96.546,69.486],[-96.131,69.353],[-96.05,69.494],[-96.146,69.589],[-96.289,69.529],[-96.38,69.582],[-96.608,69.56],[-96.685,69.589]]],[[[-79.342,52.098],[-79.552,52.011],[-79.642,52.006],[-79.616,51.904],[-79.495,51.933],[-79.372,51.927],[-79.329,52.022],[-79.342,52.098]]],[[[-79.541,56.539],[-79.598,56.425],[-79.731,56.348],[-79.868,56.374],[-80.041,56.296],[-80.109,56.201],[-80.051,56.177],[-79.761,56.27],[-79.602,56.378],[-79.526,56.512],[-79.541,56.539]]],[[[-85.776,79.074],[-86.141,79.016],[-86.499,78.901],[-86.233,78.894],[-85.282,78.984],[-85.249,79.056],[-85.776,79.074]]],[[[-100.7,76.761],[-100.998,76.726],[-101.183,76.66],[-101.702,76.594],[-101.336,76.559],[-100.785,76.633],[-100.256,76.746],[-100.7,76.761]]],[[[-78.68,56.438],[-78.76,56.42],[-78.835,56.32],[-78.789,56.288],[-78.895,56.192],[-78.938,56.097],[-78.756,56.147],[-78.655,56.216],[-78.653,56.415],[-78.68,56.438]]],[[[-78.882,76.106],[-79.124,76.078],[-79.286,76.006],[-79.545,75.948],[-79.581,75.823],[-79.289,75.883],[-79.036,75.84],[-78.911,75.877],[-79.179,75.953],[-78.829,76.047],[-78.882,76.106]]],[[[-104.934,68.597],[-105.056,68.567],[-104.93,68.466],[-104.577,68.397],[-104.428,68.424],[-104.447,68.515],[-104.598,68.569],[-104.934,68.597]]],[[[-109.831,78.301],[-109.33,78.339],[-109.327,78.547],[-109.832,78.644],[-109.831,78.301]]],[[[-87.049,70.15],[-87.276,70.12],[-87.265,70.035],[-87.119,69.998],[-86.75,69.973],[-86.451,70.005],[-86.59,70.117],[-86.781,70.088],[-87.049,70.15]]],[[[-64.372,62.532],[-64.682,62.537],[-64.942,62.467],[-64.915,62.421],[-64.752,62.38],[-64.551,62.377],[-64.442,62.409],[-64.339,62.487],[-64.372,62.532]]],[[[-96.812,73.194],[-97.037,73.149],[-97.119,73.092],[-97.078,72.986],[-96.88,72.924],[-96.646,72.948],[-96.541,73.036],[-96.698,73.165],[-96.812,73.194]]],[[[-101.976,68.828],[-102.041,68.768],[-102.335,68.695],[-102.096,68.614],[-101.955,68.628],[-101.817,68.593],[-101.706,68.635],[-101.678,68.748],[-101.785,68.808],[-101.976,68.828]]],[[[-96.295,75.652],[-96.374,75.585],[-96.95,75.52],[-97.014,75.46],[-96.76,75.385],[-96.508,75.46],[-96.418,75.527],[-96.119,75.463],[-95.902,75.573],[-96.295,75.652]]],[[[-102.455,76.098],[-102.839,76.076],[-103.546,75.981],[-103.947,75.95],[-103.894,75.909],[-103.526,75.9],[-102.557,75.99],[-102.265,76.032],[-102.455,76.098]]],[[[-100.453,69.046],[-100.618,68.999],[-100.611,68.787],[-100.366,68.73],[-100.134,68.796],[-100.198,68.935],[-100.313,69.031],[-100.453,69.046]]],[[[-78.162,69.76],[-78.209,69.684],[-78.557,69.638],[-78.775,69.529],[-78.462,69.516],[-78.073,69.586],[-77.943,69.643],[-77.983,69.707],[-78.162,69.76]]],[[[-95.774,69.637],[-95.91,69.604],[-95.967,69.513],[-95.901,69.427],[-95.654,69.488],[-95.582,69.407],[-95.725,69.374],[-95.555,69.322],[-95.369,69.406],[-95.322,69.506],[-95.5,69.59],[-95.774,69.637]]],[[[-71.864,71.072],[-72.023,71.043],[-72.135,70.851],[-71.914,70.853],[-71.617,70.91],[-71.425,70.919],[-71.361,70.995],[-71.864,71.072]]],[[[-102.137,76.001],[-102.645,75.958],[-103.07,75.902],[-103.223,75.804],[-103.228,75.748],[-102.868,75.751],[-102.498,75.802],[-102.437,75.876],[-101.969,75.953],[-102.137,76.001]]],[[[-90.016,76.842],[-90.479,76.802],[-90.604,76.744],[-90.322,76.618],[-90.216,76.527],[-89.956,76.472],[-89.676,76.509],[-89.836,76.548],[-89.84,76.668],[-89.694,76.697],[-89.858,76.812],[-90.016,76.842]]],[[[-75.25,68.73],[-75.392,68.628],[-75.413,68.537],[-75.245,68.448],[-75.025,68.403],[-74.998,68.342],[-74.788,68.363],[-74.862,68.431],[-74.767,68.472],[-74.951,68.58],[-74.964,68.653],[-75.25,68.73]]],[[[-76.71,69.426],[-76.952,69.405],[-77.113,69.455],[-77.335,69.418],[-77.371,69.258],[-77.275,69.153],[-77.1,69.128],[-76.88,69.183],[-76.901,69.231],[-76.644,69.348],[-76.71,69.426]]],[[[-102.071,77.906],[-102.454,77.88],[-102.522,77.791],[-102.069,77.684],[-101.813,77.674],[-101.512,77.729],[-101.104,77.718],[-100.943,77.773],[-101.26,77.857],[-101.733,77.909],[-102.071,77.906]]],[[[-85.081,66.03],[-85.16,65.989],[-85.107,65.901],[-85.101,65.746],[-84.877,65.673],[-84.819,65.585],[-84.728,65.541],[-84.557,65.611],[-84.64,65.768],[-84.791,65.908],[-84.901,65.953],[-84.922,66.019],[-85.081,66.03]]],[[[-70.779,62.842],[-71.167,62.898],[-71.189,62.859],[-70.979,62.826],[-70.728,62.75],[-70.83,62.706],[-70.714,62.554],[-70.484,62.548],[-70.363,62.523],[-70.169,62.577],[-70.267,62.659],[-70.568,62.79],[-70.779,62.842]]],[[[-77.028,63.676],[-77.201,63.687],[-77.404,63.664],[-77.408,63.587],[-77.23,63.527],[-76.958,63.397],[-76.706,63.363],[-76.591,63.421],[-76.601,63.507],[-76.803,63.614],[-77.028,63.676]]],[[[-67.99,60.575],[-68.121,60.596],[-68.238,60.583],[-68.383,60.376],[-68.436,60.262],[-68.329,60.198],[-68.203,60.229],[-67.957,60.334],[-67.826,60.462],[-67.99,60.575]]],[[[-79.47,69.811],[-79.665,69.815],[-79.879,69.743],[-80.129,69.759],[-80.176,69.804],[-80.481,69.791],[-80.523,69.725],[-80.696,69.754],[-80.742,69.666],[-80.482,69.678],[-80.353,69.624],[-80.333,69.567],[-80.012,69.5],[-79.906,69.526],[-80.03,69.599],[-79.779,69.623],[-79.645,69.612],[-79.366,69.688],[-79.325,69.737],[-79.47,69.811]]],[[[-99.703,80.15],[-99.81,80.143],[-100.154,79.947],[-100.031,79.877],[-99.565,79.894],[-99.277,79.839],[-99.348,79.764],[-98.956,79.728],[-98.627,79.793],[-98.758,79.877],[-98.708,79.967],[-98.858,80.085],[-99.027,80.125],[-99.41,80.105],[-99.703,80.15]]],[[[-97.736,74.126],[-98.018,74.111],[-98.454,74.045],[-98.775,74.037],[-99.045,73.963],[-99.43,73.911],[-99.35,73.866],[-99.064,73.845],[-98.628,73.839],[-98.163,73.878],[-97.77,73.988],[-97.624,74.058],[-97.736,74.126]]],[[[-84.391,66.143],[-84.42,66.03],[-84.15,65.967],[-84.065,65.802],[-83.98,65.728],[-83.82,65.742],[-83.706,65.646],[-83.217,65.65],[-83.263,65.725],[-83.437,65.724],[-83.719,65.783],[-83.663,65.851],[-83.676,65.934],[-84.059,66.054],[-84.391,66.143]]],[[[-64.703,61.658],[-65.158,61.692],[-65.446,61.648],[-65.45,61.575],[-65.219,61.498],[-65.159,61.455],[-64.936,61.39],[-64.845,61.326],[-64.768,61.363],[-64.652,61.509],[-64.73,61.603],[-64.703,61.658]]],[[[-78.28,69.377],[-78.586,69.391],[-78.851,69.207],[-78.842,69.153],[-79.208,69.096],[-79.369,68.916],[-79.364,68.863],[-79.171,68.87],[-78.814,68.917],[-78.718,69.013],[-78.545,69.095],[-78.54,69.157],[-78.356,69.204],[-78.209,69.297],[-78.28,69.377]]],[[[-104.239,76.679],[-104.662,76.603],[-104.675,76.56],[-104.358,76.455],[-104.324,76.328],[-103.505,76.316],[-103.262,76.343],[-102.992,76.446],[-103.636,76.542],[-103.65,76.574],[-104.02,76.672],[-104.239,76.679]]],[[[-86.633,68.305],[-86.891,68.179],[-86.889,68.119],[-86.987,68.081],[-86.856,68.032],[-86.848,67.972],[-86.956,67.93],[-86.9,67.828],[-86.796,67.768],[-86.571,67.725],[-86.431,67.794],[-86.349,67.954],[-86.396,68.023],[-86.452,68.245],[-86.633,68.305]]],[[[-103.085,76.318],[-103.508,76.273],[-104.269,76.234],[-104.477,76.164],[-104.383,76.093],[-103.915,76.041],[-103.36,76.042],[-102.665,76.118],[-102.504,76.216],[-102.706,76.318],[-103.085,76.318]]],[[[-104.212,75.445],[-104.502,75.415],[-104.751,75.286],[-104.759,75.204],[-104.915,75.127],[-104.424,75.033],[-103.849,75.063],[-103.591,75.169],[-103.757,75.234],[-103.814,75.369],[-104.212,75.445]]],[[[-77.951,63.469],[-78.177,63.487],[-78.53,63.43],[-78.476,63.366],[-77.951,63.108],[-77.852,63.093],[-77.534,63.184],[-77.49,63.236],[-77.524,63.308],[-77.622,63.347],[-77.65,63.407],[-77.951,63.469]]],[[[-105.955,77.768],[-106.114,77.732],[-105.835,77.623],[-105.867,77.548],[-105.553,77.381],[-105.565,77.329],[-105.274,77.215],[-104.787,77.113],[-104.451,77.141],[-104.347,77.201],[-104.389,77.276],[-104.743,77.418],[-105.018,77.407],[-104.958,77.498],[-105.205,77.632],[-105.708,77.757],[-105.955,77.768]]],[[[-90.883,77.661],[-91.245,77.57],[-91.219,77.391],[-91.024,77.318],[-90.41,77.225],[-90.126,77.197],[-89.9,77.23],[-89.677,77.322],[-89.739,77.468],[-90.199,77.608],[-90.883,77.661]]],[[[-74.335,68.184],[-74.435,68.062],[-74.71,68.08],[-74.774,67.984],[-74.569,67.814],[-74.314,67.762],[-73.978,67.789],[-73.426,67.761],[-73.333,67.84],[-73.42,67.921],[-73.398,67.965],[-73.565,68.018],[-73.781,67.987],[-74.11,68.072],[-74.335,68.184]]],[[[-79.254,56.627],[-79.308,56.44],[-79.408,56.21],[-79.511,56.182],[-79.536,56.267],[-79.745,56.137],[-79.866,56.01],[-80.012,55.924],[-79.814,55.894],[-79.614,56.068],[-79.465,56.094],[-79.614,55.91],[-79.548,55.855],[-79.462,55.876],[-79.292,56.051],[-79.211,56.186],[-79.09,56.191],[-79.057,56.346],[-78.953,56.349],[-78.925,56.428],[-79.031,56.422],[-79.118,56.475],[-79.254,56.627]]],[[[-95.449,77.806],[-95.924,77.762],[-96.262,77.694],[-96.331,77.604],[-96.069,77.5],[-95.826,77.465],[-95.437,77.479],[-95.241,77.461],[-94.853,77.49],[-94.418,77.481],[-93.931,77.439],[-93.559,77.446],[-93.494,77.553],[-93.321,77.647],[-93.087,77.662],[-93.251,77.738],[-93.647,77.785],[-93.921,77.736],[-94.342,77.755],[-94.713,77.794],[-95.386,77.74],[-95.449,77.806]]],[[[-81.105,53.184],[-81.368,53.213],[-81.5,53.211],[-81.773,53.168],[-81.822,53.176],[-81.958,53.112],[-82.051,53.009],[-81.947,52.96],[-81.55,52.869],[-81.298,52.838],[-81.054,52.748],[-80.799,52.707],[-80.71,52.668],[-80.672,52.737],[-80.762,52.931],[-80.959,53.108],[-81.105,53.184]]],[[[-79.603,62.415],[-79.721,62.372],[-79.848,62.394],[-79.956,62.361],[-80.066,62.238],[-80.202,62.154],[-80.267,62.004],[-80.245,61.842],[-80.165,61.78],[-79.984,61.718],[-79.892,61.606],[-79.762,61.578],[-79.682,61.611],[-79.665,61.677],[-79.586,61.709],[-79.535,61.809],[-79.452,61.876],[-79.456,61.95],[-79.325,62.079],[-79.261,62.24],[-79.386,62.301],[-79.466,62.38],[-79.603,62.415]]],[[[-106.671,73.677],[-106.807,73.579],[-107,73.498],[-106.768,73.468],[-106.438,73.393],[-105.986,73.219],[-106.05,73.186],[-105.73,73.044],[-105.246,72.899],[-105.138,72.974],[-104.938,73.042],[-104.913,73.105],[-104.671,73.225],[-104.523,73.336],[-104.524,73.459],[-104.447,73.549],[-104.628,73.632],[-105.024,73.715],[-105.076,73.751],[-105.541,73.768],[-105.681,73.737],[-106.138,73.736],[-106.494,73.718],[-106.671,73.677]]],[[[-82.185,62.986],[-82.32,62.983],[-82.428,62.927],[-82.716,62.94],[-83.012,62.844],[-83.127,62.857],[-83.214,62.926],[-83.341,62.92],[-83.548,62.829],[-83.567,62.692],[-83.747,62.564],[-83.938,62.484],[-83.964,62.43],[-83.73,62.276],[-83.736,62.154],[-83.611,62.164],[-83.49,62.233],[-83.308,62.259],[-83.069,62.186],[-82.803,62.281],[-82.641,62.392],[-82.47,62.45],[-82.332,62.57],[-82.147,62.604],[-81.958,62.71],[-81.97,62.799],[-81.905,62.944],[-82.185,62.986]]],[[[-98.134,78.82],[-98.397,78.774],[-98.364,78.656],[-98.035,78.543],[-98.353,78.531],[-98.359,78.451],[-98.109,78.385],[-97.769,78.225],[-97.32,78.2],[-96.882,78.133],[-96.962,78.072],[-97.731,78.087],[-97.721,78.018],[-97.011,77.92],[-97.077,77.811],[-96.849,77.79],[-96.565,77.906],[-96.386,77.861],[-95.936,77.888],[-95.41,77.972],[-95.111,77.951],[-94.897,78.109],[-95.243,78.219],[-95.159,78.29],[-94.828,78.361],[-95.074,78.438],[-95.554,78.514],[-95.939,78.478],[-96.301,78.536],[-96.35,78.619],[-96.531,78.683],[-96.88,78.697],[-97.023,78.743],[-97.51,78.803],[-98.134,78.82]]],[[[-94.895,75.639],[-95.07,75.629],[-95.372,75.563],[-95.721,75.533],[-95.965,75.374],[-96.373,75.219],[-96.591,75.08],[-96.367,75.009],[-96.39,74.93],[-96.128,74.924],[-95.964,74.866],[-95.712,74.824],[-95.346,74.807],[-95.048,74.751],[-95.079,74.683],[-94.496,74.628],[-93.724,74.643],[-93.486,74.676],[-93.39,74.882],[-93.416,74.971],[-93.541,75.052],[-93.469,75.138],[-93.582,75.202],[-93.497,75.275],[-93.645,75.358],[-93.893,75.419],[-94.31,75.59],[-94.895,75.639]]],[[[-75.759,68.336],[-75.943,68.341],[-76.039,68.299],[-76.317,68.315],[-76.637,68.267],[-76.954,68.089],[-77.194,67.866],[-77.295,67.712],[-77.215,67.546],[-77.219,67.454],[-77.084,67.311],[-76.98,67.25],[-76.689,67.209],[-76.485,67.247],[-76.276,67.256],[-75.89,67.247],[-75.501,67.347],[-75.392,67.357],[-75.174,67.439],[-75.041,67.6],[-75.04,67.825],[-75.143,67.941],[-75.034,68.039],[-75.023,68.174],[-75.126,68.238],[-75.386,68.257],[-75.759,68.336]]],[[[-78.095,73.665],[-78.939,73.664],[-78.983,73.636],[-79.522,73.637],[-79.576,73.666],[-79.968,73.713],[-80.073,73.689],[-80.424,73.767],[-80.84,73.752],[-80.769,73.672],[-80.892,73.613],[-80.86,73.479],[-80.875,73.334],[-80.764,73.278],[-80.126,73.222],[-80.177,73.046],[-80.016,72.929],[-80.001,72.868],[-79.821,72.837],[-79.575,72.756],[-79.334,72.741],[-79.122,72.759],[-78.589,72.856],[-78.214,72.899],[-77.678,72.903],[-77.209,72.855],[-76.685,72.84],[-76.497,72.817],[-76.25,72.827],[-76.053,72.867],[-76.075,72.939],[-76.328,72.958],[-76.25,73.093],[-76.684,73.144],[-76.559,73.223],[-76.731,73.284],[-76.705,73.328],[-77,73.333],[-77.022,73.399],[-77.189,73.511],[-77.823,73.604],[-78.095,73.665]]],[[[-105.411,79.333],[-105.397,79.29],[-105.646,79.173],[-105.615,79.035],[-105.369,79.01],[-104.949,79.057],[-104.69,78.986],[-104.857,78.879],[-104.597,78.85],[-104.284,78.982],[-104.108,78.984],[-103.813,78.899],[-104.142,78.827],[-103.98,78.76],[-103.455,78.792],[-103.296,78.735],[-103.479,78.668],[-103.846,78.67],[-104.016,78.625],[-103.386,78.618],[-103.733,78.526],[-104.082,78.522],[-104.395,78.577],[-104.722,78.585],[-105.019,78.504],[-104.991,78.448],[-104.433,78.266],[-104.045,78.24],[-103.67,78.318],[-103.116,78.374],[-102.739,78.348],[-102.769,78.269],[-102.471,78.247],[-102.154,78.295],[-101.723,78.265],[-101.287,78.177],[-101.007,78.148],[-100.758,78.072],[-100.753,77.965],[-100.592,77.87],[-100.093,77.825],[-99.525,77.814],[-99.15,77.86],[-99.09,77.98],[-98.915,78.06],[-99.422,78.21],[-99.496,78.287],[-99.747,78.343],[-99.881,78.439],[-99.643,78.481],[-99.641,78.553],[-99.479,78.588],[-99.833,78.646],[-99.956,78.728],[-100.301,78.786],[-101.206,78.804],[-100.958,78.936],[-101.257,78.969],[-101.592,79.075],[-101.987,79.086],[-102.386,79.019],[-102.432,78.901],[-102.625,78.914],[-102.602,79.067],[-102.891,79.172],[-103.086,79.286],[-103.392,79.294],[-103.721,79.364],[-103.969,79.374],[-105.149,79.3],[-105.411,79.333]]],[[[-97.952,69.905],[-98.075,69.816],[-98.248,69.761],[-98.353,69.575],[-98.574,69.558],[-98.579,69.435],[-98.396,69.376],[-98.481,69.317],[-98.643,69.296],[-98.709,69.186],[-99.033,69.135],[-99.198,69.157],[-99.465,69.122],[-99.541,69.012],[-99.441,68.995],[-99.411,68.901],[-99.162,68.857],[-99.022,68.872],[-99.013,68.956],[-98.864,68.951],[-98.766,68.893],[-98.827,68.843],[-98.673,68.789],[-98.381,68.76],[-98.188,68.717],[-97.746,68.645],[-97.48,68.556],[-97.123,68.515],[-96.856,68.529],[-96.542,68.454],[-96.258,68.47],[-96.202,68.524],[-95.829,68.666],[-95.723,68.742],[-95.506,68.728],[-95.235,68.809],[-95.156,68.869],[-95.304,68.909],[-95.495,68.846],[-95.718,68.888],[-95.826,68.882],[-95.87,68.995],[-95.965,69.059],[-95.908,69.149],[-96.263,69.35],[-96.556,69.449],[-96.627,69.438],[-97.079,69.585],[-97.196,69.683],[-97.33,69.707],[-97.432,69.779],[-97.666,69.816],[-97.952,69.905]]],[[[-106,75.071],[-105.864,75.147],[-105.916,75.223],[-105.85,75.283],[-105.62,75.366],[-105.583,75.463],[-105.72,75.5],[-105.454,75.562],[-105.358,75.652],[-105.463,75.886],[-105.643,75.961],[-105.92,76.017],[-106.305,76.064],[-106.586,76.07],[-106.897,75.937],[-107.043,75.903],[-107.338,75.92],[-107.735,75.89],[-107.607,76.001],[-107.862,76.07],[-108.397,76.063],[-108.348,76.179],[-108.101,76.213],[-108.256,76.392],[-108.57,76.418],[-108.484,76.563],[-108.715,76.64],[-108.392,76.715],[-108.426,76.751],[-109.106,76.827],[-109.338,76.779],[-109.506,76.699],[-109.583,76.593],[-109.835,76.507],[-109.835,76.246],[-109.286,76.115],[-109.611,75.958],[-109.833,75.934],[-109.832,75.864],[-109.661,75.808],[-109.092,75.755],[-108.912,75.713],[-108.872,75.6],[-108.929,75.526],[-109.187,75.514],[-109.831,75.534],[-109.831,74.876],[-109.529,74.863],[-109.317,74.957],[-109.043,74.992],[-108.789,75.076],[-108.577,75.051],[-108.508,74.941],[-108.33,74.919],[-107.932,74.955],[-107.945,75.02],[-107.187,74.913],[-106.898,74.932],[-106.77,74.999],[-106.225,75.022],[-106,75.071]]],[[[-98.747,76.686],[-98.595,76.617],[-99.029,76.6],[-99.059,76.535],[-99.246,76.479],[-99.557,76.624],[-99.908,76.612],[-100.265,76.642],[-100.461,76.617],[-100.991,76.499],[-100.724,76.383],[-100.357,76.391],[-100.028,76.322],[-100.504,76.261],[-100.435,76.218],[-100.162,76.191],[-100.051,76.012],[-99.859,75.985],[-99.978,75.925],[-100.202,75.98],[-100.3,76.057],[-100.713,76.094],[-100.599,76.137],[-100.869,76.225],[-101.126,76.241],[-101.052,76.329],[-101.282,76.415],[-101.495,76.446],[-101.898,76.449],[-102.101,76.345],[-102.042,76.264],[-101.71,76.214],[-101.91,76.071],[-101.665,75.977],[-101.534,75.86],[-101.839,75.91],[-102.285,75.863],[-102.36,75.783],[-102.572,75.716],[-102.709,75.632],[-102.866,75.634],[-102.615,75.499],[-102.369,75.55],[-101.995,75.55],[-101.533,75.592],[-101.112,75.596],[-100.56,75.646],[-99.692,75.696],[-99.858,75.622],[-100.3,75.522],[-100.046,75.506],[-100.015,75.456],[-100.557,75.425],[-100.442,75.366],[-100.632,75.335],[-100.291,75.25],[-100.543,75.194],[-100.349,75.106],[-100.364,75.026],[-100.073,74.988],[-99.552,74.975],[-99.458,74.997],[-98.952,75.005],[-98.652,74.989],[-98.306,75.03],[-97.972,75.025],[-97.955,75.114],[-97.614,75.114],[-97.752,75.231],[-98.014,75.285],[-98.008,75.471],[-97.6,75.52],[-97.384,75.455],[-97.418,75.612],[-97.367,75.692],[-97.572,75.697],[-97.842,75.767],[-97.643,75.797],[-97.6,75.926],[-97.651,75.985],[-97.469,76.132],[-97.499,76.203],[-97.715,76.272],[-97.673,76.489],[-97.791,76.521],[-98.178,76.54],[-98.137,76.585],[-98.403,76.62],[-98.454,76.679],[-98.747,76.686]]],[[[-93.491,74.179],[-93.92,74.145],[-94.739,74.1],[-94.816,74.071],[-95.282,73.995],[-95.285,73.88],[-94.858,73.684],[-95.156,73.71],[-95.296,73.781],[-95.662,73.729],[-95.702,73.637],[-95.588,73.55],[-95.671,73.451],[-95.601,73.336],[-95.583,73.204],[-95.638,73.132],[-95.596,72.928],[-95.668,72.805],[-95.519,72.745],[-95.599,72.704],[-95.349,72.647],[-95.313,72.544],[-95.116,72.465],[-95.24,72.444],[-95.149,72.166],[-95.192,72.107],[-95.183,71.972],[-94.686,72.018],[-94.247,72.032],[-94.027,72.093],[-93.827,72.314],[-93.639,72.339],[-93.546,72.426],[-93.44,72.449],[-93.485,72.536],[-93.645,72.625],[-94.064,72.763],[-93.496,72.812],[-92.369,72.711],[-92.112,72.739],[-91.81,72.868],[-90.916,73.507],[-90.505,73.689],[-90.16,73.899],[-90.398,73.918],[-90.693,73.98],[-91.533,74.032],[-91.918,74.019],[-92.252,73.976],[-92.306,74.043],[-92.596,74.116],[-93.491,74.179]]],[[[-100.014,73.949],[-100.264,73.918],[-100.307,73.868],[-100.543,73.866],[-100.692,73.831],[-100.977,73.816],[-101.074,73.7],[-100.523,73.575],[-100.728,73.498],[-100.869,73.599],[-101.2,73.611],[-101.267,73.56],[-101.452,73.551],[-101.51,73.497],[-101.289,73.404],[-101.286,73.362],[-100.956,73.278],[-100.572,73.286],[-100.391,73.359],[-100.265,73.286],[-100.442,73.264],[-100.591,73.146],[-100.286,73.137],[-100.16,73.098],[-100.152,73.037],[-100.013,72.943],[-100.106,72.89],[-100.414,72.988],[-100.491,72.961],[-100.309,72.868],[-100.332,72.78],[-100.771,72.746],[-100.944,72.708],[-101.271,72.714],[-101.296,72.775],[-101.602,72.889],[-101.739,72.99],[-102.132,73.092],[-102.524,73.023],[-102.583,72.911],[-102.726,72.829],[-102.747,72.766],[-102.594,72.657],[-102.221,72.541],[-101.936,72.485],[-101.901,72.367],[-101.806,72.316],[-101.405,72.253],[-101.217,72.333],[-101.037,72.285],[-101.007,72.196],[-100.764,72.207],[-100.565,72.167],[-100.295,71.975],[-100.144,71.94],[-100.058,71.869],[-99.837,71.851],[-99.669,71.764],[-99.544,71.617],[-99.348,71.579],[-99.345,71.495],[-99.218,71.353],[-98.949,71.391],[-98.715,71.281],[-98.439,71.325],[-98.121,71.463],[-98.043,71.53],[-98.369,71.651],[-97.76,71.657],[-97.496,71.616],[-97.075,71.704],[-96.943,71.808],[-96.737,71.8],[-96.527,71.837],[-96.451,72.024],[-96.53,72.28],[-96.654,72.309],[-96.274,72.413],[-96.435,72.642],[-96.681,72.716],[-97.196,72.61],[-97.014,72.752],[-97.205,72.812],[-97.262,72.875],[-97.206,72.944],[-97.587,73.028],[-97.833,73.052],[-98.098,73.013],[-98.379,72.945],[-98.466,73.026],[-98.215,73.077],[-98.182,73.119],[-97.957,73.183],[-97.824,73.287],[-97.247,73.372],[-97.169,73.45],[-97.521,73.487],[-97.391,73.576],[-97.184,73.562],[-96.958,73.637],[-96.952,73.746],[-97.193,73.858],[-97.383,73.864],[-97.751,73.915],[-97.942,73.85],[-98.161,73.813],[-98.829,73.76],[-99.124,73.752],[-99.472,73.828],[-99.716,73.849],[-100.014,73.949]]],[[[-85.497,65.923],[-85.594,65.914],[-85.87,65.795],[-85.997,65.704],[-86.019,65.617],[-86.136,65.419],[-86.078,65.359],[-86.158,65.287],[-86.127,65.101],[-86.204,65.013],[-86.129,64.923],[-86.199,64.868],[-86.25,64.724],[-86.392,64.586],[-86.394,64.432],[-86.303,64.225],[-86.185,64.17],[-86.182,64.08],[-86.362,64.062],[-86.458,64.02],[-86.769,63.957],[-86.904,63.911],[-87.209,63.714],[-87.2,63.598],[-87.101,63.552],[-86.928,63.545],[-86.768,63.575],[-86.667,63.64],[-86.442,63.662],[-86.263,63.632],[-86.005,63.685],[-85.728,63.697],[-85.588,63.654],[-85.596,63.498],[-85.665,63.399],[-85.612,63.179],[-85.507,63.106],[-85.214,63.106],[-84.871,63.196],[-84.46,63.371],[-84.439,63.484],[-84.369,63.559],[-84.188,63.622],[-84.084,63.592],[-83.76,63.752],[-83.606,63.764],[-83.628,63.863],[-83.594,63.923],[-83.66,63.991],[-83.53,64.103],[-83.393,64.097],[-83.282,64.143],[-83.188,64.119],[-83.093,64.175],[-82.933,64.131],[-83.139,64.008],[-83.065,63.939],[-82.891,63.981],[-82.797,63.961],[-82.525,63.954],[-82.352,63.89],[-82.311,63.832],[-82.485,63.791],[-82.528,63.738],[-82.461,63.67],[-82.294,63.643],[-82.061,63.686],[-81.911,63.625],[-81.742,63.613],[-81.667,63.566],[-81.523,63.571],[-81.285,63.493],[-81.047,63.446],[-80.929,63.46],[-80.912,63.525],[-80.573,63.634],[-80.492,63.718],[-80.192,63.738],[-80.151,63.782],[-80.494,63.861],[-80.562,63.91],[-80.539,63.982],[-80.696,64.009],[-80.741,64.06],[-80.914,64.079],[-81.076,64.022],[-81.403,64.062],[-81.87,63.976],[-82,63.981],[-81.946,64.06],[-81.71,64.084],[-81.589,64.127],[-81.606,64.202],[-81.732,64.268],[-81.743,64.486],[-81.817,64.545],[-82.034,64.635],[-82.057,64.672],[-82.351,64.762],[-82.531,64.733],[-82.77,64.805],[-82.831,64.855],[-83.134,64.937],[-83.303,65.003],[-83.306,65.069],[-83.398,65.141],[-83.557,65.168],[-83.901,65.161],[-84.234,65.27],[-84.193,65.36],[-84.412,65.4],[-84.507,65.481],[-84.733,65.327],[-84.77,65.214],[-84.904,65.212],[-84.983,65.324],[-85,65.421],[-85.254,65.515],[-85.057,65.575],[-85.032,65.631],[-85.135,65.694],[-85.197,65.81],[-85.503,65.837],[-85.497,65.923]]],[[[-93.522,81.379],[-93.543,81.312],[-94.076,81.365],[-94.352,81.246],[-93.923,81.202],[-93.195,81.215],[-92.993,81.16],[-93.298,81.074],[-93.815,81.103],[-94.14,81.071],[-94.282,81.011],[-94.896,81.04],[-95.239,81.004],[-95.341,80.857],[-95.49,80.813],[-94.665,80.724],[-94.523,80.602],[-94.005,80.591],[-93.953,80.55],[-94.745,80.561],[-94.962,80.603],[-95.72,80.576],[-95.783,80.452],[-95.47,80.362],[-96.019,80.386],[-96.572,80.363],[-96.513,80.27],[-95.33,80.119],[-94.395,80.171],[-95.084,80.026],[-95.78,80.051],[-96.223,80.129],[-96.683,80.147],[-96.742,80.086],[-96.578,79.892],[-95.897,79.653],[-95.536,79.634],[-94.324,79.672],[-94.543,79.629],[-95.089,79.576],[-95.731,79.539],[-95.746,79.412],[-95.237,79.38],[-94.98,79.275],[-94.372,79.373],[-94.154,79.343],[-94.11,79.268],[-93.86,79.265],[-93.481,79.35],[-93.072,79.361],[-92.526,79.461],[-92.556,79.366],[-91.794,79.337],[-91.944,79.296],[-92.505,79.308],[-92.674,79.253],[-92.264,79.207],[-92.097,79.15],[-92.782,79.169],[-93.357,79.165],[-93.638,79.063],[-94.303,78.985],[-93.864,78.829],[-93.824,78.773],[-93.296,78.583],[-92.719,78.627],[-92.549,78.591],[-91.893,78.575],[-92.004,78.526],[-92.554,78.523],[-92.983,78.476],[-92.93,78.422],[-92.194,78.259],[-91.856,78.241],[-91.645,78.187],[-91.212,78.174],[-90.967,78.142],[-90.343,78.142],[-90.272,78.187],[-90.542,78.316],[-90.253,78.336],[-90.02,78.301],[-89.89,78.213],[-89.565,78.219],[-89.751,78.38],[-90.054,78.488],[-89.847,78.544],[-89.681,78.442],[-89.368,78.332],[-89.167,78.21],[-88.885,78.146],[-88.744,78.191],[-88.667,78.325],[-88.534,78.402],[-88.799,78.575],[-88.548,78.58],[-88.192,78.454],[-88.018,78.478],[-87.862,78.585],[-88.101,78.682],[-88.242,78.852],[-88.214,78.963],[-87.941,78.917],[-88.002,78.807],[-87.895,78.704],[-87.611,78.644],[-87.309,78.806],[-86.783,78.96],[-86.579,78.983],[-86.501,79.059],[-85.717,79.149],[-85.28,79.183],[-84.882,79.27],[-85.003,79.359],[-85.267,79.426],[-85.534,79.545],[-85.822,79.616],[-86.094,79.605],[-86.354,79.652],[-86.663,79.663],[-87.174,79.579],[-86.938,79.92],[-87.248,80.076],[-87.691,80.083],[-88.018,80.134],[-87.558,80.174],[-87.522,80.242],[-87.605,80.406],[-88.34,80.44],[-88.597,80.389],[-88.669,80.28],[-88.45,80.205],[-88.237,80.194],[-88.321,80.077],[-88.763,80.139],[-89.106,80.217],[-89.203,80.293],[-88.993,80.451],[-89.224,80.525],[-89.824,80.525],[-90.357,80.549],[-90.706,80.595],[-90.545,80.639],[-90.702,80.713],[-91.127,80.771],[-91.106,80.818],[-91.432,80.912],[-92.055,81.226],[-93.103,81.355],[-93.522,81.379]]],[[[-95.687,77.068],[-96.401,77.036],[-96.472,76.972],[-96.84,76.931],[-96.492,76.79],[-96.68,76.779],[-96.888,76.823],[-96.972,76.733],[-96.653,76.711],[-96.4,76.634],[-96.268,76.641],[-96.049,76.556],[-96.127,76.506],[-95.825,76.395],[-95.403,76.353],[-95.306,76.283],[-95.048,76.22],[-94.767,76.288],[-94.2,76.282],[-93.698,76.249],[-93.314,76.371],[-93.086,76.363],[-92.965,76.241],[-92.794,76.212],[-92.653,76.128],[-92.63,76.033],[-92.482,75.949],[-92.11,75.855],[-92.127,75.715],[-91.996,75.662],[-92.422,75.437],[-92.506,75.217],[-92.341,75.144],[-92.135,75.132],[-92.205,75.067],[-92.16,74.989],[-92.019,74.916],[-92.046,74.777],[-91.607,74.711],[-91.593,74.653],[-91.109,74.629],[-91.232,74.731],[-90.397,74.608],[-89.985,74.531],[-89.583,74.539],[-89.272,74.575],[-89.121,74.627],[-89.088,74.715],[-88.823,74.691],[-88.749,74.791],[-88.551,74.841],[-88.415,74.742],[-88.573,74.607],[-88.555,74.5],[-87.651,74.459],[-86.971,74.462],[-86.31,74.492],[-86.129,74.48],[-85.368,74.501],[-84.322,74.504],[-83.857,74.553],[-83.593,74.542],[-83.443,74.592],[-83.316,74.784],[-83.097,74.786],[-83.13,74.687],[-82.943,74.563],[-82.798,74.529],[-82.205,74.529],[-82.046,74.489],[-81.757,74.471],[-81.232,74.587],[-80.703,74.561],[-80.3,74.579],[-80.16,74.716],[-80.312,74.79],[-79.429,74.864],[-79.511,74.993],[-79.748,75.033],[-80.117,74.962],[-80.394,75],[-80.292,75.066],[-79.967,75.091],[-79.499,75.225],[-79.482,75.378],[-79.958,75.479],[-80.414,75.455],[-80.089,75.54],[-80.245,75.63],[-80.515,75.657],[-81.013,75.62],[-81.295,75.65],[-81.093,75.762],[-81.588,75.809],[-81.899,75.806],[-82.354,75.837],[-82.662,75.811],[-82.95,75.753],[-83.277,75.739],[-83.533,75.787],[-83.953,75.804],[-84.23,75.761],[-84.32,75.708],[-84.635,75.686],[-84.659,75.643],[-85.051,75.666],[-85.36,75.58],[-86.016,75.534],[-86.164,75.505],[-85.827,75.423],[-86.349,75.421],[-86.571,75.471],[-86.796,75.476],[-87.307,75.622],[-87.547,75.562],[-87.734,75.576],[-88.072,75.526],[-88.438,75.59],[-88.627,75.67],[-88.927,75.608],[-88.743,75.469],[-88.927,75.428],[-89.112,75.484],[-89.209,75.588],[-89.164,75.772],[-89.668,75.893],[-89.849,75.964],[-90.791,75.991],[-90.189,76.061],[-90.656,76.119],[-90.89,76.174],[-89.641,76.167],[-89.31,76.194],[-89.194,76.244],[-89.286,76.298],[-89.773,76.323],[-90.35,76.398],[-90.623,76.403],[-90.51,76.519],[-90.985,76.654],[-91.442,76.693],[-91.919,76.673],[-92.157,76.617],[-92.674,76.593],[-92.883,76.623],[-93.473,76.508],[-93.188,76.679],[-93.182,76.749],[-93.61,76.862],[-93.722,76.925],[-93.993,76.935],[-94.203,76.884],[-94.443,76.918],[-94.628,76.984],[-95.187,76.995],[-95.419,77.06],[-95.687,77.068]]],[[[-116.466,69.703],[-117,69.69],[-116.816,69.647],[-116.852,69.579],[-116.57,69.552],[-116.619,69.462],[-116.501,69.409],[-116.364,69.403],[-115.938,69.298],[-115.294,69.274],[-115.162,69.251],[-114.451,69.276],[-114.243,69.294],[-114.153,69.251],[-113.681,69.222],[-113.69,69.12],[-113.545,68.957],[-113.662,68.898],[-113.551,68.746],[-113.417,68.695],[-113.349,68.598],[-113.088,68.552],[-113.202,68.461],[-112.869,68.491],[-112.745,68.471],[-112.594,68.512],[-112.333,68.502],[-112.096,68.537],[-112.002,68.523],[-111.659,68.554],[-111.168,68.526],[-110.946,68.553],[-110.534,68.627],[-110.393,68.61],[-110.163,68.645],[-110.027,68.623],[-109.699,68.638],[-109.382,68.7],[-109.035,68.727],[-108.573,68.866],[-108.539,68.944],[-107.956,68.94],[-107.493,68.984],[-107.274,69.042],[-107.073,69.184],[-106.917,69.22],[-106.959,69.357],[-106.74,69.384],[-106.593,69.498],[-106.446,69.474],[-106.317,69.404],[-106.243,69.287],[-106.386,69.25],[-106.313,69.19],[-106.144,69.141],[-105.845,69.185],[-105.524,69.153],[-105.365,69.107],[-105.11,69.078],[-104.924,69.036],[-105.246,68.961],[-105.124,68.896],[-104.713,68.862],[-104.53,68.863],[-104.341,68.915],[-104.096,68.859],[-103.967,68.879],[-103.841,68.839],[-103.493,68.812],[-103.112,68.846],[-103.012,68.798],[-102.826,68.835],[-102.454,68.873],[-102.457,68.903],[-102.222,68.944],[-102.063,69.011],[-101.973,68.977],[-101.768,69.095],[-101.736,69.189],[-101.91,69.257],[-102.069,69.183],[-102.182,69.227],[-102.011,69.274],[-101.972,69.463],[-102.116,69.501],[-102.427,69.504],[-102.575,69.428],[-102.814,69.383],[-103.008,69.22],[-103.031,69.391],[-102.999,69.498],[-103.153,69.506],[-103.206,69.569],[-103.343,69.584],[-103.602,69.715],[-103.281,69.715],[-103.23,69.648],[-102.832,69.566],[-102.526,69.552],[-102.491,69.667],[-102.61,69.721],[-102.486,69.785],[-102.276,69.812],[-102.164,69.908],[-102.024,69.866],[-101.932,69.745],[-101.666,69.708],[-101.433,69.796],[-101.222,69.666],[-101.058,69.657],[-100.905,69.698],[-100.848,69.883],[-100.927,69.952],[-100.891,70.019],[-101.002,70.203],[-101.417,70.128],[-101.628,70.179],[-101.596,70.282],[-101.743,70.312],[-101.856,70.276],[-102.19,70.347],[-102.515,70.473],[-102.73,70.513],[-103.076,70.506],[-103.148,70.554],[-103.522,70.596],[-103.75,70.736],[-103.957,70.77],[-104.164,70.971],[-104.373,70.994],[-104.6,71.109],[-104.422,71.236],[-104.476,71.346],[-104.267,71.393],[-104.368,71.545],[-104.302,71.598],[-104.524,71.765],[-104.683,71.789],[-104.821,71.896],[-104.785,71.967],[-104.995,72.137],[-104.95,72.152],[-105.127,72.368],[-105.228,72.405],[-105.207,72.517],[-105.305,72.562],[-105.315,72.651],[-105.427,72.708],[-105.367,72.811],[-105.497,72.895],[-105.781,72.979],[-105.769,73.028],[-106.01,73.042],[-106.204,73.084],[-106.513,73.212],[-106.68,73.235],[-106.861,73.315],[-107.01,73.284],[-107.184,73.2],[-107.608,73.325],[-107.997,73.353],[-108.042,73.242],[-108.245,73.176],[-108.263,73.124],[-108.096,73.053],[-108.101,72.844],[-107.967,72.707],[-107.992,72.635],[-107.828,72.579],[-107.944,72.51],[-107.768,72.44],[-107.705,72.314],[-107.759,72.15],[-107.57,72.081],[-107.609,72.032],[-107.405,71.98],[-107.276,71.89],[-107.303,71.799],[-107.572,71.77],[-107.67,71.705],[-107.977,71.64],[-108.016,71.725],[-108.272,71.793],[-108.276,71.983],[-108.398,72.011],[-108.379,72.143],[-108.483,72.184],[-108.649,72.35],[-108.584,72.552],[-108.812,72.608],[-109.01,72.569],[-109.02,72.684],[-109.841,72.926],[-109.842,72.725],[-109.842,72.71],[-109.842,72.697],[-109.843,72.667],[-109.844,72.54],[-109.845,72.485],[-109.845,72.457],[-109.845,72.444],[-109.862,69.998],[-112.511,70.002],[-112.518,69.848],[-112.818,69.847],[-112.825,70.003],[-117.023,70],[-116.924,69.88],[-116.755,69.786],[-116.466,69.703]]],[[[-64.826,82.907],[-65.733,82.849],[-67.332,82.677],[-67.437,82.648],[-68.491,82.654],[-66.816,82.812],[-66.349,82.896],[-67.101,82.962],[-68.167,82.949],[-68.491,83.009],[-69.459,83.032],[-69.784,83.111],[-70.625,83.107],[-71.778,83.011],[-71.585,83.102],[-72.592,83.097],[-73.257,83.017],[-73.631,82.941],[-73.148,82.804],[-73.713,82.839],[-73.971,82.959],[-74.411,83.026],[-75.242,83.03],[-76.866,83.087],[-77.409,83.059],[-77.419,82.991],[-76.688,82.887],[-76.303,82.762],[-76.226,82.694],[-75.413,82.61],[-75.76,82.562],[-76.573,82.667],[-76.651,82.725],[-77.116,82.862],[-77.818,82.93],[-78.444,82.857],[-78.942,82.89],[-79.189,82.941],[-79.778,82.955],[-80.345,82.895],[-79.986,82.805],[-80.358,82.786],[-80.837,82.815],[-81.42,82.816],[-80.249,82.467],[-80.507,82.446],[-81.135,82.595],[-81.422,82.632],[-82.141,82.669],[-82.363,82.608],[-81.668,82.485],[-82.493,82.497],[-82.677,82.394],[-82.587,82.35],[-81.784,82.222],[-80.919,82.142],[-80.887,82.094],[-79.858,81.995],[-79.454,81.904],[-79.696,81.88],[-80.044,81.979],[-80.708,82.009],[-82.217,82.204],[-82.611,82.281],[-82.994,82.222],[-83.66,82.349],[-84.342,82.378],[-84.939,82.427],[-85.485,82.414],[-85.584,82.232],[-86.618,82.226],[-86.855,82.203],[-86.639,82.121],[-86.864,82.05],[-88.015,82.104],[-88.93,82.011],[-89.372,81.906],[-90.568,81.878],[-91.436,81.766],[-91.76,81.674],[-91.7,81.612],[-91.314,81.54],[-90.91,81.56],[-90.678,81.664],[-89.823,81.627],[-90.083,81.56],[-90.758,81.459],[-90.395,81.396],[-89.758,81.428],[-88.88,81.539],[-88.781,81.5],[-89.509,81.356],[-89.929,81.328],[-89.297,81.236],[-89.931,81.243],[-90.236,81.197],[-90.128,81.055],[-89.707,81.008],[-88.217,81.069],[-87.367,81.065],[-86.319,81.13],[-85.933,81.223],[-84.892,81.31],[-84.665,81.282],[-85.338,81.21],[-85.915,81.096],[-86.7,80.998],[-87.523,80.978],[-87.996,81.006],[-89.143,80.948],[-89.405,80.916],[-89.28,80.853],[-88.633,80.766],[-88.183,80.682],[-87.486,80.623],[-87.157,80.635],[-87.043,80.719],[-86.722,80.784],[-86.167,80.958],[-85.668,81.045],[-85.188,81.049],[-84.19,81.103],[-83.58,81.08],[-84.961,81.02],[-85.681,80.965],[-85.882,80.887],[-86.495,80.718],[-86.708,80.598],[-86.034,80.53],[-85.804,80.541],[-85.125,80.509],[-84.428,80.512],[-83.787,80.542],[-83.655,80.624],[-83.783,80.729],[-83.321,80.68],[-82.529,80.743],[-81.944,80.835],[-81.737,80.816],[-82.203,80.717],[-82.792,80.686],[-83.064,80.644],[-83.08,80.54],[-82.33,80.56],[-80.937,80.656],[-79.947,80.77],[-79.469,80.849],[-79.375,80.99],[-79.227,81.057],[-78.735,81.126],[-78.634,81.193],[-78.152,81.301],[-77.433,81.376],[-76.896,81.394],[-77.968,81.253],[-78.434,81.085],[-78.955,80.981],[-78.861,80.852],[-78.05,80.901],[-77.548,80.916],[-77.184,80.89],[-76.702,80.89],[-76.448,80.847],[-77.499,80.835],[-78.19,80.803],[-79.311,80.708],[-79.988,80.613],[-79.606,80.597],[-79.053,80.619],[-78.529,80.569],[-80.212,80.529],[-80.367,80.461],[-80.831,80.46],[-83.196,80.326],[-82.282,80.05],[-81.655,79.914],[-81.516,79.716],[-81.095,79.695],[-80.938,79.654],[-80.601,79.652],[-80.328,79.686],[-79.706,79.706],[-79.869,79.65],[-80.451,79.621],[-80.594,79.562],[-81.449,79.642],[-81.969,79.72],[-82.082,79.852],[-83.237,80.111],[-83.604,80.221],[-84.089,80.271],[-85.337,80.269],[-85.715,80.325],[-86.376,80.32],[-86.489,80.298],[-86.624,80.124],[-86.485,80.017],[-85.492,79.962],[-85.589,79.942],[-86.39,79.968],[-86.453,79.78],[-85.839,79.707],[-85.518,79.704],[-85.14,79.647],[-84.898,79.49],[-84.492,79.417],[-84.469,79.333],[-84.285,79.199],[-83.501,79.047],[-83.899,79.041],[-84.035,79.102],[-84.505,79.15],[-84.78,79.069],[-84.704,79.021],[-84.173,78.958],[-83.572,78.935],[-82.896,78.936],[-82.542,78.891],[-81.762,78.925],[-81.889,78.868],[-82.462,78.836],[-83.077,78.861],[-83.211,78.803],[-82.833,78.733],[-82.621,78.729],[-82.516,78.659],[-83.101,78.712],[-83.693,78.828],[-84.149,78.854],[-84.643,78.856],[-85.074,78.922],[-85.676,78.847],[-86.623,78.802],[-86.849,78.743],[-87.181,78.543],[-87.523,78.405],[-87.527,78.138],[-87.103,78.104],[-86.703,78.12],[-86.514,78.173],[-86.214,78.144],[-86.133,78.057],[-85.493,78.118],[-85.201,78.202],[-84.966,78.219],[-85.115,78.055],[-85.659,77.952],[-85.215,77.888],[-85.411,77.839],[-85.291,77.797],[-85.288,77.67],[-84.862,77.578],[-84.792,77.522],[-84.409,77.526],[-83.955,77.499],[-83.692,77.527],[-83.403,77.61],[-83.185,77.721],[-83.136,77.792],[-82.765,77.92],[-82.754,78.028],[-82.588,78.022],[-82.539,77.92],[-82.891,77.726],[-83.229,77.573],[-83.568,77.477],[-83.838,77.461],[-84.007,77.401],[-84.313,77.386],[-84.763,77.322],[-84.967,77.383],[-85.372,77.393],[-85.537,77.463],[-85.727,77.454],[-85.875,77.632],[-86.187,77.796],[-86.835,77.885],[-87.279,77.899],[-88.167,77.797],[-88.229,77.657],[-87.625,77.489],[-87.778,77.429],[-87.729,77.363],[-87.237,77.309],[-87.145,77.213],[-87.46,77.126],[-87.927,77.136],[-88.398,77.122],[-88.751,76.996],[-89.406,76.889],[-89.528,76.849],[-89.406,76.675],[-89.666,76.572],[-89.23,76.435],[-88.9,76.406],[-88.733,76.593],[-88.491,76.56],[-88.326,76.49],[-88.38,76.391],[-87.894,76.36],[-87.502,76.375],[-87.448,76.46],[-87.159,76.438],[-87.113,76.38],[-86.722,76.345],[-86.601,76.447],[-86.382,76.386],[-85.857,76.344],[-85.744,76.353],[-85.239,76.279],[-84.926,76.282],[-84.382,76.316],[-84.976,76.422],[-85.052,76.578],[-84.917,76.599],[-84.797,76.47],[-84.634,76.434],[-84.227,76.448],[-84.056,76.533],[-83.716,76.426],[-83.301,76.409],[-83.135,76.466],[-82.778,76.381],[-82.27,76.393],[-82.135,76.442],[-82.248,76.527],[-81.8,76.471],[-81.492,76.467],[-81.127,76.5],[-80.754,76.419],[-80.967,76.272],[-81.102,76.216],[-80.753,76.159],[-80.204,76.245],[-79.506,76.306],[-79.33,76.308],[-79.189,76.405],[-78.973,76.428],[-78.866,76.542],[-78.631,76.551],[-78.351,76.505],[-78.038,76.641],[-77.804,76.646],[-77.769,76.733],[-77.903,76.858],[-77.909,76.945],[-78.087,77.021],[-78.357,77.008],[-78.603,76.924],[-78.59,76.864],[-78.763,76.826],[-78.973,76.85],[-78.866,76.936],[-79.32,76.911],[-79.385,76.967],[-79.009,77.102],[-79.123,77.189],[-79.711,77.245],[-80.062,77.202],[-81.096,77.289],[-81.778,77.157],[-81.885,77.241],[-81.726,77.299],[-81.189,77.319],[-81.224,77.371],[-81.498,77.374],[-81.8,77.439],[-81.655,77.532],[-80.753,77.329],[-80.039,77.274],[-79.668,77.319],[-79.176,77.29],[-78.841,77.395],[-78.502,77.366],[-78.304,77.382],[-78.25,77.446],[-77.989,77.493],[-77.844,77.646],[-78.091,77.681],[-77.971,77.75],[-78.01,77.812],[-78.378,77.869],[-78.481,77.973],[-78.153,77.978],[-77.953,77.947],[-77.183,77.942],[-76.924,77.903],[-76.566,77.933],[-76.223,78.028],[-75.866,77.959],[-75.643,78.036],[-75.572,78.124],[-76.034,78.145],[-76.491,78.145],[-76.938,78.196],[-76.622,78.249],[-75.482,78.212],[-75.345,78.3],[-75.088,78.311],[-75.087,78.369],[-75.451,78.429],[-76.062,78.461],[-75.806,78.501],[-74.954,78.537],[-74.719,78.592],[-74.858,78.676],[-74.706,78.817],[-75.276,78.891],[-75.682,78.894],[-75.713,78.973],[-76.684,79.029],[-77.186,78.99],[-77.657,79.016],[-77.045,79.073],[-76.59,79.093],[-76.19,79.074],[-76.173,79.126],[-76.647,79.152],[-77.84,79.179],[-77.843,79.208],[-76.987,79.181],[-76.114,79.199],[-75.834,79.154],[-75.764,79.081],[-75.504,79.055],[-74.582,79.013],[-74.387,79.051],[-74.585,79.146],[-74.501,79.232],[-75.56,79.242],[-75.957,79.23],[-76.067,79.269],[-76.754,79.282],[-76.849,79.347],[-76.083,79.334],[-76.018,79.429],[-75.092,79.37],[-74.648,79.436],[-74.017,79.438],[-73.9,79.467],[-73.19,79.52],[-73.121,79.629],[-73.379,79.745],[-73.988,79.795],[-74.711,79.789],[-74.777,79.829],[-74.297,79.888],[-73.06,79.803],[-72.928,79.704],[-72.68,79.671],[-71.459,79.724],[-71.09,79.785],[-70.852,79.885],[-71.246,79.958],[-70.653,79.99],[-70.454,80.089],[-70.748,80.13],[-71.408,80.068],[-71.617,80.103],[-71.125,80.173],[-70.76,80.198],[-70.111,80.188],[-69.9,80.258],[-70.434,80.339],[-69.536,80.365],[-69.345,80.399],[-69.145,80.522],[-68.675,80.666],[-68.208,80.772],[-67.933,80.793],[-67.502,80.894],[-66.783,81.008],[-65.975,81.236],[-65.335,81.273],[-64.668,81.385],[-64.421,81.486],[-64.519,81.548],[-65.516,81.499],[-66.822,81.387],[-67.34,81.359],[-68.065,81.285],[-69.277,81.203],[-69.298,81.237],[-68.484,81.306],[-66.6,81.517],[-67.767,81.592],[-66.51,81.627],[-65.806,81.629],[-65.66,81.699],[-64.874,81.754],[-64.395,81.713],[-62.313,82.007],[-61.133,82.245],[-61.101,82.36],[-61.525,82.474],[-62.239,82.529],[-63.079,82.502],[-62.939,82.576],[-63.383,82.603],[-63.618,82.667],[-63.435,82.763],[-63.564,82.833],[-64.054,82.833],[-64.519,82.787],[-64.826,82.907]]],[[[-67.604,70.181],[-67.829,70.269],[-68.122,70.323],[-68.328,70.231],[-68.366,70.174],[-68.225,70.104],[-68.465,70.055],[-68.711,69.938],[-68.898,69.957],[-69.085,69.934],[-69.25,69.871],[-69.339,69.888],[-69.127,69.981],[-68.829,70.037],[-68.643,70.164],[-68.689,70.211],[-69.081,70.172],[-69.206,70.196],[-69.636,70.148],[-69.822,70.16],[-69.393,70.261],[-69.008,70.302],[-68.892,70.298],[-68.502,70.377],[-68.288,70.524],[-68.396,70.592],[-69.13,70.725],[-69.241,70.789],[-69.458,70.794],[-69.78,70.718],[-70.106,70.622],[-70.252,70.644],[-69.994,70.722],[-69.766,70.857],[-69.89,70.881],[-70.233,70.795],[-70.592,70.73],[-70.825,70.646],[-71.008,70.631],[-71.174,70.546],[-71.511,70.583],[-71.461,70.619],[-71.185,70.591],[-71.105,70.672],[-70.891,70.713],[-70.752,70.769],[-70.727,70.834],[-70.52,70.927],[-70.605,71.056],[-70.77,71.118],[-71.208,71.013],[-71.328,70.891],[-71.564,70.874],[-71.917,70.794],[-72.171,70.78],[-72.186,70.84],[-72.337,70.886],[-72.171,70.969],[-72.085,71.085],[-71.878,71.115],[-71.485,71.065],[-71.339,71.178],[-71.145,71.262],[-71.299,71.378],[-71.553,71.496],[-71.928,71.57],[-72.597,71.643],[-72.67,71.533],[-72.851,71.507],[-72.758,71.426],[-72.984,71.41],[-72.934,71.332],[-73.044,71.284],[-73.323,71.349],[-73.456,71.446],[-73.649,71.446],[-73.562,71.546],[-73.748,71.591],[-73.797,71.663],[-73.612,71.722],[-73.706,71.774],[-74.269,71.732],[-74.33,71.685],[-74.614,71.659],[-74.776,71.681],[-74.655,71.771],[-74.245,71.825],[-74.124,71.957],[-74.244,72.077],[-75.003,72.127],[-75.032,72.187],[-74.919,72.252],[-75.1,72.371],[-75.16,72.496],[-75.8,72.59],[-76.124,72.592],[-76.651,72.641],[-76.751,72.728],[-76.963,72.751],[-77.594,72.76],[-77.789,72.708],[-77.96,72.703],[-78.454,72.575],[-78.549,72.509],[-78.551,72.438],[-78.366,72.374],[-77.876,72.295],[-77.944,72.272],[-78.6,72.366],[-78.825,72.322],[-78.747,72.282],[-78.88,72.235],[-78.724,72.176],[-78.428,72.12],[-78.285,71.987],[-78.373,71.976],[-78.481,72.1],[-78.858,72.182],[-78.864,72.083],[-79.039,71.974],[-79.131,72.003],[-79.007,72.09],[-78.952,72.218],[-79.085,72.335],[-79.363,72.36],[-79.576,72.345],[-79.752,72.416],[-80.014,72.405],[-80.167,72.329],[-80.125,72.274],[-80.294,72.182],[-80.455,72.151],[-80.326,72.068],[-80.544,72.003],[-80.774,72.022],[-81.012,72.07],[-80.738,72.107],[-80.988,72.204],[-80.854,72.224],[-80.66,72.349],[-80.5,72.381],[-80.466,72.459],[-80.591,72.51],[-80.744,72.451],[-80.93,72.46],[-80.567,72.575],[-80.54,72.631],[-80.223,72.734],[-80.25,72.784],[-80.497,72.832],[-80.644,73],[-80.508,73.088],[-80.577,73.153],[-81.186,73.261],[-81.146,73.387],[-81.205,73.531],[-81.437,73.684],[-81.604,73.733],[-82.309,73.722],[-82.847,73.736],[-83.035,73.653],[-83.642,73.593],[-84.011,73.509],[-83.728,73.466],[-83.733,73.424],[-84.164,73.482],[-84.768,73.39],[-85.127,73.311],[-85.177,73.237],[-84.711,73.133],[-84.381,73.11],[-84.238,73.052],[-84.794,73.085],[-85.043,73.141],[-85.424,73.137],[-85.543,73.03],[-85.15,73.01],[-84.388,72.861],[-84.93,72.898],[-85.316,72.978],[-85.584,72.969],[-85.712,72.649],[-85.515,72.46],[-85.246,72.392],[-85.102,72.385],[-84.801,72.451],[-84.945,72.29],[-84.787,72.264],[-84.436,72.085],[-84.814,72.185],[-84.961,72.249],[-85.401,72.262],[-85.468,72.188],[-85.385,72.154],[-85.508,72.059],[-85.781,72.032],[-85.95,71.982],[-85.552,71.902],[-85.429,71.81],[-85.458,71.758],[-85.305,71.682],[-84.953,71.653],[-84.829,71.683],[-84.567,71.676],[-84.65,71.584],[-84.539,71.548],[-84.519,71.465],[-84.685,71.442],[-84.794,71.345],[-84.774,71.264],[-84.814,71.064],[-84.732,70.996],[-84.763,70.933],[-84.969,70.943],[-84.91,71.01],[-84.986,71.115],[-84.832,71.153],[-84.929,71.194],[-85.782,71.141],[-86.235,71.012],[-86.606,70.98],[-86.775,71.012],[-86.234,71.06],[-85.942,71.186],[-85.718,71.211],[-85.497,71.176],[-85.131,71.304],[-84.928,71.344],[-84.912,71.423],[-85.211,71.472],[-85.499,71.541],[-85.711,71.639],[-86.029,71.755],[-86.354,71.968],[-86.457,72.205],[-86.409,72.299],[-86.234,72.418],[-86.374,72.52],[-86.678,72.644],[-86.749,72.726],[-86.683,72.858],[-86.43,72.975],[-86.193,73.165],[-86.152,73.24],[-85.93,73.365],[-85.199,73.607],[-84.937,73.668],[-84.831,73.744],[-85.223,73.821],[-85.55,73.821],[-86.163,73.862],[-86.555,73.857],[-87.453,73.762],[-87.848,73.689],[-88.278,73.573],[-88.644,73.436],[-88.964,73.292],[-89.135,73.19],[-89.311,73.042],[-89.313,72.875],[-89.54,72.774],[-89.589,72.706],[-89.468,72.661],[-89.741,72.616],[-89.77,72.485],[-89.904,72.434],[-89.969,72.315],[-89.888,72.194],[-89.741,72.134],[-90.002,72.066],[-89.959,72.027],[-90.107,71.929],[-89.924,71.854],[-89.811,71.767],[-89.858,71.688],[-90.031,71.603],[-89.939,71.512],[-89.991,71.459],[-89.864,71.347],[-89.653,71.308],[-88.595,71.243],[-88.206,71.235],[-87.844,71.269],[-87.859,71.195],[-87.751,71.138],[-87.387,71.069],[-87.282,71.025],[-87.359,70.952],[-87.686,70.957],[-88.053,70.936],[-88.296,70.952],[-88.351,71.006],[-88.639,71.05],[-89.154,71.029],[-89.218,71.072],[-89.525,71.09],[-89.198,70.942],[-89.423,70.911],[-89.321,70.797],[-89.064,70.706],[-88.854,70.527],[-88.672,70.463],[-88.14,70.394],[-87.874,70.327],[-87.91,70.265],[-87.745,70.249],[-87.608,70.294],[-87.304,70.32],[-86.981,70.286],[-86.723,70.337],[-86.523,70.412],[-86.563,70.241],[-86.25,70.112],[-85.972,70.061],[-85.822,70.01],[-85.586,70.021],[-85.35,69.994],[-85.425,70.099],[-85.345,70.11],[-84.941,70.067],[-84.655,70.006],[-84.452,70.01],[-83.646,69.959],[-83.286,70.003],[-83.064,69.998],[-82.737,69.941],[-82.643,69.887],[-82.339,69.835],[-82.214,69.794],[-82.057,69.864],[-81.85,69.861],[-81.775,69.982],[-81.518,69.943],[-81.155,69.828],[-80.937,69.737],[-80.746,69.772],[-81.15,69.979],[-81.327,70.041],[-81.431,70.025],[-81.703,70.079],[-81.727,70.143],[-81.386,70.095],[-81.231,70.099],[-80.961,70.064],[-80.846,70.082],[-80.288,69.993],[-79.935,70.025],[-79.789,69.904],[-79.585,69.863],[-79.406,69.899],[-78.795,69.888],[-78.653,69.978],[-78.747,70.08],[-78.766,70.197],[-78.919,70.308],[-79.234,70.316],[-79.588,70.408],[-79.573,70.44],[-79.163,70.418],[-79.168,70.501],[-79.045,70.504],[-78.907,70.424],[-78.692,70.407],[-78.66,70.349],[-78.45,70.28],[-78.367,70.207],[-78.164,70.201],[-77.98,70.251],[-77.735,70.234],[-77.64,70.169],[-77.679,70.01],[-77.663,69.836],[-77.503,69.838],[-76.925,69.811],[-76.814,69.739],[-77.19,69.647],[-77.098,69.617],[-76.655,69.556],[-76.398,69.451],[-76.172,69.427],[-75.75,69.311],[-75.585,69.237],[-75.554,69.156],[-75.595,69.077],[-75.713,69.089],[-75.949,69.012],[-76.344,69.067],[-76.573,69.041],[-76.647,68.941],[-76.498,68.869],[-76.658,68.761],[-76.61,68.682],[-76.333,68.691],[-76.057,68.762],[-75.95,68.821],[-75.581,68.888],[-75.499,68.938],[-75.579,69.002],[-75.458,69.022],[-75.347,68.95],[-75.119,68.889],[-74.99,69.034],[-74.748,69.124],[-74.781,69.239],[-74.548,69.221],[-74.184,69.296],[-74.137,69.277],[-74.635,69.197],[-74.727,69.155],[-74.779,69.069],[-74.625,69.02],[-74.925,68.989],[-74.697,68.942],[-74.65,68.873],[-74.867,68.819],[-74.722,68.74],[-74.516,68.672],[-74.49,68.598],[-74.373,68.551],[-73.995,68.502],[-73.888,68.559],[-74.059,68.676],[-74.008,68.729],[-73.653,68.666],[-73.775,68.631],[-73.71,68.516],[-73.861,68.501],[-73.966,68.422],[-73.766,68.318],[-73.512,68.29],[-73.375,68.253],[-73.002,68.24],[-72.968,68.11],[-72.877,68.022],[-72.841,67.844],[-72.696,67.847],[-72.565,67.74],[-72.659,67.681],[-72.482,67.624],[-72.37,67.321],[-72.245,67.251],[-72.276,67.155],[-72.45,67.082],[-72.639,67.082],[-72.818,67.016],[-72.842,66.945],[-73.004,66.789],[-72.982,66.742],[-73.328,66.651],[-73.393,66.567],[-73.711,66.454],[-73.912,66.339],[-74.333,66.224],[-74.456,66.162],[-74.411,66.072],[-74.217,65.971],[-74.017,65.839],[-73.871,65.818],[-73.689,65.745],[-73.732,65.674],[-73.536,65.506],[-73.699,65.464],[-73.868,65.539],[-74.065,65.536],[-74.311,65.473],[-74.403,65.378],[-74.543,65.325],[-74.692,65.369],[-74.959,65.392],[-75.121,65.374],[-75.113,65.262],[-75.255,65.249],[-75.41,65.276],[-75.561,65.269],[-75.911,65.331],[-75.898,65.267],[-76.021,65.257],[-76.658,65.402],[-77.101,65.408],[-77.3,65.473],[-77.433,65.44],[-77.499,65.301],[-77.306,65.197],[-77.488,65.128],[-77.64,65.142],[-77.758,65.083],[-77.964,65.049],[-77.98,65.011],[-78.139,64.963],[-78.142,64.875],[-78.07,64.859],[-78.171,64.755],[-78.146,64.668],[-78.187,64.57],[-77.965,64.475],[-78.027,64.427],[-77.893,64.377],[-77.638,64.361],[-77.398,64.326],[-77.357,64.271],[-76.981,64.279],[-76.831,64.206],[-76.66,64.191],[-76.733,64.293],[-76.589,64.313],[-76.492,64.271],[-76.298,64.271],[-76.367,64.357],[-76.169,64.347],[-76.136,64.382],[-75.925,64.373],[-75.79,64.411],[-75.73,64.472],[-75.817,64.534],[-75.709,64.578],[-75.487,64.551],[-75.206,64.448],[-75.01,64.446],[-74.768,64.379],[-74.495,64.45],[-74.609,64.539],[-74.45,64.565],[-74.652,64.666],[-74.805,64.699],[-74.727,64.76],[-74.59,64.663],[-74.382,64.567],[-74.151,64.682],[-74.036,64.655],[-74.13,64.54],[-74.042,64.482],[-74.08,64.361],[-73.971,64.361],[-73.966,64.458],[-73.862,64.469],[-73.853,64.531],[-73.627,64.606],[-73.682,64.507],[-73.63,64.376],[-73.485,64.398],[-73.351,64.351],[-73.364,64.264],[-73.101,64.266],[-73.034,64.2],[-72.899,64.158],[-72.835,64.088],[-72.886,64.028],[-72.732,64.003],[-72.595,63.872],[-72.397,63.812],[-72.3,63.872],[-72.217,63.808],[-72.354,63.752],[-72.184,63.67],[-72.017,63.674],[-71.92,63.726],[-71.917,63.795],[-71.739,63.748],[-71.666,63.667],[-71.563,63.654],[-71.441,63.576],[-71.362,63.612],[-71.276,63.527],[-71.399,63.519],[-71.602,63.409],[-71.912,63.442],[-71.93,63.405],[-71.764,63.282],[-71.606,63.241],[-71.627,63.135],[-71.472,63.114],[-71.402,63.05],[-71.126,63.031],[-71.054,62.968],[-70.805,62.958],[-70.784,62.894],[-70.492,62.879],[-70.216,62.758],[-70.082,62.744],[-69.964,62.798],[-69.865,62.75],[-69.699,62.771],[-69.539,62.724],[-69.484,62.598],[-69.337,62.536],[-69.126,62.414],[-68.722,62.321],[-68.597,62.257],[-67.792,62.195],[-67.692,62.153],[-67.555,62.167],[-67.373,62.147],[-67.293,62.069],[-67.199,62.088],[-66.65,61.978],[-66.468,61.899],[-66.275,61.862],[-65.954,61.876],[-65.943,61.921],[-66.065,62.026],[-66.009,62.048],[-66.045,62.218],[-66.207,62.35],[-66.379,62.362],[-66.49,62.416],[-66.524,62.544],[-66.713,62.661],[-66.9,62.668],[-67.058,62.753],[-67.053,62.786],[-67.352,62.953],[-67.435,62.981],[-67.608,63.093],[-67.756,63.08],[-67.859,63.133],[-68.089,63.165],[-68.347,63.365],[-68.619,63.486],[-68.796,63.598],[-68.914,63.725],[-68.686,63.76],[-68.445,63.721],[-68.381,63.661],[-68.067,63.594],[-67.814,63.467],[-67.781,63.409],[-67.623,63.395],[-67.796,63.582],[-67.666,63.643],[-67.512,63.552],[-67.453,63.451],[-67.159,63.301],[-66.975,63.253],[-66.846,63.145],[-66.637,63.063],[-66.511,63.09],[-66.342,62.997],[-66.261,63.024],[-66.162,62.954],[-66.057,62.943],[-66.029,63.014],[-65.733,62.934],[-65.585,62.822],[-65.312,62.854],[-65.321,62.699],[-65.201,62.57],[-65.117,62.563],[-64.992,62.621],[-64.939,62.723],[-65.197,62.909],[-65.079,62.947],[-64.846,62.867],[-64.71,62.874],[-64.596,62.92],[-64.732,62.956],[-64.794,63.148],[-64.962,63.162],[-64.883,63.251],[-65.065,63.562],[-64.957,63.597],[-64.845,63.548],[-64.771,63.367],[-64.703,63.279],[-64.578,63.252],[-64.474,63.315],[-64.507,63.397],[-64.461,63.431],[-64.505,63.558],[-64.488,63.639],[-64.594,63.724],[-64.747,63.74],[-64.975,63.811],[-64.881,63.891],[-64.607,63.974],[-64.698,64.024],[-64.836,64.009],[-65.01,64.047],[-65.135,64.113],[-65.298,64.242],[-65.06,64.409],[-65.059,64.481],[-65.31,64.537],[-65.453,64.496],[-65.626,64.505],[-65.693,64.499],[-65.703,64.534],[-65.676,64.595],[-65.556,64.641],[-65.53,64.722],[-65.687,64.848],[-65.911,64.894],[-65.898,64.818],[-66.101,64.781],[-66.177,64.823],[-66.119,64.869],[-66.405,64.927],[-66.549,64.979],[-66.558,65.023],[-66.811,65.054],[-66.843,65.133],[-67.011,65.196],[-67.139,65.303],[-67.053,65.466],[-67.36,65.468],[-67.464,65.506],[-67.26,65.596],[-67.418,65.679],[-67.747,65.637],[-67.952,65.537],[-67.86,65.691],[-67.989,65.699],[-67.985,65.776],[-68.164,65.885],[-68.298,65.91],[-68.166,66.035],[-68.037,66.033],[-67.802,65.876],[-67.684,65.92],[-67.286,65.933],[-67.158,66.016],[-67.267,66.105],[-67.499,66.154],[-67.743,66.249],[-67.692,66.287],[-67.866,66.455],[-67.559,66.408],[-67.41,66.302],[-67.112,66.313],[-67.185,66.359],[-67.117,66.442],[-67.268,66.483],[-67.36,66.551],[-67.032,66.521],[-66.858,66.537],[-66.818,66.464],[-66.703,66.387],[-66.469,66.313],[-66.541,66.244],[-66.482,66.211],[-66.282,66.219],[-66.141,66.131],[-65.899,66.098],[-65.964,66.044],[-65.953,65.969],[-65.355,65.983],[-65.037,66.067],[-64.834,66.102],[-64.849,66.196],[-64.736,66.215],[-64.769,66.087],[-64.856,66.026],[-65.358,65.913],[-65.443,65.834],[-65.38,65.782],[-65.464,65.683],[-65.294,65.636],[-65.268,65.572],[-65.101,65.501],[-65.16,65.434],[-65.063,65.372],[-64.909,65.343],[-64.904,65.281],[-64.671,65.198],[-64.701,65.168],[-64.512,65.115],[-64.372,65.18],[-64.243,65.199],[-64.264,65.103],[-64.086,65.113],[-63.9,65.093],[-63.847,64.978],[-63.483,64.982],[-63.394,65.036],[-63.425,65.084],[-63.329,65.144],[-63.447,65.171],[-63.341,65.241],[-63.459,65.267],[-63.403,65.327],[-63.46,65.433],[-63.365,65.529],[-63.371,65.625],[-63.451,65.673],[-63.38,65.715],[-63.043,65.626],[-62.916,65.633],[-62.735,65.583],[-62.625,65.605],[-62.612,65.676],[-62.514,65.781],[-62.285,65.801],[-62.394,65.869],[-62.321,65.967],[-62.122,65.986],[-62.057,66.104],[-62.494,66.219],[-62.316,66.299],[-62.478,66.4],[-62.196,66.407],[-62.167,66.307],[-62.058,66.326],[-61.888,66.278],[-61.76,66.327],[-61.649,66.318],[-61.502,66.358],[-61.568,66.488],[-61.796,66.613],[-61.712,66.629],[-61.534,66.526],[-61.351,66.562],[-61.262,66.618],[-61.299,66.665],[-61.594,66.858],[-61.725,66.88],[-61.83,66.969],[-62.037,66.959],[-62.017,67.054],[-62.215,67.043],[-62.264,66.947],[-62.424,66.928],[-62.564,66.953],[-62.763,66.934],[-63.064,66.933],[-63.331,66.897],[-63.309,66.816],[-63.483,66.846],[-63.512,66.919],[-63.232,66.961],[-63.286,67.111],[-63.011,67.167],[-62.973,67.278],[-63.076,67.33],[-63.289,67.303],[-63.447,67.228],[-63.573,67.24],[-64.028,67.209],[-63.953,67.269],[-64.184,67.269],[-63.945,67.347],[-64.031,67.46],[-64.078,67.603],[-64.29,67.723],[-64.52,67.812],[-64.753,67.82],[-64.778,67.782],[-65.015,67.786],[-65.057,67.839],[-64.958,67.913],[-64.711,67.976],[-64.941,68.042],[-65.078,68.044],[-65.195,67.951],[-65.426,67.917],[-65.46,67.987],[-65.644,68.001],[-65.746,67.955],[-65.777,67.861],[-65.925,67.872],[-66.026,67.963],[-66.183,68.014],[-66.313,68.126],[-66.512,68.148],[-66.834,68.121],[-66.763,68.239],[-66.994,68.287],[-67.024,68.361],[-66.821,68.48],[-67.102,68.425],[-67.289,68.458],[-67.338,68.504],[-67.673,68.563],[-67.788,68.535],[-68.128,68.533],[-68.136,68.578],[-68.478,68.611],[-68.235,68.664],[-68.228,68.716],[-68.556,68.751],[-68.682,68.74],[-69.104,68.807],[-68.753,68.816],[-68.624,68.789],[-68.435,68.848],[-68.124,68.834],[-68.002,69.001],[-67.715,69.023],[-68.207,69.153],[-68.144,69.205],[-68.207,69.276],[-68.432,69.271],[-68.934,69.338],[-68.89,69.357],[-68.393,69.297],[-68.195,69.318],[-67.653,69.175],[-67.27,69.177],[-67.135,69.198],[-66.774,69.143],[-66.681,69.189],[-66.677,69.269],[-66.855,69.368],[-67.23,69.469],[-67.77,69.49],[-67.998,69.467],[-68.602,69.589],[-68.712,69.65],[-68.321,69.631],[-68.105,69.765],[-67.757,69.779],[-67.415,69.72],[-67.219,69.718],[-67.159,69.759],[-67.248,69.97],[-67.343,69.997],[-67.444,70.096],[-67.604,70.181]]],[[[-102,60],[-94.824,60],[-94.709,60.099],[-94.76,60.172],[-94.719,60.283],[-94.645,60.381],[-94.71,60.469],[-94.564,60.53],[-94.533,60.617],[-94.43,60.7],[-94.445,60.745],[-94.323,60.863],[-94.228,60.885],[-94.172,60.997],[-94.19,61.059],[-94.091,61.113],[-94.119,61.164],[-94.013,61.206],[-94.065,61.265],[-93.84,61.31],[-93.991,61.457],[-93.83,61.553],[-93.553,61.655],[-93.278,61.725],[-93.537,61.847],[-93.551,61.92],[-93.277,61.892],[-93.196,61.944],[-93.327,61.997],[-93.184,62.051],[-92.987,62.067],[-93.045,62.2],[-92.886,62.203],[-92.777,62.171],[-92.75,62.307],[-92.53,62.166],[-92.552,62.315],[-92.686,62.356],[-92.737,62.483],[-92.571,62.481],[-92.343,62.57],[-91.947,62.521],[-91.846,62.591],[-91.891,62.654],[-91.994,62.641],[-92.306,62.706],[-92.428,62.796],[-92.299,62.848],[-92.158,62.809],[-92.099,62.862],[-91.878,62.824],[-91.776,62.834],[-91.624,62.797],[-91.41,62.791],[-91.062,62.905],[-91.034,62.936],[-90.776,62.928],[-90.694,62.968],[-90.617,63.081],[-90.699,63.136],[-90.687,63.223],[-90.762,63.322],[-90.673,63.356],[-90.827,63.416],[-91.23,63.481],[-91.63,63.586],[-91.605,63.657],[-91.73,63.712],[-91.993,63.683],[-92.201,63.577],[-92.27,63.626],[-92.094,63.682],[-92.238,63.745],[-92.426,63.744],[-92.463,63.8],[-92.609,63.759],[-92.799,63.833],[-92.893,63.824],[-93.102,63.864],[-93.365,63.967],[-93.446,63.951],[-93.459,63.832],[-93.595,63.87],[-93.717,63.954],[-93.53,63.979],[-93.541,64.063],[-93.341,63.974],[-93.216,63.973],[-93.045,63.917],[-92.785,63.881],[-92.657,63.823],[-92.515,63.833],[-92.376,63.769],[-92.215,63.765],[-92.14,63.733],[-91.799,63.749],[-91.429,63.691],[-91.377,63.647],[-91.04,63.603],[-90.816,63.501],[-90.67,63.592],[-90.216,63.605],[-90.089,63.702],[-90.062,63.765],[-89.962,63.79],[-90.096,63.877],[-90.183,63.989],[-89.972,63.977],[-89.834,64.019],[-89.982,64.164],[-89.626,64.041],[-89.291,64.031],[-89.137,63.948],[-89.07,63.977],[-88.761,63.982],[-88.554,64.032],[-88.5,64.097],[-88.342,64.1],[-88.193,64.171],[-88.039,64.184],[-88.046,64.258],[-87.851,64.372],[-87.807,64.51],[-87.551,64.569],[-87.503,64.621],[-87.522,64.718],[-87.285,64.756],[-87.242,64.877],[-87.175,64.935],[-87.051,64.961],[-87.076,65.022],[-86.946,65.172],[-87.16,65.253],[-87.553,65.292],[-87.754,65.281],[-88.307,65.273],[-88.605,65.316],[-89.037,65.323],[-89.164,65.44],[-89.34,65.489],[-89.425,65.598],[-89.576,65.641],[-89.682,65.717],[-90.194,65.863],[-90.034,65.894],[-89.776,65.827],[-89.692,65.862],[-89.709,65.933],[-89.388,65.865],[-89.057,65.738],[-89.025,65.704],[-88.545,65.575],[-88.245,65.446],[-88.217,65.403],[-88.018,65.345],[-87.842,65.322],[-87.644,65.334],[-87.35,65.32],[-87.075,65.401],[-87.071,65.485],[-86.808,65.557],[-86.691,65.639],[-86.533,65.677],[-86.431,65.777],[-86.404,65.901],[-86.334,65.896],[-86.19,65.98],[-85.962,66.03],[-85.993,66.105],[-85.86,66.159],[-85.897,66.197],[-86.318,66.287],[-86.625,66.32],[-86.787,66.446],[-86.7,66.535],[-86.389,66.517],[-86.058,66.526],[-85.788,66.499],[-85.748,66.527],[-85.436,66.581],[-85.315,66.453],[-85.249,66.274],[-84.999,66.275],[-84.655,66.227],[-84.46,66.162],[-84.358,66.219],[-84.594,66.361],[-84.469,66.409],[-84.384,66.343],[-84.139,66.314],[-84.075,66.24],[-83.952,66.195],[-83.666,66.182],[-83.742,66.287],[-83.828,66.314],[-83.883,66.45],[-84.139,66.564],[-84.14,66.678],[-84.416,66.724],[-84.477,66.832],[-84.62,66.877],[-84.633,66.946],[-84.876,66.935],[-84.887,66.882],[-85.024,66.836],[-85.186,66.909],[-84.781,66.973],[-84.573,66.975],[-84.352,66.912],[-84.414,66.802],[-84.224,66.784],[-84.282,66.718],[-83.997,66.695],[-83.956,66.587],[-83.643,66.515],[-83.493,66.405],[-83.345,66.346],[-83.153,66.434],[-83.023,66.461],[-82.982,66.551],[-82.859,66.567],[-82.578,66.561],[-82.457,66.678],[-82.166,66.751],[-82.034,66.827],[-81.998,66.934],[-81.812,66.996],[-81.703,66.965],[-81.563,67.01],[-81.455,66.997],[-81.345,67.169],[-81.326,67.311],[-81.186,67.452],[-81.376,67.597],[-81.592,67.663],[-81.618,67.709],[-81.916,67.819],[-82.085,67.91],[-82.136,68.111],[-82.337,68.161],[-82.216,68.247],[-82.32,68.313],[-82.222,68.362],[-82.625,68.398],[-82.456,68.478],[-82.189,68.459],[-82.225,68.543],[-82.466,68.615],[-82.66,68.639],[-82.682,68.723],[-82.39,68.688],[-82.188,68.771],[-82.036,68.805],[-81.952,68.641],[-82.169,68.57],[-81.941,68.418],[-81.785,68.461],[-81.789,68.528],[-81.583,68.515],[-81.237,68.639],[-81.202,68.773],[-81.318,68.86],[-81.558,68.877],[-81.672,68.946],[-81.456,69.071],[-81.315,69.099],[-81.319,69.197],[-81.491,69.206],[-81.699,69.268],[-82.002,69.272],[-82.627,69.477],[-82.517,69.516],[-82.514,69.593],[-82.596,69.677],[-83.247,69.707],[-83.341,69.655],[-84.064,69.764],[-84.122,69.818],[-84.406,69.861],[-84.924,69.821],[-85.055,69.788],[-85.332,69.821],[-85.499,69.757],[-85.469,69.607],[-85.523,69.487],[-85.426,69.329],[-85.45,69.26],[-85.089,69.11],[-84.974,69.146],[-84.859,69.072],[-84.896,69.008],[-85.078,68.876],[-85.003,68.807],[-84.858,68.825],[-84.722,68.767],[-85.06,68.745],[-85.203,68.768],[-85.615,68.741],[-85.72,68.561],[-85.678,68.497],[-85.76,68.291],[-85.886,68.187],[-85.872,68.044],[-86.053,67.997],[-86.405,67.784],[-86.51,67.686],[-86.431,67.587],[-86.465,67.479],[-86.572,67.381],[-86.855,67.411],[-87.076,67.34],[-86.988,67.296],[-87.22,67.225],[-87.444,67.3],[-87.648,67.458],[-87.93,67.618],[-88.119,67.676],[-88.334,67.942],[-88.327,68.082],[-88.27,68.155],[-88.373,68.249],[-88.256,68.321],[-88.172,68.243],[-88.003,68.24],[-87.918,68.203],[-87.787,68.312],[-87.777,68.413],[-87.941,68.594],[-87.932,68.73],[-88.039,68.825],[-88.219,68.92],[-88.666,69.051],[-88.81,69.111],[-88.957,69.242],[-89.115,69.277],[-89.378,69.226],[-89.464,69.128],[-89.637,69.058],[-89.753,68.966],[-89.672,68.815],[-89.796,68.704],[-89.938,68.623],[-89.831,68.535],[-89.98,68.445],[-89.975,68.382],[-90.221,68.243],[-90.323,68.318],[-90.288,68.376],[-90.527,68.415],[-90.595,68.451],[-90.459,68.537],[-90.55,68.63],[-90.46,68.713],[-90.429,68.882],[-90.694,69.037],[-90.642,69.081],[-91.095,69.239],[-91.153,69.292],[-90.808,69.26],[-90.822,69.363],[-90.429,69.459],[-90.452,69.505],[-90.687,69.548],[-90.754,69.497],[-90.973,69.527],[-91.129,69.519],[-91.264,69.657],[-91.436,69.666],[-91.569,69.624],[-91.572,69.572],[-91.79,69.502],[-92.202,69.598],[-92.508,69.712],[-92.845,69.696],[-92.557,69.807],[-92.387,69.836],[-92.16,69.944],[-91.935,70.022],[-92.151,70.098],[-92.417,70.088],[-92.41,70.178],[-92.264,70.196],[-91.937,70.123],[-91.525,70.149],[-91.68,70.254],[-91.732,70.372],[-91.895,70.368],[-92.234,70.504],[-92.263,70.561],[-92.171,70.614],[-92.609,70.69],[-92.672,70.781],[-92.898,70.906],[-92.832,71.048],[-92.84,71.166],[-92.932,71.231],[-92.95,71.351],[-93.123,71.382],[-93.178,71.459],[-93.341,71.535],[-93.55,71.561],[-93.788,71.649],[-93.669,71.722],[-93.765,71.777],[-93.914,71.746],[-94.382,71.755],[-94.462,71.825],[-94.486,71.996],[-94.651,72],[-95.173,71.957],[-95.284,71.762],[-95.476,71.732],[-95.638,71.656],[-95.9,71.605],[-95.811,71.509],[-95.514,71.491],[-95.546,71.417],[-95.462,71.37],[-95.541,71.298],[-95.8,71.337],[-95.885,71.408],[-96.177,71.394],[-96.266,71.289],[-96.388,71.298],[-96.41,71.172],[-96.528,71.132],[-96.437,71.022],[-96.59,70.847],[-96.581,70.788],[-96.426,70.749],[-96.355,70.678],[-96.107,70.576],[-96.294,70.497],[-96.306,70.416],[-96.49,70.373],[-96.549,70.242],[-96.481,70.099],[-96.246,69.969],[-96.082,69.945],[-96.129,69.872],[-95.928,69.782],[-95.683,69.805],[-95.36,69.674],[-94.995,69.623],[-94.803,69.563],[-94.618,69.677],[-94.494,69.56],[-94.276,69.44],[-93.891,69.439],[-93.674,69.526],[-93.52,69.537],[-93.452,69.45],[-93.575,69.367],[-93.279,69.394],[-93.288,69.437],[-92.765,69.393],[-93.002,69.25],[-93.071,69.098],[-93.306,69.191],[-93.2,69.269],[-93.229,69.391],[-93.433,69.327],[-93.83,69.163],[-93.859,69.264],[-93.655,69.353],[-93.944,69.367],[-94.265,69.322],[-94.235,69.28],[-94.294,69.16],[-94.148,69.107],[-94.137,69.051],[-94.305,69.041],[-94.408,68.949],[-94.543,68.938],[-94.578,68.795],[-94.489,68.733],[-94.068,68.763],[-94.003,68.846],[-94.086,68.875],[-93.889,68.99],[-93.693,68.983],[-93.564,68.855],[-93.705,68.681],[-93.485,68.603],[-93.534,68.557],[-93.788,68.491],[-94.021,68.456],[-94.19,68.374],[-94.161,68.278],[-94.583,68.148],[-94.679,68.069],[-94.83,68.032],[-95.07,68.074],[-95.415,68.073],[-95.411,67.99],[-95.499,67.932],[-95.492,67.854],[-95.696,67.734],[-95.668,67.699],[-95.316,67.565],[-95.346,67.463],[-95.289,67.342],[-95.177,67.269],[-95.29,67.172],[-95.461,67.146],[-95.501,67.224],[-95.631,67.264],[-95.501,67.356],[-95.758,67.34],[-96.096,67.223],[-96.232,67.252],[-96.075,67.439],[-96.251,67.46],[-96.44,67.521],[-96.276,67.641],[-96.142,67.62],[-96.189,67.81],[-96.131,67.951],[-95.987,68.116],[-96.03,68.187],[-95.931,68.258],[-96.417,68.158],[-96.489,68.035],[-96.651,68.013],[-96.756,68.038],[-96.509,68.171],[-96.657,68.292],[-96.82,68.245],[-97.049,68.299],[-97.012,68.343],[-97.158,68.404],[-97.307,68.507],[-97.817,68.543],[-97.996,68.523],[-97.845,68.403],[-97.89,68.34],[-98.185,68.304],[-98.292,68.377],[-98.477,68.429],[-98.68,68.373],[-98.397,68.206],[-98.289,68.182],[-98.269,68.12],[-98.419,68.078],[-98.376,68.017],[-98.18,67.921],[-97.911,67.944],[-97.807,67.995],[-97.52,67.969],[-97.355,67.874],[-97.129,67.851],[-97.078,67.784],[-97.185,67.733],[-97.154,67.666],[-97.543,67.6],[-97.746,67.685],[-97.963,67.713],[-98.084,67.772],[-98.205,67.922],[-98.51,68.043],[-98.71,68.058],[-98.699,67.971],[-98.52,67.869],[-98.418,67.875],[-98.345,67.794],[-98.619,67.779],[-98.98,67.731],[-99.16,67.734],[-99.3,67.776],[-99.642,67.817],[-99.815,67.801],[-100.091,67.818],[-100.164,67.847],[-100.386,67.852],[-100.542,67.808],[-100.714,67.824],[-100.926,67.756],[-101.201,67.747],[-101.774,67.703],[-101.927,67.76],[-102.059,67.733],[-102.262,67.734],[-102.423,67.789],[-102.621,67.79],[-102.837,67.838],[-102.94,67.918],[-103.072,67.894],[-103.353,68.009],[-103.357,68.092],[-103.869,68.021],[-104.055,68.051],[-104.15,68.011],[-104.347,68.052],[-104.474,68.022],[-104.572,68.134],[-104.648,68.146],[-104.569,68.254],[-104.769,68.261],[-104.9,68.235],[-105.471,68.428],[-105.353,68.491],[-105.386,68.57],[-105.483,68.628],[-105.432,68.737],[-105.766,68.882],[-106.219,68.913],[-106.579,68.852],[-106.65,68.817],[-107.146,68.743],[-107.276,68.703],[-107.709,68.654],[-108.259,68.632],[-108.355,68.603],[-108.557,68.42],[-108.73,68.347],[-108.732,68.246],[-108.362,68.303],[-108.297,68.177],[-108.12,68.182],[-107.991,68.143],[-107.753,68.184],[-107.855,68.328],[-107.532,68.358],[-107.458,68.322],[-107.29,68.334],[-107.125,68.272],[-107.007,68.374],[-106.92,68.385],[-106.639,68.355],[-106.567,68.429],[-106.565,68.53],[-106.342,68.539],[-106.243,68.578],[-106.018,68.601],[-105.884,68.643],[-105.682,68.583],[-105.77,68.553],[-105.664,68.491],[-105.778,68.411],[-106.132,68.378],[-106.203,68.4],[-106.489,68.238],[-106.773,68.208],[-106.705,68.131],[-107.144,68.118],[-107.372,68.043],[-107.67,68.054],[-107.635,67.964],[-107.699,67.896],[-107.931,67.867],[-108.028,67.748],[-107.658,67.568],[-107.567,67.502],[-107.708,67.404],[-107.522,67.207],[-107.285,67.081],[-107.429,67.062],[-107.19,66.971],[-107.181,66.894],[-107.39,66.958],[-107.386,66.819],[-107.557,66.84],[-107.579,66.906],[-107.487,66.954],[-107.742,66.978],[-107.669,66.758],[-107.53,66.63],[-107.664,66.639],[-107.787,66.707],[-107.945,66.733],[-107.96,66.839],[-108.097,66.851],[-108.079,66.921],[-108.183,67.051],[-107.945,67.064],[-107.853,67.042],[-107.963,67.283],[-108.151,67.36],[-108.517,67.456],[-108.556,67.599],[-108.664,67.64],[-108.767,67.362],[-108.96,67.437],[-109,67.486],[-108.944,67.614],[-109.047,67.718],[-109.413,67.75],[-109.496,67.693],[-109.699,67.728],[-109.712,67.798],[-109.8,67.875],[-109.945,67.894],[-110.036,68.011],[-110.45,67.94],[-110.756,67.849],[-110.82,67.804],[-111.07,67.79],[-111.343,67.795],[-111.564,67.729],[-111.972,67.753],[-112.432,67.68],[-112.992,67.671],[-113.292,67.698],[-113.698,67.688],[-114.02,67.732],[-114.295,67.731],[-114.5,67.788],[-114.626,67.78],[-114.734,67.823],[-114.994,67.793],[-115.561,67.923],[-115.191,67.979],[-115.216,68.096],[-115.141,68.143],[-114.894,68.15],[-114.752,68.207],[-114.443,68.264],[-114.32,68.228],[-114,68.241],[-114.025,68.285],[-113.958,68.384],[-114.182,68.569],[-114.43,68.624],[-114.449,68.686],[-114.761,68.776],[-114.972,68.869],[-115.284,68.904],[-115.599,68.981],[-115.875,68.933],[-116.212,68.992],[-116.33,68.957],[-116.065,68.886],[-116.202,68.834],[-116.605,68.88],[-116.957,68.945],[-117.164,68.9],[-117.385,68.964],[-117.715,68.979],[-117.979,69.016],[-118.194,69.082],[-118.473,69.129],[-118.698,69.234],[-119.238,69.304],[-119.565,69.314],[-120.001,69.354],[-120.384,69.437],[-120.725,69.574],[-120.606,68.623],[-120.591,68.249],[-120.631,67.78],[-118.594,67.199],[-117.065,66.929],[-115.013,66.287],[-112.583,65.447],[-110.538,65.446],[-109.025,64.831],[-108.838,64.732],[-107.04,64.624],[-105.018,64.477],[-102,64.189],[-102,60]]]]},"properties":{"PRUID":"62","PRENAME":"Nunavut"}}
]}