{
"type": "FeatureCollection",
"name": "rural_municipality_boundaries",
"xy_coordinate_resolution": 1e-05,
"features": [
{ "type": "Feature", "id": 1, "properties": { "RMNO": "142", "RMNM": "ENTERPRISE", "UPDT_YEAR": "2011" }, "geometry": { "type": "Polygon", "coordinates": [ [ [ -109.71727, 50.57202 ], [ -110.0051, 50.57185 ], [ -110.00479, 50.13518 ], [ -109.6911, 50.1352 ], [ -109.69112, 50.2226 ], [ -109.71745, 50.22251 ], [ -109.71727, 50.57202 ] ] ] } },
{ "type": "Feature", "id": 2, "properties": { "RMNO": "410", "RMNM": "ROUND VALLEY", "UPDT_YEAR": "2013" }, "geometry": { "type": "Polygon", "coordinates": [ [ [ -109.02587, 52.40566 ], [ -109.02683, 52.66756 ], [ -109.45706, 52.66743 ], [ -109.45696, 52.40552 ], [ -109.02587, 52.40566 ] ] ] } },
{ "type": "Feature", "id": 3, "properties": { "RMNO": "288", "RMNM": "PLEASANT VALLEY", "UPDT_YEAR": "2013" }, "geometry": { "type": "Polygon", "coordinates": [ [ [ -108.11338, 51.61981 ], [ -108.53538, 51.61965 ], [ -108.53542, 51.3581 ], [ -108.1135, 51.35817 ], [ -108.11338, 51.61981 ] ] ] } },
{ "type": "Feature", "id": 4, "properties": { "RMNO": "167", "RMNM": "SASKATCHEWAN LANDING", "UPDT_YEAR": "2013" }, "geometry": { "type": "Polygon", "coordinates": [ [ [ -107.87016, 50.6925 ], [ -107.87373, 50.69599 ], [ -107.87877, 50.69211 ], [ -107.90722, 50.6911 ], [ -107.94421, 50.67514 ], [ -107.94877, 50.66594 ], [ -107.97361, 50.65455 ], [ -108.0078, 50.65543 ], [ -108.0274, 50.66355 ], [ -108.03003, 50.66668 ], [ -108.02476, 50.66668 ], [ -108.02503, 50.6739 ], [ -108.0824, 50.68103 ], [ -108.08236, 50.5721 ], [ -108.06711, 50.5721 ], [ -108.0672, 50.39728 ], [ -107.6547, 50.39724 ], [ -107.65476, 50.49193 ], [ -107.659, 50.49194 ], [ -107.65475, 50.49916 ], [ -107.66602, 50.49919 ], [ -107.66603, 50.51363 ], [ -107.6776, 50.51546 ], [ -107.67761, 50.521 ], [ -107.68892, 50.52109 ], [ -107.68894, 50.53553 ], [ -107.70025, 50.53558 ], [ -107.70058, 50.57206 ], [ -107.71278, 50.57228 ], [ -107.71301, 50.59408 ], [ -107.72444, 50.59408 ], [ -107.72449, 50.61599 ], [ -107.73592, 50.616 ], [ -107.73633, 50.64511 ], [ -107.73906, 50.64265 ], [ -107.73797, 50.65064 ], [ -107.74777, 50.65311 ], [ -107.74887, 50.67069 ], [ -107.75437, 50.66919 ], [ -107.77937, 50.68209 ], [ -107.8016, 50.68333 ], [ -107.80442, 50.6878 ], [ -107.81164, 50.68437 ], [ -107.83652, 50.6877 ], [ -107.83826, 50.69198 ], [ -107.87016, 50.6925 ] ] ] } },
{ "type": "Feature", "id": 5, "properties": { "RMNO": "046", "RMNM": "GLEN MCPHERSON", "UPDT_YEAR": "2010" }, "geometry": { "type": "Polygon", "coordinates": [ [ [ -107.21751, 49.52364 ], [ -107.62084, 49.52375 ], [ -107.62071, 49.26171 ], [ -107.21739, 49.26172 ], [ -107.21751, 49.52364 ] ] ] } },
{ "type": "Feature", "id": 6, "properties": { "RMNO": "075", "RMNM": "PINTO CREEK", "UPDT_YEAR": "2011" }, "geometry": { "type": "Polygon", "coordinates": [ [ [ -106.81733, 49.78532 ], [ -107.22385, 49.78555 ], [ -107.22401, 49.52365 ], [ -106.81737, 49.52365 ], [ -106.81733, 49.78532 ] ] ] } },
{ "type": "Feature", "id": 7, "properties": { "RMNO": "104", "RMNM": "GRAVELBOURG", "UPDT_YEAR": "2013" }, "geometry": { "type": "Polygon", "coordinates": [ [ [ -106.41449, 50.0477 ], [ -106.82406, 50.04768 ], [ -106.82435, 49.87311 ], [ -106.8173, 49.87264 ], [ -106.81733, 49.78532 ], [ -106.41071, 49.7854 ], [ -106.41449, 50.0477 ] ] ] } },
{ "type": "Feature", "id": 8, "properties": { "RMNO": "103", "RMNM": "SUTTON", "UPDT_YEAR": "2013" }, "geometry": { "type": "Polygon", "coordinates": [ [ [ -106.00506, 50.04781 ], [ -106.41449, 50.0477 ], [ -106.41071, 49.7854 ], [ -106.0053, 49.78571 ], [ -106.00506, 50.04781 ] ] ] } },
{ "type": "Feature", "id": 9, "properties": { "RMNO": "134", "RMNM": "SHAMROCK", "UPDT_YEAR": "2013" }, "geometry": { "type": "Polygon", "coordinates": [ [ [ -106.5549, 50.3099 ], [ -106.82989, 50.30992 ], [ -106.83005, 50.22242 ], [ -106.82415, 50.22242 ], [ -106.82406, 50.04768 ], [ -106.41449, 50.0477 ], [ -106.41736, 50.25164 ], [ -106.48623, 50.25158 ], [ -106.48614, 50.26623 ], [ -106.50914, 50.26629 ], [ -106.50898, 50.28076 ], [ -106.53199, 50.28077 ], [ -106.53196, 50.29543 ], [ -106.55492, 50.29544 ], [ -106.5549, 50.3099 ] ] ] } },
{ "type": "Feature", "id": 10, "properties": { "RMNO": "164", "RMNM": "CHAPLIN", "UPDT_YEAR": "2013" }, "geometry": { "type": "Polygon", "coordinates": [ [ [ -106.82794, 50.572 ], [ -106.82989, 50.30992 ], [ -106.5549, 50.3099 ], [ -106.55492, 50.29544 ], [ -106.53196, 50.29543 ], [ -106.53199, 50.28077 ], [ -106.50898, 50.28076 ], [ -106.50914, 50.26629 ], [ -106.48614, 50.26623 ], [ -106.48623, 50.25158 ], [ -106.41736, 50.25164 ], [ -106.41736, 50.5719 ], [ -106.82794, 50.572 ] ] ] } },
{ "type": "Feature", "id": 11, "properties": { "RMNO": "165", "RMNM": "MORSE", "UPDT_YEAR": "2011" }, "geometry": { "type": "Polygon", "coordinates": [ [ [ -106.97605, 50.82701 ], [ -106.99139, 50.8152 ], [ -106.99117, 50.7993 ], [ -107.00313, 50.79429 ], [ -106.99276, 50.79325 ], [ -106.99904, 50.78404 ], [ -107.02842, 50.76388 ], [ -107.0492, 50.75585 ], [ -107.10219, 50.7527 ], [ -107.10243, 50.75634 ], [ -107.11293, 50.7569 ], [ -107.11049, 50.75986 ], [ -107.1176, 50.75879 ], [ -107.11489, 50.76473 ], [ -107.12019, 50.76337 ], [ -107.12272, 50.76843 ], [ -107.12281, 50.7633 ], [ -107.13498, 50.76582 ], [ -107.14009, 50.77072 ], [ -107.13552, 50.77245 ], [ -107.15551, 50.773 ], [ -107.15162, 50.77626 ], [ -107.16067, 50.78403 ], [ -107.16644, 50.77833 ], [ -107.17981, 50.78465 ], [ -107.21348, 50.77803 ], [ -107.22769, 50.7823 ], [ -107.21379, 50.77488 ], [ -107.18888, 50.77751 ], [ -107.17867, 50.77381 ], [ -107.19285, 50.77523 ], [ -107.21571, 50.76879 ], [ -107.22167, 50.76076 ], [ -107.23345, 50.75941 ], [ -107.23231, 50.75408 ], [ -107.24663, 50.75109 ], [ -107.2514, 50.7448 ], [ -107.25142, 50.57201 ], [ -107.242, 50.572 ], [ -107.24234, 50.30983 ], [ -106.82989, 50.30992 ], [ -106.82986, 50.572 ], [ -106.83594, 50.57201 ], [ -106.8357, 50.65935 ], [ -106.9744, 50.65943 ], [ -106.97605, 50.82701 ] ] ] } },
{ "type": "Feature", "id": 12, "properties": { "RMNO": "135", "RMNM": "LAWTONIA", "UPDT_YEAR": "2011" }, "geometry": { "type": "Polygon", "coordinates": [ [ [ -106.82989, 50.30992 ], [ -107.24234, 50.30983 ], [ -107.24234, 50.22244 ], [ -107.23352, 50.22243 ], [ -107.23358, 50.04773 ], [ -106.82406, 50.04768 ], [ -106.82415, 50.22242 ], [ -106.83005, 50.22242 ], [ -106.82989, 50.30992 ] ] ] } },
{ "type": "Feature", "id": 13, "properties": { "RMNO": "105", "RMNM": "GLEN BAIN", "UPDT_YEAR": "2010" }, "geometry": { "type": "Polygon", "coordinates": [ [ [ -106.82406, 50.04768 ], [ -107.23358, 50.04773 ], [ -107.23368, 49.8732 ], [ -107.22389, 49.87301 ], [ -107.22385, 49.78555 ], [ -106.81733, 49.78532 ], [ -106.8173, 49.87264 ], [ -106.82435, 49.87311 ], [ -106.82406, 50.04768 ] ] ] } },
{ "type": "Feature", "id": 14, "properties": { "RMNO": "316", "RMNM": "HARRIS", "UPDT_YEAR": "2011" }, "geometry": { "type": "Polygon", "coordinates": [ [ [ -107.2798, 51.88163 ], [ -107.70524, 51.88155 ], [ -107.7051, 51.61981 ], [ -107.27977, 51.61988 ], [ -107.27987, 51.84526 ], [ -107.29144, 51.84525 ], [ -107.29144, 51.85245 ], [ -107.2798, 51.8525 ], [ -107.2798, 51.88163 ] ] ] } },
{ "type": "Feature", "id": 15, "properties": { "RMNO": "283", "RMNM": "ROSEDALE", "UPDT_YEAR": "2013" }, "geometry": { "type": "Polygon", "coordinates": [ [ [ -106.28775, 51.70697 ], [ -106.7129, 51.70728 ], [ -106.71306, 51.61985 ], [ -106.70764, 51.61985 ], [ -106.70716, 51.44551 ], [ -106.42603, 51.44551 ], [ -106.42611, 51.35808 ], [ -106.28554, 51.35812 ], [ -106.28775, 51.70697 ] ] ] } },
{ "type": "Feature", "id": 16, "properties": { "RMNO": "194", "RMNM": "ENFIELD", "UPDT_YEAR": "2011" }, "geometry": { "type": "Polygon", "coordinates": [ [ [ -106.42046, 50.83393 ], [ -106.96614, 50.83425 ], [ -106.97528, 50.8297 ], [ -106.9744, 50.65943 ], [ -106.8357, 50.65935 ], [ -106.83594, 50.57201 ], [ -106.42037, 50.57191 ], [ -106.42046, 50.83393 ] ] ] } },
{ "type": "Feature", "id": 17, "properties": { "RMNO": "225", "RMNM": "CANAAN", "UPDT_YEAR": "2013" }, "geometry": { "type": "Polygon", "coordinates": [ [ [ -106.93468, 51.00675 ], [ -107.26039, 51.00869 ], [ -107.26033, 50.92141 ], [ -107.25187, 50.9214 ], [ -107.2514, 50.7448 ], [ -107.24663, 50.75109 ], [ -107.23231, 50.75408 ], [ -107.23345, 50.75941 ], [ -107.22167, 50.76076 ], [ -107.21571, 50.76879 ], [ -107.19285, 50.77523 ], [ -107.17867, 50.77381 ], [ -107.18888, 50.77751 ], [ -107.21379, 50.77488 ], [ -107.22769, 50.7823 ], [ -107.21348, 50.77803 ], [ -107.17981, 50.78465 ], [ -107.16644, 50.77833 ], [ -107.16067, 50.78403 ], [ -107.15162, 50.77626 ], [ -107.15551, 50.773 ], [ -107.13552, 50.77245 ], [ -107.14009, 50.77072 ], [ -107.13498, 50.76582 ], [ -107.12281, 50.7633 ], [ -107.12272, 50.76843 ], [ -107.12019, 50.76337 ], [ -107.11489, 50.76473 ], [ -107.1176, 50.75879 ], [ -107.11049, 50.75986 ], [ -107.11293, 50.7569 ], [ -107.10243, 50.75634 ], [ -107.10219, 50.7527 ], [ -107.07451, 50.75194 ], [ -107.02859, 50.76381 ], [ -107.00501, 50.77941 ], [ -106.99283, 50.79239 ], [ -107.00316, 50.79413 ], [ -106.99117, 50.7993 ], [ -106.99139, 50.8152 ], [ -106.96001, 50.8388 ], [ -106.97634, 50.8523 ], [ -106.97471, 50.8482 ], [ -106.98296, 50.84907 ], [ -106.98282, 50.84495 ], [ -106.99618, 50.84113 ], [ -106.98636, 50.84721 ], [ -106.99371, 50.84565 ], [ -106.98368, 50.85526 ], [ -106.99453, 50.8589 ], [ -106.98907, 50.86003 ], [ -106.99796, 50.8661 ], [ -106.9936, 50.86714 ], [ -106.99114, 50.87699 ], [ -106.99437, 50.87862 ], [ -106.99678, 50.87327 ], [ -106.99641, 50.87798 ], [ -106.99911, 50.87714 ], [ -107.003, 50.87845 ], [ -106.99531, 50.88137 ], [ -107.00302, 50.88304 ], [ -106.99024, 50.88179 ], [ -106.99281, 50.88789 ], [ -106.98722, 50.89165 ], [ -106.99075, 50.89626 ], [ -106.98589, 50.8951 ], [ -106.98588, 50.89973 ], [ -106.97012, 50.90601 ], [ -106.97703, 50.91547 ], [ -106.9729, 50.91633 ], [ -106.96474, 50.90696 ], [ -106.93956, 50.91747 ], [ -106.93111, 50.92843 ], [ -106.93451, 50.93053 ], [ -106.92732, 50.93222 ], [ -106.92361, 50.93894 ], [ -106.92222, 50.94744 ], [ -106.92704, 50.94954 ], [ -106.9191, 50.95037 ], [ -106.91147, 50.96835 ], [ -106.94126, 50.96626 ], [ -106.92366, 50.97125 ], [ -106.91956, 50.97696 ], [ -106.90868, 50.9775 ], [ -106.91057, 50.9915 ], [ -106.91473, 50.98772 ], [ -106.90984, 50.99614 ], [ -106.91716, 50.99661 ], [ -106.90887, 51.00124 ], [ -106.92696, 51.00193 ], [ -106.93468, 51.00675 ] ] ] } },
{ "type": "Feature", "id": 18, "properties": { "RMNO": "256", "RMNM": "KING GEORGE", "UPDT_YEAR": "2013" }, "geometry": { "type": "Polygon", "coordinates": [ [ [ -107.26038, 51.27063 ], [ -107.67903, 51.27078 ], [ -107.67883, 51.00868 ], [ -107.26039, 51.00869 ], [ -107.26038, 51.27063 ] ] ] } },
{ "type": "Feature", "id": 19, "properties": { "RMNO": "010", "RMNM": "HAPPY VALLEY", "UPDT_YEAR": "2010" }, "geometry": { "type": "Polygon", "coordinates": [ [ [ -104.83117, 49.26057 ], [ -105.23444, 49.2607 ], [ -105.23444, 49.17375 ], [ -105.21141, 49.17371 ], [ -105.21142, 48.99933 ], [ -104.811, 48.99909 ], [ -104.81104, 49.17365 ], [ -104.83125, 49.17365 ], [ -104.83117, 49.26057 ] ] ] } },
{ "type": "Feature", "id": 20, "properties": { "RMNO": "011", "RMNM": "HART BUTTE", "UPDT_YEAR": "2010" }, "geometry": { "type": "Polygon", "coordinates": [ [ [ -105.23444, 49.2607 ], [ -105.63799, 49.26072 ], [ -105.63799, 49.17338 ], [ -105.61229, 49.17338 ], [ -105.61216, 48.99973 ], [ -105.21142, 48.99933 ], [ -105.21141, 49.17371 ], [ -105.23444, 49.17375 ], [ -105.23444, 49.2607 ] ] ] } },
{ "type": "Feature", "id": 21, "properties": { "RMNO": "102", "RMNM": "LAKE JOHNSTON", "UPDT_YEAR": "2013" }, "geometry": { "type": "Polygon", "coordinates": [ [ [ -105.69179, 50.04677 ], [ -106.00506, 50.04781 ], [ -106.0053, 49.78571 ], [ -105.71023, 49.78467 ], [ -105.72405, 49.80468 ], [ -105.72632, 49.81712 ], [ -105.70332, 49.85832 ], [ -105.69719, 49.85773 ], [ -105.68696, 49.87209 ], [ -105.6917, 49.87209 ], [ -105.69179, 50.04677 ] ] ] } },
{ "type": "Feature", "id": 22, "properties": { "RMNO": "101", "RMNM": "TERRELL", "UPDT_YEAR": "2013" }, "geometry": { "type": "Polygon", "coordinates": [ [ [ -105.28255, 50.0469 ], [ -105.69179, 50.04677 ], [ -105.6917, 49.87209 ], [ -105.68696, 49.87209 ], [ -105.69719, 49.85773 ], [ -105.70332, 49.85832 ], [ -105.72632, 49.81712 ], [ -105.72405, 49.80468 ], [ -105.71023, 49.78467 ], [ -105.25834, 49.78465 ], [ -105.2583, 49.87203 ], [ -105.28258, 49.87206 ], [ -105.28255, 50.0469 ] ] ] } },
{ "type": "Feature", "id": 23, "properties": { "RMNO": "340", "RMNM": "WOLVERINE", "UPDT_YEAR": "2013" }, "geometry": { "type": "Polygon", "coordinates": [ [ [ -105.00444, 52.14368 ], [ -105.43246, 52.14368 ], [ -105.43247, 51.96908 ], [ -105.40486, 51.96885 ], [ -105.40483, 51.88152 ], [ -104.98174, 51.88162 ], [ -104.98177, 51.96888 ], [ -105.00497, 51.96891 ], [ -105.00444, 52.14368 ] ] ] } },
{ "type": "Feature", "id": 24, "properties": { "RMNO": "037", "RMNM": "LOMOND", "UPDT_YEAR": "2011" }, "geometry": { "type": "Polygon", "coordinates": [ [ [ -103.62086, 49.26068 ], [ -103.62085, 49.52261 ], [ -104.02451, 49.52265 ], [ -104.02448, 49.26047 ], [ -103.62086, 49.26068 ] ] ] } },
{ "type": "Feature", "id": 25, "properties": { "RMNO": "008", "RMNM": "LAKE ALMA", "UPDT_YEAR": "2011" }, "geometry": { "type": "Polygon", "coordinates": [ [ [ -104.02448, 49.2601 ], [ -104.42784, 49.26075 ], [ -104.4279, 49.17343 ], [ -104.41024, 49.17336 ], [ -104.41057, 48.99948 ], [ -104.0099, 48.99985 ], [ -104.00997, 49.17396 ], [ -104.02433, 49.17396 ], [ -104.02448, 49.2601 ] ] ] } },
{ "type": "Feature", "id": 26, "properties": { "RMNO": "007", "RMNM": "SOURIS VALLEY", "UPDT_YEAR": "2010" }, "geometry": { "type": "Polygon", "coordinates": [ [ [ -103.60921, 48.99928 ], [ -103.60925, 49.17366 ], [ -103.62084, 49.17366 ], [ -103.62086, 49.26068 ], [ -104.02448, 49.26047 ], [ -104.02433, 49.17396 ], [ -104.00997, 49.17396 ], [ -104.0099, 48.99985 ], [ -103.60921, 48.99928 ] ] ] } },
{ "type": "Feature", "id": 27, "properties": { "RMNO": "038", "RMNM": "LAURIER", "UPDT_YEAR": "2011" }, "geometry": { "type": "Polygon", "coordinates": [ [ [ -104.02448, 49.26047 ], [ -104.02451, 49.52265 ], [ -104.42789, 49.52255 ], [ -104.42784, 49.26075 ], [ -104.02448, 49.26047 ] ] ] } },
{ "type": "Feature", "id": 28, "properties": { "RMNO": "368", "RMNM": "SPALDING", "UPDT_YEAR": "2013" }, "geometry": { "type": "Polygon", "coordinates": [ [ [ -104.149, 52.14384 ], [ -104.14922, 52.31848 ], [ -104.16623, 52.31849 ], [ -104.16559, 52.4055 ], [ -104.597, 52.4054 ], [ -104.59704, 52.31833 ], [ -104.57801, 52.31831 ], [ -104.57799, 52.1439 ], [ -104.149, 52.14384 ] ] ] } },
{ "type": "Feature", "id": 29, "properties": { "RMNO": "307", "RMNM": "ELFROS", "UPDT_YEAR": "2013" }, "geometry": { "type": "Polygon", "coordinates": [ [ [ -103.70728, 51.65216 ], [ -103.70722, 51.88152 ], [ -104.13216, 51.88149 ], [ -104.13216, 51.65212 ], [ -103.70728, 51.65216 ] ] ] } },
{ "type": "Feature", "id": 30, "properties": { "RMNO": "367", "RMNM": "PONASS LAKE", "UPDT_YEAR": "2013" }, "geometry": { "type": "Polygon", "coordinates": [ [ [ -103.72012, 52.14376 ], [ -103.72019, 52.31844 ], [ -103.69658, 52.31955 ], [ -103.72219, 52.33694 ], [ -103.71429, 52.34625 ], [ -103.71838, 52.35083 ], [ -103.71541, 52.36458 ], [ -103.72288, 52.36774 ], [ -103.72126, 52.37433 ], [ -103.72646, 52.37621 ], [ -103.72216, 52.37863 ], [ -103.71464, 52.36448 ], [ -103.70616, 52.36962 ], [ -103.71346, 52.3724 ], [ -103.70989, 52.38147 ], [ -103.72398, 52.38447 ], [ -103.71583, 52.38443 ], [ -103.72045, 52.38837 ], [ -103.71051, 52.39285 ], [ -103.7199, 52.39203 ], [ -103.72532, 52.39663 ], [ -103.7095, 52.3934 ], [ -103.71187, 52.39902 ], [ -103.70322, 52.40212 ], [ -103.70697, 52.39962 ], [ -103.70502, 52.39589 ], [ -103.70266, 52.39501 ], [ -103.70042, 52.40558 ], [ -104.16559, 52.4055 ], [ -104.16623, 52.31849 ], [ -104.14922, 52.31848 ], [ -104.149, 52.14384 ], [ -103.72012, 52.14376 ] ] ] } },
{ "type": "Feature", "id": 31, "properties": { "RMNO": "035", "RMNM": "BENSON", "UPDT_YEAR": "2013" }, "geometry": { "type": "Polygon", "coordinates": [ [ [ -102.8139, 49.26067 ], [ -102.81397, 49.52253 ], [ -103.21762, 49.52259 ], [ -103.21734, 49.26052 ], [ -102.8139, 49.26067 ] ] ] } },
{ "type": "Feature", "id": 32, "properties": { "RMNO": "245", "RMNM": "GARRY", "UPDT_YEAR": "2011" }, "geometry": { "type": "Polygon", "coordinates": [ [ [ -102.85626, 51.29871 ], [ -102.85599, 51.38674 ], [ -103.28029, 51.38687 ], [ -103.28029, 51.2985 ], [ -103.27035, 51.29848 ], [ -103.27033, 51.12185 ], [ -102.84893, 51.12161 ], [ -102.84921, 51.29843 ], [ -102.85626, 51.29871 ] ] ] } },
{ "type": "Feature", "id": 33, "properties": { "RMNO": "331", "RMNM": "LIVINGSTON", "UPDT_YEAR": "2013" }, "geometry": { "type": "Polygon", "coordinates": [ [ [ -101.60933, 51.96868 ], [ -101.60907, 52.31808 ], [ -102.00682, 52.31827 ], [ -102.00665, 51.88183 ], [ -101.57738, 51.88056 ], [ -101.57725, 51.96858 ], [ -101.60933, 51.96868 ] ] ] } },
{ "type": "Feature", "id": 34, "properties": { "RMNO": "169", "RMNM": "PITTVILLE", "UPDT_YEAR": "2013" }, "geometry": { "type": "Polygon", "coordinates": [ [ [ -108.47964, 50.57208 ], [ -109.09841, 50.57208 ], [ -109.09853, 50.3101 ], [ -108.47984, 50.30998 ], [ -108.47964, 50.57208 ] ] ] } },
{ "type": "Feature", "id": 35, "properties": { "RMNO": "040", "RMNM": "BENGOUGH", "UPDT_YEAR": "2010" }, "geometry": { "type": "Polygon", "coordinates": [ [ [ -104.83103, 49.52267 ], [ -105.23446, 49.52272 ], [ -105.23439, 49.37711 ], [ -105.25686, 49.37714 ], [ -105.26306, 49.38438 ], [ -105.29854, 49.38983 ], [ -105.30899, 49.38575 ], [ -105.3144, 49.37074 ], [ -105.3152, 49.3762 ], [ -105.32621, 49.38119 ], [ -105.36894, 49.39445 ], [ -105.36889, 49.34801 ], [ -105.50334, 49.348 ], [ -105.50328, 49.26067 ], [ -104.83117, 49.26057 ], [ -104.83103, 49.52267 ] ] ] } },
{ "type": "Feature", "id": 36, "properties": { "RMNO": "039", "RMNM": "THE GAP", "UPDT_YEAR": "2010" }, "geometry": { "type": "Polygon", "coordinates": [ [ [ -104.42784, 49.26075 ], [ -104.42789, 49.52255 ], [ -104.83103, 49.52267 ], [ -104.83117, 49.26057 ], [ -104.42784, 49.26075 ] ] ] } },
{ "type": "Feature", "id": 37, "properties": { "RMNO": "066", "RMNM": "GRIFFIN", "UPDT_YEAR": "2011" }, "geometry": { "type": "Polygon", "coordinates": [ [ [ -103.22615, 49.5226 ], [ -103.22585, 49.78457 ], [ -103.63264, 49.78461 ], [ -103.63253, 49.52261 ], [ -103.22615, 49.5226 ] ] ] } },
{ "type": "Feature", "id": 38, "properties": { "RMNO": "318", "RMNM": "MOUNTAIN VIEW", "UPDT_YEAR": "2013" }, "geometry": { "type": "Polygon", "coordinates": [ [ [ -108.13045, 51.8815 ], [ -108.55577, 51.88161 ], [ -108.55592, 51.61971 ], [ -108.13044, 51.6198 ], [ -108.13045, 51.8815 ] ] ] } },
{ "type": "Feature", "id": 39, "properties": { "RMNO": "232", "RMNM": "DEER FORKS", "UPDT_YEAR": "2013" }, "geometry": { "type": "Polygon", "coordinates": [ [ [ -109.97876, 50.96311 ], [ -110.00515, 50.96865 ], [ -110.0051, 50.57185 ], [ -109.74465, 50.57201 ], [ -109.74411, 50.92146 ], [ -109.77194, 50.92149 ], [ -109.77173, 50.94678 ], [ -109.79485, 50.94663 ], [ -109.79488, 50.95149 ], [ -109.8107, 50.95437 ], [ -109.84639, 50.95504 ], [ -109.87582, 50.9527 ], [ -109.89197, 50.92315 ], [ -109.92609, 50.91898 ], [ -109.92897, 50.92132 ], [ -109.91192, 50.92797 ], [ -109.91678, 50.93894 ], [ -109.92849, 50.93685 ], [ -109.93689, 50.92473 ], [ -109.95125, 50.92525 ], [ -109.95699, 50.92762 ], [ -109.94106, 50.93588 ], [ -109.94363, 50.94063 ], [ -109.96878, 50.94612 ], [ -109.97876, 50.96311 ] ] ] } },
{ "type": "Feature", "id": 40, "properties": { "RMNO": "273", "RMNM": "SLIDING HILLS", "UPDT_YEAR": "2013" }, "geometry": { "type": "Polygon", "coordinates": [ [ [ -102.00644, 51.38684 ], [ -102.00649, 51.65205 ], [ -102.43156, 51.65201 ], [ -102.431, 51.38692 ], [ -102.00644, 51.38684 ] ] ] } },
{ "type": "Feature", "id": 41, "properties": { "RMNO": "107", "RMNM": "LAC PELLETIER", "UPDT_YEAR": "2010" }, "geometry": { "type": "Polygon", "coordinates": [ [ [ -107.6431, 50.04773 ], [ -108.05263, 50.04771 ], [ -108.05247, 49.87298 ], [ -108.03747, 49.87301 ], [ -108.0375, 49.7856 ], [ -107.63083, 49.78557 ], [ -107.63083, 49.87303 ], [ -107.64302, 49.87302 ], [ -107.6431, 50.04773 ] ] ] } },
{ "type": "Feature", "id": 42, "properties": { "RMNO": "337", "RMNM": "LAKEVIEW", "UPDT_YEAR": "2013" }, "geometry": { "type": "Polygon", "coordinates": [ [ [ -103.70722, 51.88152 ], [ -103.70708, 51.96908 ], [ -103.72017, 51.96909 ], [ -103.72012, 52.14376 ], [ -104.149, 52.14384 ], [ -104.14893, 51.96884 ], [ -104.13273, 51.96882 ], [ -104.13216, 51.88149 ], [ -103.70722, 51.88152 ] ] ] } },
{ "type": "Feature", "id": 43, "properties": { "RMNO": "282", "RMNM": "MCCRANEY", "UPDT_YEAR": "2013" }, "geometry": { "type": "Polygon", "coordinates": [ [ [ -105.80378, 51.61964 ], [ -106.28566, 51.6197 ], [ -106.28554, 51.35812 ], [ -105.80389, 51.35796 ], [ -105.80378, 51.61964 ] ] ] } },
{ "type": "Feature", "id": 44, "properties": { "RMNO": "280", "RMNM": "WREFORD", "UPDT_YEAR": "2013" }, "geometry": { "type": "Polygon", "coordinates": [ [ [ -104.95994, 51.61967 ], [ -105.382, 51.61991 ], [ -105.38208, 51.35787 ], [ -104.96006, 51.3579 ], [ -104.95994, 51.61967 ] ] ] } },
{ "type": "Feature", "id": 45, "properties": { "RMNO": "275", "RMNM": "INSINGER", "UPDT_YEAR": "2011" }, "geometry": { "type": "Polygon", "coordinates": [ [ [ -102.85599, 51.38674 ], [ -102.85578, 51.65206 ], [ -103.2806, 51.65197 ], [ -103.28029, 51.38687 ], [ -102.85599, 51.38674 ] ] ] } },
{ "type": "Feature", "id": 46, "properties": { "RMNO": "070", "RMNM": "KEY WEST", "UPDT_YEAR": "2013" }, "geometry": { "type": "Polygon", "coordinates": [ [ [ -104.85185, 49.78464 ], [ -105.25834, 49.78465 ], [ -105.25844, 49.52273 ], [ -104.85219, 49.52269 ], [ -104.85185, 49.78464 ] ] ] } },
{ "type": "Feature", "id": 47, "properties": { "RMNO": "435", "RMNM": "REDBERRY", "UPDT_YEAR": "2013" }, "geometry": { "type": "Polygon", "coordinates": [ [ [ -107.02052, 52.92941 ], [ -107.45552, 52.92924 ], [ -107.4554, 52.66762 ], [ -107.44359, 52.66763 ], [ -107.44362, 52.58035 ], [ -107.15546, 52.58025 ], [ -107.15546, 52.60935 ], [ -107.01182, 52.60937 ], [ -107.01178, 52.6675 ], [ -107.02026, 52.6675 ], [ -107.02052, 52.92941 ] ] ] } },
{ "type": "Feature", "id": 48, "properties": { "RMNO": "305", "RMNM": "INVERMAY", "UPDT_YEAR": "2010" }, "geometry": { "type": "Polygon", "coordinates": [ [ [ -102.85737, 51.65206 ], [ -102.85735, 51.88129 ], [ -103.28244, 51.88136 ], [ -103.28239, 51.65197 ], [ -102.85737, 51.65206 ] ] ] } },
{ "type": "Feature", "id": 49, "properties": { "RMNO": "310", "RMNM": "USBORNE", "UPDT_YEAR": "2011" }, "geometry": { "type": "Polygon", "coordinates": [ [ [ -104.98174, 51.88162 ], [ -105.40483, 51.88152 ], [ -105.40432, 51.61991 ], [ -104.98191, 51.6197 ], [ -104.98174, 51.88162 ] ] ] } },
{ "type": "Feature", "id": 50, "properties": { "RMNO": "398", "RMNM": "PLEASANTDALE", "UPDT_YEAR": "2013" }, "geometry": { "type": "Polygon", "coordinates": [ [ [ -104.16559, 52.4055 ], [ -104.16531, 52.66727 ], [ -104.59715, 52.66696 ], [ -104.597, 52.4054 ], [ -104.16559, 52.4055 ] ] ] } },
{ "type": "Feature", "id": 51, "properties": { "RMNO": "108", "RMNM": "BONE CREEK", "UPDT_YEAR": "2013" }, "geometry": { "type": "Polygon", "coordinates": [ [ [ -108.05253, 49.96039 ], [ -108.4622, 49.96039 ], [ -108.46229, 49.87319 ], [ -108.44421, 49.8731 ], [ -108.44428, 49.69831 ], [ -108.03754, 49.6983 ], [ -108.03747, 49.87301 ], [ -108.05247, 49.87298 ], [ -108.05253, 49.96039 ] ] ] } },
{ "type": "Feature", "id": 52, "properties": { "RMNO": "131", "RMNM": "BAILDON", "UPDT_YEAR": "2013" }, "geometry": { "type": "Polygon", "coordinates": [ [ [ -105.30561, 50.3094 ], [ -105.71814, 50.30932 ], [ -105.71811, 50.22176 ], [ -105.69197, 50.22172 ], [ -105.69179, 50.04677 ], [ -105.28255, 50.0469 ], [ -105.28265, 50.2218 ], [ -105.30556, 50.22176 ], [ -105.30561, 50.3094 ] ] ] } },
{ "type": "Feature", "id": 53, "properties": { "RMNO": "319", "RMNM": "WINSLOW", "UPDT_YEAR": "2010" }, "geometry": { "type": "Polygon", "coordinates": [ [ [ -108.55577, 51.88161 ], [ -108.98116, 51.88155 ], [ -108.98123, 51.61982 ], [ -108.55592, 51.61971 ], [ -108.55577, 51.88161 ] ] ] } },
{ "type": "Feature", "id": 54, "properties": { "RMNO": "128", "RMNM": "LAJORD", "UPDT_YEAR": "2013" }, "geometry": { "type": "Polygon", "coordinates": [ [ [ -104.054, 50.04703 ], [ -104.05389, 50.22211 ], [ -104.06788, 50.22211 ], [ -104.0683, 50.3968 ], [ -104.20562, 50.39659 ], [ -104.20562, 50.30943 ], [ -104.48034, 50.30943 ], [ -104.48066, 50.22208 ], [ -104.4636, 50.22189 ], [ -104.46356, 50.047 ], [ -104.054, 50.04703 ] ] ] } },
{ "type": "Feature", "id": 55, "properties": { "RMNO": "335", "RMNM": "HAZEL DELL", "UPDT_YEAR": "2010" }, "geometry": { "type": "Polygon", "coordinates": [ [ [ -102.85735, 51.88129 ], [ -102.85739, 51.96886 ], [ -102.86312, 51.96886 ], [ -102.86302, 52.31822 ], [ -103.29124, 52.31832 ], [ -103.29181, 51.96871 ], [ -103.28242, 51.96869 ], [ -103.28244, 51.88136 ], [ -102.85735, 51.88129 ] ] ] } },
{ "type": "Feature", "id": 56, "properties": { "RMNO": "166", "RMNM": "EXCELSIOR", "UPDT_YEAR": "2013" }, "geometry": { "type": "Polygon", "coordinates": [ [ [ -107.24234, 50.30983 ], [ -107.242, 50.572 ], [ -107.25142, 50.57201 ], [ -107.2514, 50.7448 ], [ -107.25746, 50.74047 ], [ -107.25348, 50.73794 ], [ -107.26157, 50.73816 ], [ -107.25994, 50.73608 ], [ -107.26603, 50.73081 ], [ -107.26343, 50.73424 ], [ -107.26383, 50.73522 ], [ -107.26787, 50.7315 ], [ -107.27294, 50.73374 ], [ -107.2768, 50.73004 ], [ -107.27104, 50.72961 ], [ -107.28981, 50.72142 ], [ -107.28414, 50.72077 ], [ -107.3174, 50.70673 ], [ -107.33494, 50.71077 ], [ -107.33824, 50.7067 ], [ -107.34886, 50.71294 ], [ -107.35315, 50.70741 ], [ -107.37092, 50.7129 ], [ -107.37098, 50.70914 ], [ -107.37894, 50.71264 ], [ -107.38904, 50.70841 ], [ -107.38457, 50.71046 ], [ -107.38403, 50.71585 ], [ -107.39351, 50.71082 ], [ -107.41064, 50.71667 ], [ -107.4202, 50.71265 ], [ -107.43575, 50.71734 ], [ -107.45891, 50.69963 ], [ -107.46389, 50.70215 ], [ -107.46545, 50.69682 ], [ -107.46147, 50.69584 ], [ -107.46133, 50.69459 ], [ -107.47016, 50.69474 ], [ -107.46821, 50.68531 ], [ -107.4739, 50.68589 ], [ -107.47051, 50.68328 ], [ -107.48409, 50.67499 ], [ -107.4803, 50.67024 ], [ -107.48328, 50.66639 ], [ -107.49354, 50.66474 ], [ -107.49714, 50.65283 ], [ -107.52775, 50.64529 ], [ -107.5649, 50.64234 ], [ -107.5817, 50.64881 ], [ -107.58348, 50.65281 ], [ -107.57729, 50.65599 ], [ -107.5848, 50.65686 ], [ -107.59156, 50.66397 ], [ -107.58905, 50.66591 ], [ -107.59777, 50.66498 ], [ -107.59457, 50.66923 ], [ -107.59975, 50.67197 ], [ -107.61548, 50.67041 ], [ -107.63587, 50.67816 ], [ -107.6508, 50.67813 ], [ -107.6539, 50.67399 ], [ -107.67853, 50.67653 ], [ -107.69069, 50.66825 ], [ -107.69528, 50.67482 ], [ -107.70265, 50.66889 ], [ -107.74776, 50.66838 ], [ -107.74777, 50.65311 ], [ -107.73797, 50.65064 ], [ -107.73906, 50.64265 ], [ -107.73633, 50.64511 ], [ -107.73592, 50.616 ], [ -107.72449, 50.61599 ], [ -107.72444, 50.59408 ], [ -107.71301, 50.59408 ], [ -107.71278, 50.57228 ], [ -107.70058, 50.57206 ], [ -107.70025, 50.53558 ], [ -107.68894, 50.53553 ], [ -107.68892, 50.52109 ], [ -107.67761, 50.521 ], [ -107.6776, 50.51546 ], [ -107.66603, 50.51363 ], [ -107.66602, 50.49919 ], [ -107.65475, 50.49916 ], [ -107.659, 50.49194 ], [ -107.65476, 50.49193 ], [ -107.65463, 50.3099 ], [ -107.24234, 50.30983 ] ] ] } },
{ "type": "Feature", "id": 57, "properties": { "RMNO": "073", "RMNM": "STONEHENGE", "UPDT_YEAR": "2011" }, "geometry": { "type": "Polygon", "coordinates": [ [ [ -106.0053, 49.78571 ], [ -106.41071, 49.7854 ], [ -106.41089, 49.46549 ], [ -106.33119, 49.46567 ], [ -106.31554, 49.45643 ], [ -106.2989, 49.45848 ], [ -106.29489, 49.45455 ], [ -106.29148, 49.45852 ], [ -106.29468, 49.46096 ], [ -106.26852, 49.46444 ], [ -106.25733, 49.48303 ], [ -106.22498, 49.47424 ], [ -106.20023, 49.47824 ], [ -106.16816, 49.46062 ], [ -106.16413, 49.4536 ], [ -106.14806, 49.4478 ], [ -106.12343, 49.45368 ], [ -106.07211, 49.45271 ], [ -106.06339, 49.44818 ], [ -106.06599, 49.45098 ], [ -106.00572, 49.45094 ], [ -106.0053, 49.78571 ] ] ] } },
{ "type": "Feature", "id": 58, "properties": { "RMNO": "079", "RMNM": "ARLINGTON", "UPDT_YEAR": "2010" }, "geometry": { "type": "Polygon", "coordinates": [ [ [ -108.44425, 49.78577 ], [ -108.85131, 49.7855 ], [ -108.8511, 49.52358 ], [ -108.44452, 49.52365 ], [ -108.44425, 49.78577 ] ] ] } },
{ "type": "Feature", "id": 59, "properties": { "RMNO": "312", "RMNM": "MORRIS", "UPDT_YEAR": "2013" }, "geometry": { "type": "Polygon", "coordinates": [ [ [ -105.6881, 51.88156 ], [ -106.00432, 51.8817 ], [ -106.00437, 51.62009 ], [ -105.40432, 51.61991 ], [ -105.40466, 51.72401 ], [ -105.50283, 51.73243 ], [ -105.56488, 51.75559 ], [ -105.60558, 51.75757 ], [ -105.68805, 51.75059 ], [ -105.6881, 51.88156 ] ] ] } },
{ "type": "Feature", "id": 60, "properties": { "RMNO": "141", "RMNM": "BIG STICK", "UPDT_YEAR": "2011" }, "geometry": { "type": "Polygon", "coordinates": [ [ [ -109.30469, 50.30994 ], [ -109.71743, 50.31006 ], [ -109.71745, 50.22251 ], [ -109.69112, 50.2226 ], [ -109.69111, 50.0478 ], [ -109.28147, 50.04775 ], [ -109.28138, 50.22261 ], [ -109.30473, 50.22261 ], [ -109.30469, 50.30994 ] ] ] } },
{ "type": "Feature", "id": 61, "properties": { "RMNO": "274", "RMNM": "GOOD LAKE", "UPDT_YEAR": "2013" }, "geometry": { "type": "Polygon", "coordinates": [ [ [ -102.431, 51.38692 ], [ -102.43156, 51.65201 ], [ -102.85578, 51.65206 ], [ -102.85599, 51.38674 ], [ -102.431, 51.38692 ] ] ] } },
{ "type": "Feature", "id": 62, "properties": { "RMNO": "127", "RMNM": "FRANCIS", "UPDT_YEAR": "2013" }, "geometry": { "type": "Polygon", "coordinates": [ [ [ -103.65595, 50.39679 ], [ -104.0683, 50.3968 ], [ -104.06788, 50.22211 ], [ -104.05389, 50.22211 ], [ -104.054, 50.04703 ], [ -103.64438, 50.04715 ], [ -103.64438, 50.22199 ], [ -103.65618, 50.22198 ], [ -103.65595, 50.39679 ] ] ] } },
{ "type": "Feature", "id": 63, "properties": { "RMNO": "372", "RMNM": "GRANT", "UPDT_YEAR": "2013" }, "geometry": { "type": "Polygon", "coordinates": [ [ [ -105.8907, 52.31827 ], [ -105.8906, 52.49283 ], [ -106.14822, 52.49295 ], [ -106.14701, 52.14362 ], [ -105.86023, 52.14368 ], [ -105.86027, 52.31828 ], [ -105.8907, 52.31827 ] ] ] } },
{ "type": "Feature", "id": 64, "properties": { "RMNO": "036", "RMNM": "CYMRI", "UPDT_YEAR": "2010" }, "geometry": { "type": "Polygon", "coordinates": [ [ [ -103.21734, 49.26052 ], [ -103.21762, 49.52259 ], [ -103.62085, 49.52261 ], [ -103.62086, 49.26068 ], [ -103.21734, 49.26052 ] ] ] } },
{ "type": "Feature", "id": 65, "properties": { "RMNO": "351", "RMNM": "PROGRESS", "UPDT_YEAR": "2010" }, "geometry": { "type": "Polygon", "coordinates": [ [ [ -109.14601, 52.14339 ], [ -109.57416, 52.14336 ], [ -109.57419, 51.9689 ], [ -109.54845, 51.96884 ], [ -109.54843, 51.88149 ], [ -109.12305, 51.88157 ], [ -109.12304, 51.96892 ], [ -109.14639, 51.9689 ], [ -109.14601, 52.14339 ] ] ] } },
{ "type": "Feature", "id": 66, "properties": { "RMNO": "281", "RMNM": "WOOD CREEK", "UPDT_YEAR": "2010" }, "geometry": { "type": "Polygon", "coordinates": [ [ [ -105.382, 51.61991 ], [ -105.80378, 51.61964 ], [ -105.80389, 51.35796 ], [ -105.38208, 51.35787 ], [ -105.382, 51.61991 ] ] ] } },
{ "type": "Feature", "id": 67, "properties": { "RMNO": "224", "RMNM": "MAPLE BUSH", "UPDT_YEAR": "2013" }, "geometry": { "type": "Polygon", "coordinates": [ [ [ -106.42326, 51.09603 ], [ -106.65929, 51.09603 ], [ -106.71962, 51.06466 ], [ -106.71652, 51.06394 ], [ -106.73146, 51.05403 ], [ -106.76842, 51.05505 ], [ -106.81089, 51.04464 ], [ -106.84372, 51.04752 ], [ -106.84961, 51.06557 ], [ -106.85882, 51.07028 ], [ -106.85091, 51.0651 ], [ -106.85122, 51.04958 ], [ -106.85915, 51.04467 ], [ -106.87075, 51.04525 ], [ -106.87669, 51.03737 ], [ -106.88973, 51.03712 ], [ -106.88054, 51.0356 ], [ -106.89753, 51.02103 ], [ -106.90254, 51.00948 ], [ -106.95849, 51.00851 ], [ -106.90887, 51.00124 ], [ -106.91716, 50.99661 ], [ -106.90984, 50.99614 ], [ -106.91299, 50.994 ], [ -106.91473, 50.98772 ], [ -106.91057, 50.9915 ], [ -106.90868, 50.9775 ], [ -106.91956, 50.97696 ], [ -106.92366, 50.97125 ], [ -106.94126, 50.96626 ], [ -106.91147, 50.96835 ], [ -106.9191, 50.95037 ], [ -106.92704, 50.94954 ], [ -106.92222, 50.94744 ], [ -106.92361, 50.93894 ], [ -106.92732, 50.93222 ], [ -106.93451, 50.93053 ], [ -106.93111, 50.92843 ], [ -106.93956, 50.91747 ], [ -106.96474, 50.90696 ], [ -106.9729, 50.91633 ], [ -106.97703, 50.91547 ], [ -106.97012, 50.90601 ], [ -106.98588, 50.89973 ], [ -106.98589, 50.8951 ], [ -106.98988, 50.89668 ], [ -106.99075, 50.89626 ], [ -106.98722, 50.89165 ], [ -106.99281, 50.88789 ], [ -106.99024, 50.88179 ], [ -107.00302, 50.88304 ], [ -106.99531, 50.88137 ], [ -107.003, 50.87845 ], [ -106.99641, 50.87798 ], [ -106.99678, 50.87327 ], [ -106.99437, 50.87862 ], [ -106.99114, 50.87699 ], [ -106.9936, 50.86714 ], [ -106.99796, 50.8661 ], [ -106.98907, 50.86003 ], [ -106.99453, 50.8589 ], [ -106.98368, 50.85526 ], [ -106.99371, 50.84565 ], [ -106.98636, 50.84721 ], [ -106.99618, 50.84113 ], [ -106.98282, 50.84495 ], [ -106.98296, 50.84907 ], [ -106.97471, 50.8482 ], [ -106.97734, 50.85233 ], [ -106.96101, 50.84148 ], [ -106.96614, 50.83425 ], [ -106.42046, 50.83393 ], [ -106.42326, 51.09603 ] ] ] } },
{ "type": "Feature", "id": 68, "properties": { "RMNO": "215", "RMNM": "STANLEY", "UPDT_YEAR": "2014" }, "geometry": { "type": "Polygon", "coordinates": [ [ [ -102.84893, 51.12161 ], [ -103.27033, 51.12185 ], [ -103.27044, 50.94536 ], [ -103.2841, 50.94511 ], [ -103.28459, 50.85691 ], [ -102.84276, 50.8569 ], [ -102.84277, 50.94503 ], [ -102.84913, 50.94503 ], [ -102.84893, 51.12161 ] ] ] } },
{ "type": "Feature", "id": 69, "properties": { "RMNO": "397", "RMNM": "BARRIER VALLEY", "UPDT_YEAR": "2013" }, "geometry": { "type": "Polygon", "coordinates": [ [ [ -103.73473, 52.40557 ], [ -103.73468, 52.66731 ], [ -104.16531, 52.66727 ], [ -104.16559, 52.4055 ], [ -103.73473, 52.40557 ] ] ] } },
{ "type": "Feature", "id": 70, "properties": { "RMNO": "122", "RMNM": "MARTIN", "UPDT_YEAR": "2011" }, "geometry": { "type": "Polygon", "coordinates": [ [ [ -101.75434, 50.24065 ], [ -101.75421, 50.32788 ], [ -102.00636, 50.32568 ], [ -102.00638, 50.06005 ], [ -101.72261, 50.06359 ], [ -101.72257, 50.24044 ], [ -101.75434, 50.24065 ] ] ] } },
{ "type": "Feature", "id": 71, "properties": { "RMNO": "313", "RMNM": "LOST RIVER", "UPDT_YEAR": "2011" }, "geometry": { "type": "Polygon", "coordinates": [ [ [ -106.00432, 51.8817 ], [ -106.28805, 51.88161 ], [ -106.28784, 51.61969 ], [ -106.00437, 51.62009 ], [ -106.00432, 51.8817 ] ] ] } },
{ "type": "Feature", "id": 72, "properties": { "RMNO": "042", "RMNM": "WILLOW BUNCH", "UPDT_YEAR": "2014" }, "geometry": { "type": "Polygon", "coordinates": [ [ [ -106.00406, 49.52361 ], [ -106.00536, 49.26161 ], [ -105.92743, 49.26084 ], [ -105.92309, 49.25511 ], [ -105.89769, 49.24562 ], [ -105.89737, 49.23552 ], [ -105.88965, 49.23234 ], [ -105.8933, 49.22312 ], [ -105.89058, 49.22058 ], [ -105.87128, 49.23225 ], [ -105.87488, 49.24341 ], [ -105.86867, 49.25209 ], [ -105.86854, 49.24271 ], [ -105.86295, 49.23914 ], [ -105.8658, 49.23684 ], [ -105.85312, 49.23255 ], [ -105.85223, 49.23901 ], [ -105.82549, 49.26831 ], [ -105.82316, 49.27745 ], [ -105.80879, 49.27899 ], [ -105.7961, 49.28931 ], [ -105.81093, 49.27156 ], [ -105.80736, 49.26511 ], [ -105.81123, 49.26656 ], [ -105.81331, 49.26064 ], [ -105.50328, 49.26067 ], [ -105.50334, 49.348 ], [ -105.36889, 49.34801 ], [ -105.36894, 49.39445 ], [ -105.41088, 49.43552 ], [ -105.45502, 49.45386 ], [ -105.49455, 49.45059 ], [ -105.53152, 49.463 ], [ -105.56553, 49.46542 ], [ -105.58308, 49.4612 ], [ -105.62146, 49.46793 ], [ -105.63779, 49.47791 ], [ -105.63789, 49.52192 ], [ -106.00406, 49.52361 ] ] ] } },
{ "type": "Feature", "id": 73, "properties": { "RMNO": "286", "RMNM": "MILDEN", "UPDT_YEAR": "2010" }, "geometry": { "type": "Polygon", "coordinates": [ [ [ -107.41005, 51.61982 ], [ -107.69149, 51.61983 ], [ -107.69139, 51.27078 ], [ -107.41015, 51.27093 ], [ -107.41005, 51.61982 ] ] ] } },
{ "type": "Feature", "id": 74, "properties": { "RMNO": "287", "RMNM": "ST. ANDREWS", "UPDT_YEAR": "2013" }, "geometry": { "type": "Polygon", "coordinates": [ [ [ -107.69149, 51.61983 ], [ -108.11338, 51.61981 ], [ -108.1135, 51.35817 ], [ -107.69138, 51.35815 ], [ -107.69149, 51.61983 ] ] ] } },
{ "type": "Feature", "id": 75, "properties": { "RMNO": "317", "RMNM": "MARRIOTT", "UPDT_YEAR": "2013" }, "geometry": { "type": "Polygon", "coordinates": [ [ [ -107.70524, 51.88155 ], [ -108.13045, 51.8815 ], [ -108.13044, 51.6198 ], [ -107.7051, 51.61981 ], [ -107.70524, 51.88155 ] ] ] } },
{ "type": "Feature", "id": 76, "properties": { "RMNO": "002", "RMNM": "MOUNT PLEASANT", "UPDT_YEAR": "2013" }, "geometry": { "type": "Polygon", "coordinates": [ [ [ -101.6638, 49.17786 ], [ -101.66388, 49.26641 ], [ -102.00653, 49.2636 ], [ -102.00649, 48.9989 ], [ -101.63091, 48.99933 ], [ -101.63099, 49.17759 ], [ -101.6638, 49.17786 ] ] ] } },
{ "type": "Feature", "id": 77, "properties": { "RMNO": "097", "RMNM": "WELLINGTON", "UPDT_YEAR": "2014" }, "geometry": { "type": "Polygon", "coordinates": [ [ [ -103.64438, 50.04715 ], [ -104.054, 50.04703 ], [ -104.05395, 49.87219 ], [ -104.03912, 49.8722 ], [ -104.03908, 49.78475 ], [ -103.63264, 49.78467 ], [ -103.6327, 49.87207 ], [ -103.64437, 49.87208 ], [ -103.64438, 50.04715 ] ] ] } },
{ "type": "Feature", "id": 78, "properties": { "RMNO": "098", "RMNM": "SCOTT", "UPDT_YEAR": "2013" }, "geometry": { "type": "Polygon", "coordinates": [ [ [ -104.03908, 49.78475 ], [ -104.03912, 49.8722 ], [ -104.05395, 49.87219 ], [ -104.054, 50.04703 ], [ -104.46356, 50.047 ], [ -104.46355, 49.87208 ], [ -104.44547, 49.87205 ], [ -104.4455, 49.78465 ], [ -104.03908, 49.78475 ] ] ] } },
{ "type": "Feature", "id": 79, "properties": { "RMNO": "346", "RMNM": "PERDUE", "UPDT_YEAR": "2013" }, "geometry": { "type": "Polygon", "coordinates": [ [ [ -107.28927, 52.14369 ], [ -107.71738, 52.14353 ], [ -107.71747, 51.96884 ], [ -107.70525, 51.96886 ], [ -107.70524, 51.88155 ], [ -107.2798, 51.88163 ], [ -107.27983, 51.96887 ], [ -107.28901, 51.96886 ], [ -107.28927, 52.14369 ] ] ] } },
{ "type": "Feature", "id": 80, "properties": { "RMNO": "018", "RMNM": "LONE TREE", "UPDT_YEAR": "2013" }, "geometry": { "type": "Polygon", "coordinates": [ [ [ -108.00979, 48.99972 ], [ -108.00999, 49.17422 ], [ -108.02411, 49.17421 ], [ -108.02415, 49.26166 ], [ -108.42741, 49.26166 ], [ -108.42723, 49.17431 ], [ -108.41025, 49.17431 ], [ -108.41008, 48.9995 ], [ -108.00979, 48.99972 ] ] ] } },
{ "type": "Feature", "id": 81, "properties": { "RMNO": "371", "RMNM": "BAYNE", "UPDT_YEAR": "2013" }, "geometry": { "type": "Polygon", "coordinates": [ [ [ -105.45913, 52.40539 ], [ -105.89064, 52.40558 ], [ -105.8907, 52.31827 ], [ -105.86027, 52.31828 ], [ -105.86023, 52.14368 ], [ -105.43246, 52.14368 ], [ -105.43241, 52.31824 ], [ -105.45903, 52.31825 ], [ -105.45913, 52.40539 ] ] ] } },
{ "type": "Feature", "id": 82, "properties": { "RMNO": "334", "RMNM": "PREECEVILLE", "UPDT_YEAR": "2014" }, "geometry": { "type": "Polygon", "coordinates": [ [ [ -102.43205, 51.88197 ], [ -102.43476, 52.31804 ], [ -102.86302, 52.31822 ], [ -102.86312, 51.96886 ], [ -102.85739, 51.96886 ], [ -102.85735, 51.88129 ], [ -102.43205, 51.88197 ] ] ] } },
{ "type": "Feature", "id": 83, "properties": { "RMNO": "006", "RMNM": "CAMBRIA", "UPDT_YEAR": "2013" }, "geometry": { "type": "Polygon", "coordinates": [ [ [ -103.20871, 48.99942 ], [ -103.20885, 49.17371 ], [ -103.2174, 49.17371 ], [ -103.21734, 49.26052 ], [ -103.62086, 49.26068 ], [ -103.62084, 49.17366 ], [ -103.60925, 49.17366 ], [ -103.60921, 48.99928 ], [ -103.20871, 48.99942 ] ] ] } },
{ "type": "Feature", "id": 84, "properties": { "RMNO": "381", "RMNM": "GRASS LAKE", "UPDT_YEAR": "2011" }, "geometry": { "type": "Polygon", "coordinates": [ [ [ -109.16973, 52.40573 ], [ -109.60072, 52.40593 ], [ -109.60065, 52.3183 ], [ -109.57428, 52.3183 ], [ -109.57416, 52.14336 ], [ -109.14601, 52.14339 ], [ -109.14568, 52.31827 ], [ -109.16984, 52.31827 ], [ -109.16973, 52.40573 ] ] ] } },
{ "type": "Feature", "id": 85, "properties": { "RMNO": "411", "RMNM": "SENLAC", "UPDT_YEAR": "2011" }, "geometry": { "type": "Polygon", "coordinates": [ [ [ -109.69171, 52.66012 ], [ -109.7027, 52.66385 ], [ -109.69847, 52.66746 ], [ -110.00543, 52.66684 ], [ -110.00507, 52.40483 ], [ -109.45696, 52.40552 ], [ -109.45706, 52.66743 ], [ -109.68628, 52.66748 ], [ -109.69171, 52.66012 ] ] ] } },
{ "type": "Feature", "id": 86, "properties": { "RMNO": "076", "RMNM": "AUVERGNE", "UPDT_YEAR": "2011" }, "geometry": { "type": "Polygon", "coordinates": [ [ [ -107.22385, 49.78555 ], [ -107.63083, 49.78557 ], [ -107.63077, 49.52377 ], [ -107.22401, 49.52365 ], [ -107.22385, 49.78555 ] ] ] } },
{ "type": "Feature", "id": 87, "properties": { "RMNO": "071", "RMNM": "EXCEL", "UPDT_YEAR": "2013" }, "geometry": { "type": "Polygon", "coordinates": [ [ [ -105.25834, 49.78465 ], [ -105.66537, 49.78465 ], [ -105.66551, 49.52226 ], [ -105.63789, 49.52192 ], [ -105.63779, 49.47791 ], [ -105.60568, 49.46401 ], [ -105.53152, 49.463 ], [ -105.49455, 49.45059 ], [ -105.47331, 49.45525 ], [ -105.44206, 49.45153 ], [ -105.40225, 49.42981 ], [ -105.36646, 49.39262 ], [ -105.32621, 49.38119 ], [ -105.3152, 49.3762 ], [ -105.3144, 49.37074 ], [ -105.30899, 49.38575 ], [ -105.29854, 49.38983 ], [ -105.26306, 49.38438 ], [ -105.25686, 49.37714 ], [ -105.23439, 49.37711 ], [ -105.23446, 49.52272 ], [ -105.25844, 49.52273 ], [ -105.25834, 49.78465 ] ] ] } },
{ "type": "Feature", "id": 88, "properties": { "RMNO": "072", "RMNM": "LAKE OF THE RIVERS", "UPDT_YEAR": "2013" }, "geometry": { "type": "Polygon", "coordinates": [ [ [ -105.66537, 49.78465 ], [ -106.0053, 49.78571 ], [ -106.00545, 49.52358 ], [ -105.66551, 49.52226 ], [ -105.66537, 49.78465 ] ] ] } },
{ "type": "Feature", "id": 89, "properties": { "RMNO": "132", "RMNM": "HILLSBOROUGH", "UPDT_YEAR": "2013" }, "geometry": { "type": "Polygon", "coordinates": [ [ [ -105.71814, 50.30932 ], [ -106.00486, 50.30983 ], [ -106.00506, 50.04781 ], [ -105.69179, 50.04677 ], [ -105.69197, 50.22172 ], [ -105.71811, 50.22176 ], [ -105.71814, 50.30932 ] ] ] } },
{ "type": "Feature", "id": 90, "properties": { "RMNO": "001", "RMNM": "ARGYLE", "UPDT_YEAR": "2013" }, "geometry": { "type": "Polygon", "coordinates": [ [ [ -101.39223, 49.17787 ], [ -101.39213, 49.26622 ], [ -101.66388, 49.26641 ], [ -101.6638, 49.17762 ], [ -101.63099, 49.17759 ], [ -101.63091, 48.99933 ], [ -101.36201, 48.99948 ], [ -101.36209, 49.17772 ], [ -101.39223, 49.17787 ] ] ] } },
{ "type": "Feature", "id": 91, "properties": { "RMNO": "068", "RMNM": "BROKENSHELL", "UPDT_YEAR": "2013" }, "geometry": { "type": "Polygon", "coordinates": [ [ [ -104.03891, 49.52266 ], [ -104.03908, 49.78475 ], [ -104.4455, 49.78465 ], [ -104.4455, 49.52254 ], [ -104.03891, 49.52266 ] ] ] } },
{ "type": "Feature", "id": 92, "properties": { "RMNO": "074", "RMNM": "WOOD RIVER", "UPDT_YEAR": "2011" }, "geometry": { "type": "Polygon", "coordinates": [ [ [ -106.41071, 49.7854 ], [ -106.81733, 49.78532 ], [ -106.81737, 49.52365 ], [ -106.41069, 49.5235 ], [ -106.41071, 49.7854 ] ] ] } },
{ "type": "Feature", "id": 93, "properties": { "RMNO": "099", "RMNM": "CALEDONIA", "UPDT_YEAR": "2011" }, "geometry": { "type": "Polygon", "coordinates": [ [ [ -104.46356, 50.047 ], [ -104.87313, 50.04695 ], [ -104.87317, 49.87217 ], [ -104.85179, 49.87216 ], [ -104.85185, 49.78464 ], [ -104.4455, 49.78465 ], [ -104.44547, 49.87205 ], [ -104.46355, 49.87208 ], [ -104.46356, 50.047 ] ] ] } },
{ "type": "Feature", "id": 94, "properties": { "RMNO": "279", "RMNM": "MOUNT HOPE", "UPDT_YEAR": "2013" }, "geometry": { "type": "Polygon", "coordinates": [ [ [ -104.12904, 51.56359 ], [ -104.27041, 51.56379 ], [ -104.2704, 51.53262 ], [ -104.53844, 51.53255 ], [ -104.53808, 51.61973 ], [ -104.95994, 51.61967 ], [ -104.96006, 51.3579 ], [ -104.8195, 51.35795 ], [ -104.81957, 51.27047 ], [ -104.79853, 51.27046 ], [ -104.79853, 51.13938 ], [ -104.65903, 51.13939 ], [ -104.65911, 51.1829 ], [ -104.51989, 51.18289 ], [ -104.5194, 51.27033 ], [ -104.53832, 51.27033 ], [ -104.53846, 51.35786 ], [ -104.27048, 51.35764 ], [ -104.27057, 51.38711 ], [ -104.12885, 51.38689 ], [ -104.12904, 51.56359 ] ] ] } },
{ "type": "Feature", "id": 95, "properties": { "RMNO": "069", "RMNM": "NORTON", "UPDT_YEAR": "2013" }, "geometry": { "type": "Polygon", "coordinates": [ [ [ -104.4455, 49.52254 ], [ -104.4455, 49.78465 ], [ -104.85185, 49.78464 ], [ -104.85219, 49.52269 ], [ -104.4455, 49.52254 ] ] ] } },
{ "type": "Feature", "id": 96, "properties": { "RMNO": "226", "RMNM": "VICTORY", "UPDT_YEAR": "2013" }, "geometry": { "type": "Polygon", "coordinates": [ [ [ -107.26039, 51.00869 ], [ -107.81834, 51.00873 ], [ -107.81825, 50.92149 ], [ -107.80502, 50.9215 ], [ -107.80339, 50.68419 ], [ -107.77937, 50.68209 ], [ -107.74836, 50.66816 ], [ -107.71361, 50.67172 ], [ -107.70265, 50.66889 ], [ -107.69528, 50.67482 ], [ -107.69069, 50.66825 ], [ -107.67853, 50.67653 ], [ -107.6539, 50.67399 ], [ -107.65056, 50.67816 ], [ -107.63587, 50.67816 ], [ -107.61437, 50.67025 ], [ -107.59975, 50.67197 ], [ -107.59457, 50.66923 ], [ -107.59777, 50.66498 ], [ -107.58905, 50.66591 ], [ -107.59156, 50.66397 ], [ -107.5848, 50.65686 ], [ -107.57729, 50.65599 ], [ -107.58348, 50.65281 ], [ -107.5817, 50.64881 ], [ -107.55726, 50.64157 ], [ -107.49755, 50.65253 ], [ -107.49354, 50.66474 ], [ -107.48328, 50.66639 ], [ -107.4803, 50.67024 ], [ -107.48409, 50.67499 ], [ -107.47051, 50.68328 ], [ -107.4739, 50.68589 ], [ -107.46821, 50.68531 ], [ -107.47016, 50.69474 ], [ -107.46133, 50.69459 ], [ -107.46545, 50.69682 ], [ -107.46389, 50.70215 ], [ -107.45891, 50.69963 ], [ -107.43575, 50.71734 ], [ -107.4202, 50.71265 ], [ -107.41064, 50.71667 ], [ -107.39351, 50.71082 ], [ -107.38403, 50.71585 ], [ -107.38904, 50.70841 ], [ -107.37894, 50.71264 ], [ -107.37098, 50.70914 ], [ -107.37092, 50.7129 ], [ -107.35315, 50.70741 ], [ -107.34886, 50.71294 ], [ -107.32586, 50.70564 ], [ -107.30063, 50.71251 ], [ -107.30243, 50.71591 ], [ -107.292, 50.72066 ], [ -107.28755, 50.71877 ], [ -107.28418, 50.72083 ], [ -107.28981, 50.72142 ], [ -107.28183, 50.72423 ], [ -107.28561, 50.72548 ], [ -107.27104, 50.72961 ], [ -107.2768, 50.73004 ], [ -107.27294, 50.73374 ], [ -107.26787, 50.7315 ], [ -107.26383, 50.73522 ], [ -107.26603, 50.73081 ], [ -107.26157, 50.73816 ], [ -107.25348, 50.73794 ], [ -107.25746, 50.74047 ], [ -107.2514, 50.7448 ], [ -107.25187, 50.9214 ], [ -107.26033, 50.92141 ], [ -107.26039, 51.00869 ] ] ] } },
{ "type": "Feature", "id": 97, "properties": { "RMNO": "369", "RMNM": "ST. PETER", "UPDT_YEAR": "2013" }, "geometry": { "type": "Polygon", "coordinates": [ [ [ -104.57799, 52.1439 ], [ -104.57801, 52.31831 ], [ -104.59704, 52.31833 ], [ -104.597, 52.4054 ], [ -105.02803, 52.40564 ], [ -105.02807, 52.31814 ], [ -105.00433, 52.31813 ], [ -105.00444, 52.14368 ], [ -104.57799, 52.1439 ] ] ] } },
{ "type": "Feature", "id": 98, "properties": { "RMNO": "034", "RMNM": "BROWNING", "UPDT_YEAR": "2011" }, "geometry": { "type": "Polygon", "coordinates": [ [ [ -102.41026, 49.26071 ], [ -102.41051, 49.5226 ], [ -102.81397, 49.52253 ], [ -102.8139, 49.26067 ], [ -102.41026, 49.26071 ] ] ] } },
{ "type": "Feature", "id": 99, "properties": { "RMNO": "246", "RMNM": "ITUNA BON ACCORD", "UPDT_YEAR": "2013" }, "geometry": { "type": "Polygon", "coordinates": [ [ [ -103.27033, 51.12185 ], [ -103.27035, 51.29848 ], [ -103.28029, 51.2985 ], [ -103.28029, 51.38687 ], [ -103.7045, 51.38712 ], [ -103.7046, 51.29879 ], [ -103.69062, 51.29878 ], [ -103.69058, 51.1219 ], [ -103.27033, 51.12185 ] ] ] } },
{ "type": "Feature", "id": 100, "properties": { "RMNO": "121", "RMNM": "MOOSOMIN", "UPDT_YEAR": "2013" }, "geometry": { "type": "Polygon", "coordinates": [ [ [ -101.47704, 50.32876 ], [ -101.75421, 50.32788 ], [ -101.75434, 50.24043 ], [ -101.72257, 50.24044 ], [ -101.72261, 50.06359 ], [ -101.44731, 50.06359 ], [ -101.44716, 50.24056 ], [ -101.47673, 50.24052 ], [ -101.47704, 50.32876 ] ] ] } },
{ "type": "Feature", "id": 101, "properties": { "RMNO": "214", "RMNM": "CANA", "UPDT_YEAR": "2014" }, "geometry": { "type": "Polygon", "coordinates": [ [ [ -102.42769, 50.94516 ], [ -102.4278, 51.12168 ], [ -102.84893, 51.12161 ], [ -102.84913, 50.94503 ], [ -102.84277, 50.94503 ], [ -102.84276, 50.8569 ], [ -102.42464, 50.85547 ], [ -102.42452, 50.94489 ], [ -102.42769, 50.94516 ] ] ] } },
{ "type": "Feature", "id": 102, "properties": { "RMNO": "213", "RMNM": "SALTCOATS", "UPDT_YEAR": "2013" }, "geometry": { "type": "Polygon", "coordinates": [ [ [ -102.00635, 50.85553 ], [ -102.00641, 51.12168 ], [ -102.4278, 51.12168 ], [ -102.42464, 50.85547 ], [ -102.00635, 50.85553 ] ] ] } },
{ "type": "Feature", "id": 103, "properties": { "RMNO": "019", "RMNM": "FRONTIER", "UPDT_YEAR": "2010" }, "geometry": { "type": "Polygon", "coordinates": [ [ [ -108.42741, 49.26166 ], [ -109.23456, 49.26159 ], [ -109.23448, 49.17438 ], [ -109.21198, 49.1742 ], [ -109.21196, 49.0 ], [ -108.41008, 48.9995 ], [ -108.41025, 49.17431 ], [ -108.42723, 49.17431 ], [ -108.42741, 49.26166 ] ] ] } },
{ "type": "Feature", "id": 104, "properties": { "RMNO": "049", "RMNM": "WHITE VALLEY", "UPDT_YEAR": "2011" }, "geometry": { "type": "Polygon", "coordinates": [ [ [ -108.85096, 49.69829 ], [ -109.25769, 49.69832 ], [ -109.25779, 49.52356 ], [ -109.16777, 49.52464 ], [ -109.16768, 49.5097 ], [ -109.12303, 49.51043 ], [ -109.12258, 49.26156 ], [ -108.42741, 49.26166 ], [ -108.42766, 49.52369 ], [ -108.8511, 49.52358 ], [ -108.85096, 49.69829 ] ] ] } },
{ "type": "Feature", "id": 105, "properties": { "RMNO": "033", "RMNM": "MOOSE CREEK", "UPDT_YEAR": "2013" }, "geometry": { "type": "Polygon", "coordinates": [ [ [ -102.0065, 49.52157 ], [ -102.41051, 49.5226 ], [ -102.41026, 49.26071 ], [ -102.00652, 49.26083 ], [ -102.0065, 49.52157 ] ] ] } },
{ "type": "Feature", "id": 106, "properties": { "RMNO": "338", "RMNM": "LAKESIDE", "UPDT_YEAR": "2013" }, "geometry": { "type": "Polygon", "coordinates": [ [ [ -104.14893, 51.96884 ], [ -104.149, 52.14384 ], [ -104.57799, 52.1439 ], [ -104.57813, 51.969 ], [ -104.55691, 51.96901 ], [ -104.55706, 51.88151 ], [ -104.13216, 51.88149 ], [ -104.13273, 51.96882 ], [ -104.14893, 51.96884 ] ] ] } },
{ "type": "Feature", "id": 107, "properties": { "RMNO": "031", "RMNM": "STORTHOAKS", "UPDT_YEAR": "2013" }, "geometry": { "type": "Polygon", "coordinates": [ [ [ -101.39213, 49.26622 ], [ -101.39258, 49.53274 ], [ -101.66412, 49.53258 ], [ -101.66388, 49.26641 ], [ -101.39213, 49.26622 ] ] ] } },
{ "type": "Feature", "id": 108, "properties": { "RMNO": "032", "RMNM": "RECIPROCITY", "UPDT_YEAR": "2011" }, "geometry": { "type": "Polygon", "coordinates": [ [ [ -101.66388, 49.26641 ], [ -101.66412, 49.53258 ], [ -102.00651, 49.52879 ], [ -102.00653, 49.2636 ], [ -101.66388, 49.26641 ] ] ] } },
{ "type": "Feature", "id": 109, "properties": { "RMNO": "321", "RMNM": "PRAIRIEDALE", "UPDT_YEAR": "2014" }, "geometry": { "type": "Polygon", "coordinates": [ [ [ -109.40656, 51.88153 ], [ -109.69017, 51.88151 ], [ -109.69034, 51.61986 ], [ -109.40653, 51.61993 ], [ -109.40656, 51.88153 ] ] ] } },
{ "type": "Feature", "id": 110, "properties": { "RMNO": "320", "RMNM": "OAKDALE", "UPDT_YEAR": "2010" }, "geometry": { "type": "Polygon", "coordinates": [ [ [ -108.98116, 51.88155 ], [ -109.40656, 51.88153 ], [ -109.40653, 51.61993 ], [ -108.98123, 51.61982 ], [ -108.98116, 51.88155 ] ] ] } },
{ "type": "Feature", "id": 111, "properties": { "RMNO": "257", "RMNM": "MONET", "UPDT_YEAR": "2013" }, "geometry": { "type": "Polygon", "coordinates": [ [ [ -107.69138, 51.35815 ], [ -108.37129, 51.3582 ], [ -108.37132, 51.27074 ], [ -108.35294, 51.27073 ], [ -108.35307, 51.09608 ], [ -108.09735, 51.09604 ], [ -108.09741, 51.0669 ], [ -108.07402, 51.06694 ], [ -108.07412, 51.00873 ], [ -107.67883, 51.00868 ], [ -107.67903, 51.27078 ], [ -107.69139, 51.27078 ], [ -107.69138, 51.35815 ] ] ] } },
{ "type": "Feature", "id": 112, "properties": { "RMNO": "440", "RMNM": "HILLSDALE", "UPDT_YEAR": "2013" }, "geometry": { "type": "Polygon", "coordinates": [ [ [ -109.19757, 53.01626 ], [ -109.48787, 53.01647 ], [ -109.48799, 52.92934 ], [ -109.63287, 52.9291 ], [ -109.6321, 52.78178 ], [ -109.645, 52.76362 ], [ -109.64625, 52.75408 ], [ -109.63019, 52.74917 ], [ -109.6279, 52.74056 ], [ -109.63645, 52.72369 ], [ -109.6557, 52.71175 ], [ -109.64751, 52.70751 ], [ -109.64986, 52.68888 ], [ -109.64453, 52.68155 ], [ -109.65594, 52.67685 ], [ -109.65758, 52.66753 ], [ -109.19763, 52.66757 ], [ -109.19757, 53.01626 ] ] ] } },
{ "type": "Feature", "id": 113, "properties": { "RMNO": "253", "RMNM": "WILLNER", "UPDT_YEAR": "2013" }, "geometry": { "type": "Polygon", "coordinates": [ [ [ -106.00446, 51.35809 ], [ -106.42611, 51.35808 ], [ -106.42326, 51.09603 ], [ -106.00455, 51.09599 ], [ -106.00446, 51.35809 ] ] ] } },
{ "type": "Feature", "id": 114, "properties": { "RMNO": "061", "RMNM": "ANTLER", "UPDT_YEAR": "2013" }, "geometry": { "type": "Polygon", "coordinates": [ [ [ -101.41778, 49.53259 ], [ -101.4178, 49.70963 ], [ -102.0065, 49.70555 ], [ -102.00651, 49.52879 ], [ -101.41778, 49.53259 ] ] ] } },
{ "type": "Feature", "id": 115, "properties": { "RMNO": "349", "RMNM": "GRANDVIEW", "UPDT_YEAR": "2013" }, "geometry": { "type": "Polygon", "coordinates": [ [ [ -108.43133, 52.1435 ], [ -108.81244, 52.14346 ], [ -108.82826, 52.05351 ], [ -108.82085, 52.03805 ], [ -108.78661, 52.01217 ], [ -108.77614, 51.99867 ], [ -108.79298, 51.98241 ], [ -108.79387, 51.97525 ], [ -108.77889, 51.97506 ], [ -108.76842, 51.9657 ], [ -108.7685, 51.88152 ], [ -108.41409, 51.88154 ], [ -108.41418, 51.96891 ], [ -108.4311, 51.96892 ], [ -108.43133, 52.1435 ] ] ] } },
{ "type": "Feature", "id": 116, "properties": { "RMNO": "185", "RMNM": "MCLEOD", "UPDT_YEAR": "2013" }, "geometry": { "type": "Polygon", "coordinates": [ [ [ -102.84279, 50.63825 ], [ -102.84276, 50.8569 ], [ -103.26138, 50.85689 ], [ -103.26147, 50.59157 ], [ -103.25295, 50.59156 ], [ -103.2529, 50.57166 ], [ -103.24372, 50.57165 ], [ -103.24368, 50.52956 ], [ -103.20293, 50.52882 ], [ -103.20704, 50.52419 ], [ -103.20005, 50.52186 ], [ -103.18662, 50.52486 ], [ -103.18593, 50.5289 ], [ -103.17943, 50.528 ], [ -103.18097, 50.52328 ], [ -103.17189, 50.52823 ], [ -103.16315, 50.52429 ], [ -103.13697, 50.532 ], [ -103.12513, 50.53122 ], [ -103.12491, 50.52837 ], [ -103.12224, 50.52705 ], [ -103.12396, 50.52981 ], [ -103.11068, 50.53272 ], [ -103.11422, 50.53497 ], [ -103.10633, 50.53966 ], [ -103.08782, 50.5429 ], [ -103.08889, 50.54817 ], [ -103.06636, 50.55415 ], [ -103.06754, 50.56401 ], [ -103.05852, 50.5668 ], [ -103.05624, 50.56326 ], [ -103.05286, 50.57297 ], [ -103.04816, 50.57527 ], [ -103.04372, 50.57084 ], [ -103.04483, 50.5746 ], [ -103.03878, 50.5756 ], [ -103.03334, 50.58439 ], [ -103.02275, 50.5809 ], [ -103.02507, 50.5881 ], [ -103.0181, 50.588 ], [ -103.01787, 50.58449 ], [ -103.01736, 50.5897 ], [ -103.01064, 50.5924 ], [ -103.0106, 50.58852 ], [ -103.00595, 50.58888 ], [ -103.00761, 50.59405 ], [ -102.99814, 50.59747 ], [ -102.99554, 50.6041 ], [ -102.98516, 50.59831 ], [ -102.97625, 50.60596 ], [ -102.98305, 50.60879 ], [ -102.97655, 50.60804 ], [ -102.97933, 50.61143 ], [ -102.97519, 50.61386 ], [ -102.96202, 50.61361 ], [ -102.95901, 50.61971 ], [ -102.95596, 50.6153 ], [ -102.94802, 50.61726 ], [ -102.94898, 50.62302 ], [ -102.94313, 50.62353 ], [ -102.94823, 50.62487 ], [ -102.94067, 50.6311 ], [ -102.92807, 50.63092 ], [ -102.933, 50.63534 ], [ -102.92253, 50.63533 ], [ -102.92123, 50.63127 ], [ -102.91591, 50.63501 ], [ -102.9174, 50.64113 ], [ -102.90745, 50.64073 ], [ -102.90681, 50.63568 ], [ -102.90195, 50.64195 ], [ -102.90607, 50.64534 ], [ -102.89869, 50.64226 ], [ -102.90174, 50.63662 ], [ -102.8942, 50.64228 ], [ -102.88395, 50.63671 ], [ -102.87759, 50.64226 ], [ -102.87729, 50.63618 ], [ -102.84962, 50.64286 ], [ -102.84279, 50.63825 ] ] ] } },
{ "type": "Feature", "id": 117, "properties": { "RMNO": "376", "RMNM": "EAGLE CREEK", "UPDT_YEAR": "2010" }, "geometry": { "type": "Polygon", "coordinates": [ [ [ -107.67755, 52.48781 ], [ -107.7315, 52.5028 ], [ -107.73154, 52.31819 ], [ -107.71754, 52.31813 ], [ -107.71738, 52.14353 ], [ -107.28927, 52.14369 ], [ -107.28921, 52.31842 ], [ -107.2997, 52.31841 ], [ -107.2996, 52.35505 ], [ -107.41327, 52.3554 ], [ -107.4477, 52.37822 ], [ -107.4932, 52.39613 ], [ -107.4779, 52.38681 ], [ -107.48719, 52.38806 ], [ -107.55356, 52.41812 ], [ -107.60454, 52.45203 ], [ -107.64608, 52.46795 ], [ -107.67755, 52.48781 ] ] ] } },
{ "type": "Feature", "id": 118, "properties": { "RMNO": "004", "RMNM": "COALFIELDS", "UPDT_YEAR": "2013" }, "geometry": { "type": "Polygon", "coordinates": [ [ [ -102.41027, 49.25841 ], [ -102.8139, 49.26067 ], [ -102.81289, 48.99926 ], [ -102.40954, 48.99886 ], [ -102.41027, 49.25841 ] ] ] } },
{ "type": "Feature", "id": 119, "properties": { "RMNO": "078", "RMNM": "GRASSY CREEK", "UPDT_YEAR": "2010" }, "geometry": { "type": "Polygon", "coordinates": [ [ [ -108.03754, 49.6983 ], [ -108.44428, 49.69831 ], [ -108.44452, 49.52365 ], [ -108.42766, 49.52369 ], [ -108.42767, 49.4364 ], [ -108.02424, 49.43646 ], [ -108.02418, 49.52384 ], [ -108.03781, 49.52383 ], [ -108.03754, 49.6983 ] ] ] } },
{ "type": "Feature", "id": 120, "properties": { "RMNO": "163", "RMNM": "WHEATLANDS", "UPDT_YEAR": "2010" }, "geometry": { "type": "Polygon", "coordinates": [ [ [ -106.00473, 50.57191 ], [ -106.41736, 50.5719 ], [ -106.41734, 50.30987 ], [ -106.00486, 50.30983 ], [ -106.00473, 50.57191 ] ] ] } },
{ "type": "Feature", "id": 121, "properties": { "RMNO": "133", "RMNM": "RODGERS", "UPDT_YEAR": "2013" }, "geometry": { "type": "Polygon", "coordinates": [ [ [ -106.00486, 50.30983 ], [ -106.41734, 50.30987 ], [ -106.41449, 50.0477 ], [ -106.00506, 50.04781 ], [ -106.00486, 50.30983 ] ] ] } },
{ "type": "Feature", "id": 122, "properties": { "RMNO": "341", "RMNM": "VISCOUNT", "UPDT_YEAR": "2013" }, "geometry": { "type": "Polygon", "coordinates": [ [ [ -105.43246, 52.14368 ], [ -105.7175, 52.14371 ], [ -105.71767, 51.96891 ], [ -105.68807, 51.96902 ], [ -105.68805, 51.75059 ], [ -105.60558, 51.75757 ], [ -105.56488, 51.75559 ], [ -105.50283, 51.73243 ], [ -105.40466, 51.72401 ], [ -105.40486, 51.96885 ], [ -105.43247, 51.96908 ], [ -105.43246, 52.14368 ] ] ] } },
{ "type": "Feature", "id": 123, "properties": { "RMNO": "342", "RMNM": "COLONSAY", "UPDT_YEAR": "2013" }, "geometry": { "type": "Polygon", "coordinates": [ [ [ -105.7175, 52.14371 ], [ -106.00433, 52.14351 ], [ -106.00432, 51.8817 ], [ -105.6881, 51.88156 ], [ -105.68807, 51.96902 ], [ -105.71767, 51.96891 ], [ -105.7175, 52.14371 ] ] ] } },
{ "type": "Feature", "id": 124, "properties": { "RMNO": "350", "RMNM": "MARIPOSA", "UPDT_YEAR": "2010" }, "geometry": { "type": "Polygon", "coordinates": [ [ [ -108.81244, 52.14346 ], [ -109.14601, 52.14339 ], [ -109.14639, 51.9689 ], [ -109.12304, 51.96892 ], [ -109.12305, 51.88157 ], [ -108.7685, 51.88152 ], [ -108.76842, 51.9657 ], [ -108.77889, 51.97506 ], [ -108.79387, 51.97525 ], [ -108.79298, 51.98241 ], [ -108.77614, 51.99867 ], [ -108.78661, 52.01217 ], [ -108.82085, 52.03805 ], [ -108.82826, 52.05351 ], [ -108.81244, 52.14346 ] ] ] } },
{ "type": "Feature", "id": 125, "properties": { "RMNO": "380", "RMNM": "TRAMPING LAKE", "UPDT_YEAR": "2013" }, "geometry": { "type": "Polygon", "coordinates": [ [ [ -108.81245, 52.28897 ], [ -108.80998, 52.40534 ], [ -109.16973, 52.40573 ], [ -109.16984, 52.31827 ], [ -109.14568, 52.31827 ], [ -109.14601, 52.14339 ], [ -108.81142, 52.14394 ], [ -108.79813, 52.16039 ], [ -108.80244, 52.16725 ], [ -108.7996, 52.17207 ], [ -108.83985, 52.19849 ], [ -108.82787, 52.22049 ], [ -108.82913, 52.24027 ], [ -108.80855, 52.28702 ], [ -108.81245, 52.28897 ] ] ] } },
{ "type": "Feature", "id": 126, "properties": { "RMNO": "123", "RMNM": "SILVERWOOD", "UPDT_YEAR": "2011" }, "geometry": { "type": "Polygon", "coordinates": [ [ [ -102.00638, 50.04716 ], [ -102.00636, 50.30941 ], [ -102.41886, 50.30921 ], [ -102.4159, 50.04705 ], [ -102.00638, 50.04716 ] ] ] } },
{ "type": "Feature", "id": 127, "properties": { "RMNO": "171", "RMNM": "FOX VALLEY", "UPDT_YEAR": "2010" }, "geometry": { "type": "Polygon", "coordinates": [ [ [ -109.09841, 50.57208 ], [ -109.71727, 50.57202 ], [ -109.71743, 50.31006 ], [ -109.09853, 50.3101 ], [ -109.09841, 50.57208 ] ] ] } },
{ "type": "Feature", "id": 128, "properties": { "RMNO": "110", "RMNM": "PIAPOT", "UPDT_YEAR": "2011" }, "geometry": { "type": "Polygon", "coordinates": [ [ [ -108.89215, 50.30997 ], [ -109.30469, 50.30994 ], [ -109.30473, 50.22261 ], [ -109.28138, 50.22261 ], [ -109.2814, 49.8729 ], [ -109.25763, 49.87289 ], [ -109.25769, 49.69832 ], [ -108.85096, 49.69829 ], [ -108.85167, 49.87258 ], [ -108.87179, 49.87267 ], [ -108.87187, 50.22262 ], [ -108.89215, 50.22263 ], [ -108.89215, 50.30997 ] ] ] } },
{ "type": "Feature", "id": 129, "properties": { "RMNO": "125", "RMNM": "CHESTER", "UPDT_YEAR": "2010" }, "geometry": { "type": "Polygon", "coordinates": [ [ [ -102.83137, 50.22174 ], [ -102.83134, 50.30939 ], [ -103.24364, 50.30939 ], [ -103.24364, 50.22201 ], [ -103.23508, 50.22185 ], [ -103.23487, 50.04717 ], [ -102.82547, 50.04711 ], [ -102.82552, 50.22169 ], [ -102.83137, 50.22174 ] ] ] } },
{ "type": "Feature", "id": 130, "properties": { "RMNO": "126", "RMNM": "MONTMARTRE", "UPDT_YEAR": "2010" }, "geometry": { "type": "Polygon", "coordinates": [ [ [ -103.3811, 50.3968 ], [ -103.65595, 50.39679 ], [ -103.65618, 50.22198 ], [ -103.64438, 50.22199 ], [ -103.64438, 50.04715 ], [ -103.23487, 50.04717 ], [ -103.23508, 50.22185 ], [ -103.24364, 50.22201 ], [ -103.24364, 50.30939 ], [ -103.38112, 50.30943 ], [ -103.3811, 50.3968 ] ] ] } },
{ "type": "Feature", "id": 131, "properties": { "RMNO": "183", "RMNM": "FERTILE BELT", "UPDT_YEAR": "2013" }, "geometry": { "type": "Polygon", "coordinates": [ [ [ -102.00635, 50.54746 ], [ -102.00635, 50.85553 ], [ -102.42464, 50.85547 ], [ -102.42464, 50.59164 ], [ -102.41883, 50.55061 ], [ -102.39107, 50.55151 ], [ -102.37297, 50.54576 ], [ -102.35727, 50.5482 ], [ -102.31471, 50.52917 ], [ -102.28684, 50.51076 ], [ -102.28169, 50.513 ], [ -102.28215, 50.50797 ], [ -102.26278, 50.50712 ], [ -102.26509, 50.50178 ], [ -102.24066, 50.50542 ], [ -102.23853, 50.49876 ], [ -102.23405, 50.50341 ], [ -102.20213, 50.50481 ], [ -102.20128, 50.51088 ], [ -102.19779, 50.50818 ], [ -102.15646, 50.52397 ], [ -102.15172, 50.53008 ], [ -102.14391, 50.52999 ], [ -102.14352, 50.53665 ], [ -102.13532, 50.53625 ], [ -102.12408, 50.54636 ], [ -102.11998, 50.5433 ], [ -102.09551, 50.55073 ], [ -102.08125, 50.54773 ], [ -102.07876, 50.55411 ], [ -102.07005, 50.55543 ], [ -102.06196, 50.55436 ], [ -102.0612, 50.5503 ], [ -102.02026, 50.55357 ], [ -102.00635, 50.54746 ] ] ] } },
{ "type": "Feature", "id": 132, "properties": { "RMNO": "153", "RMNM": "WILLOWDALE", "UPDT_YEAR": "2013" }, "geometry": { "type": "Polygon", "coordinates": [ [ [ -102.06878, 50.55527 ], [ -102.07876, 50.55411 ], [ -102.08125, 50.54773 ], [ -102.09551, 50.55073 ], [ -102.11998, 50.5433 ], [ -102.12438, 50.54628 ], [ -102.13532, 50.53625 ], [ -102.14352, 50.53665 ], [ -102.14391, 50.52999 ], [ -102.15172, 50.53008 ], [ -102.15646, 50.52397 ], [ -102.19779, 50.50818 ], [ -102.20128, 50.51088 ], [ -102.20213, 50.50481 ], [ -102.23405, 50.50341 ], [ -102.23853, 50.49876 ], [ -102.24066, 50.50542 ], [ -102.26509, 50.50178 ], [ -102.26278, 50.50712 ], [ -102.28215, 50.50797 ], [ -102.28169, 50.513 ], [ -102.28684, 50.51076 ], [ -102.31471, 50.52917 ], [ -102.35727, 50.5482 ], [ -102.37297, 50.54576 ], [ -102.39107, 50.55151 ], [ -102.41883, 50.55061 ], [ -102.41886, 50.30921 ], [ -102.00636, 50.30941 ], [ -102.00635, 50.54746 ], [ -102.02026, 50.55357 ], [ -102.0612, 50.5503 ], [ -102.06878, 50.55527 ] ] ] } },
{ "type": "Feature", "id": 133, "properties": { "RMNO": "404", "RMNM": "LAIRD", "UPDT_YEAR": "2013" }, "geometry": { "type": "Polygon", "coordinates": [ [ [ -106.62118, 52.81049 ], [ -106.71141, 52.76109 ], [ -106.7162, 52.74922 ], [ -106.75829, 52.72255 ], [ -106.78303, 52.69379 ], [ -106.83844, 52.67346 ], [ -106.84786, 52.64096 ], [ -106.88227, 52.6057 ], [ -106.88583, 52.5708 ], [ -106.90053, 52.53566 ], [ -106.92161, 52.50636 ], [ -106.94044, 52.45511 ], [ -106.95613, 52.43398 ], [ -106.98881, 52.40566 ], [ -106.6763, 52.40548 ], [ -106.67629, 52.4346 ], [ -106.5801, 52.43463 ], [ -106.57997, 52.66722 ], [ -106.58561, 52.66722 ], [ -106.58522, 52.79117 ], [ -106.60922, 52.79119 ], [ -106.60922, 52.80565 ], [ -106.61977, 52.80566 ], [ -106.615, 52.80923 ], [ -106.62118, 52.81049 ] ] ] } },
{ "type": "Feature", "id": 134, "properties": { "RMNO": "429", "RMNM": "FLETT'S SPRINGS", "UPDT_YEAR": "2013" }, "geometry": { "type": "Polygon", "coordinates": [ [ [ -104.92776, 52.9338 ], [ -105.07399, 52.93375 ], [ -105.07388, 52.80126 ], [ -105.05159, 52.80128 ], [ -105.05155, 52.6674 ], [ -104.61608, 52.66699 ], [ -104.61661, 52.92908 ], [ -104.92776, 52.92907 ], [ -104.92776, 52.9338 ] ] ] } },
{ "type": "Feature", "id": 135, "properties": { "RMNO": "109", "RMNM": "CARMICHAEL", "UPDT_YEAR": "2010" }, "geometry": { "type": "Polygon", "coordinates": [ [ [ -108.46217, 50.0477 ], [ -108.87178, 50.04778 ], [ -108.87179, 49.87267 ], [ -108.85167, 49.87258 ], [ -108.85131, 49.7855 ], [ -108.44425, 49.78577 ], [ -108.44421, 49.8731 ], [ -108.46229, 49.87319 ], [ -108.46217, 50.0477 ] ] ] } },
{ "type": "Feature", "id": 136, "properties": { "RMNO": "434", "RMNM": "BLAINE LAKE", "UPDT_YEAR": "2014" }, "geometry": { "type": "Polygon", "coordinates": [ [ [ -106.44958, 52.92937 ], [ -107.02052, 52.92941 ], [ -107.02026, 52.6675 ], [ -107.01178, 52.6675 ], [ -107.01184, 52.58026 ], [ -106.885, 52.58031 ], [ -106.88227, 52.6057 ], [ -106.84786, 52.64096 ], [ -106.83844, 52.67346 ], [ -106.78303, 52.69379 ], [ -106.75829, 52.72255 ], [ -106.7162, 52.74922 ], [ -106.71141, 52.76109 ], [ -106.60134, 52.82 ], [ -106.571, 52.86239 ], [ -106.49331, 52.89095 ], [ -106.44958, 52.92937 ] ] ] } },
{ "type": "Feature", "id": 137, "properties": { "RMNO": "458", "RMNM": "WILLOW CREEK", "UPDT_YEAR": "2011" }, "geometry": { "type": "Polygon", "coordinates": [ [ [ -104.18069, 53.0164 ], [ -104.19715, 53.01636 ], [ -104.19732, 53.19082 ], [ -104.63617, 53.19076 ], [ -104.63574, 53.01641 ], [ -104.61637, 53.01575 ], [ -104.61661, 52.92908 ], [ -104.18077, 52.92905 ], [ -104.18069, 53.0164 ] ] ] } },
{ "type": "Feature", "id": 138, "properties": { "RMNO": "063", "RMNM": "MOOSE MOUNTAIN", "UPDT_YEAR": "2013" }, "geometry": { "type": "Polygon", "coordinates": [ [ [ -102.00645, 49.7845 ], [ -102.41301, 49.78473 ], [ -102.41304, 49.5226 ], [ -102.00651, 49.52252 ], [ -102.00645, 49.7845 ] ] ] } },
{ "type": "Feature", "id": 139, "properties": { "RMNO": "428", "RMNM": "STAR CITY", "UPDT_YEAR": "2013" }, "geometry": { "type": "Polygon", "coordinates": [ [ [ -104.18077, 52.92905 ], [ -104.61661, 52.92908 ], [ -104.61608, 52.66699 ], [ -104.18067, 52.66727 ], [ -104.18077, 52.92905 ] ] ] } },
{ "type": "Feature", "id": 140, "properties": { "RMNO": "157", "RMNM": "SOUTH QU'APPELLE", "UPDT_YEAR": "2010" }, "geometry": { "type": "Polygon", "coordinates": [ [ [ -103.8086, 50.65896 ], [ -103.94698, 50.65898 ], [ -103.94695, 50.6737 ], [ -104.10861, 50.67364 ], [ -104.1086, 50.70998 ], [ -104.22397, 50.71 ], [ -104.22394, 50.57146 ], [ -104.20567, 50.57148 ], [ -104.20562, 50.39659 ], [ -103.79338, 50.39676 ], [ -103.79338, 50.57152 ], [ -103.80874, 50.57152 ], [ -103.8086, 50.65896 ] ] ] } },
{ "type": "Feature", "id": 141, "properties": { "RMNO": "322", "RMNM": "ANTELOPE PARK", "UPDT_YEAR": "2010" }, "geometry": { "type": "Polygon", "coordinates": [ [ [ -109.69017, 51.88151 ], [ -110.00504, 51.88162 ], [ -110.00509, 51.61976 ], [ -109.69027, 51.61997 ], [ -109.69017, 51.88151 ] ] ] } },
{ "type": "Feature", "id": 142, "properties": { "RMNO": "309", "RMNM": "PRAIRIE ROSE", "UPDT_YEAR": "2014" }, "geometry": { "type": "Polygon", "coordinates": [ [ [ -104.41492, 51.88157 ], [ -104.98174, 51.88162 ], [ -104.98191, 51.6197 ], [ -104.55699, 51.61972 ], [ -104.55695, 51.78543 ], [ -104.53085, 51.78968 ], [ -104.52948, 51.79399 ], [ -104.41545, 51.79424 ], [ -104.41492, 51.88157 ] ] ] } },
{ "type": "Feature", "id": 143, "properties": { "RMNO": "064", "RMNM": "BROCK", "UPDT_YEAR": "2013" }, "geometry": { "type": "Polygon", "coordinates": [ [ [ -102.41304, 49.5226 ], [ -102.41301, 49.78473 ], [ -102.81951, 49.78462 ], [ -102.81929, 49.52253 ], [ -102.41304, 49.5226 ] ] ] } },
{ "type": "Feature", "id": 144, "properties": { "RMNO": "051", "RMNM": "RENO", "UPDT_YEAR": "2010" }, "geometry": { "type": "Polygon", "coordinates": [ [ [ -109.16777, 49.52464 ], [ -110.0051, 49.52367 ], [ -110.00509, 48.99961 ], [ -109.21196, 49.0 ], [ -109.21198, 49.1742 ], [ -109.23448, 49.17438 ], [ -109.23456, 49.26159 ], [ -109.12258, 49.26156 ], [ -109.12303, 49.51043 ], [ -109.16768, 49.5097 ], [ -109.16777, 49.52464 ] ] ] } },
{ "type": "Feature", "id": 145, "properties": { "RMNO": "124", "RMNM": "KINGSLEY", "UPDT_YEAR": "2013" }, "geometry": { "type": "Polygon", "coordinates": [ [ [ -102.4159, 50.04705 ], [ -102.41886, 50.30921 ], [ -102.83134, 50.30939 ], [ -102.83144, 50.22196 ], [ -102.82552, 50.22169 ], [ -102.82547, 50.04711 ], [ -102.4159, 50.04705 ] ] ] } },
{ "type": "Feature", "id": 146, "properties": { "RMNO": "290", "RMNM": "KINDERSLEY", "UPDT_YEAR": "2013" }, "geometry": { "type": "Polygon", "coordinates": [ [ [ -108.53538, 51.61965 ], [ -109.66058, 51.61985 ], [ -109.66067, 51.35825 ], [ -108.53542, 51.3581 ], [ -108.53538, 51.61965 ] ] ] } },
{ "type": "Feature", "id": 147, "properties": { "RMNO": "017", "RMNM": "VAL MARIE", "UPDT_YEAR": "2010" }, "geometry": { "type": "Polygon", "coordinates": [ [ [ -107.62071, 49.26171 ], [ -107.62084, 49.52375 ], [ -108.02418, 49.52384 ], [ -108.02424, 49.43646 ], [ -108.42767, 49.4364 ], [ -108.42741, 49.26166 ], [ -108.02415, 49.26166 ], [ -108.02411, 49.17421 ], [ -108.00999, 49.17422 ], [ -108.00979, 48.99972 ], [ -107.20891, 49.00008 ], [ -107.2089, 49.1744 ], [ -107.2176, 49.17441 ], [ -107.21739, 49.26172 ], [ -107.62071, 49.26171 ] ] ] } },
{ "type": "Feature", "id": 148, "properties": { "RMNO": "156", "RMNM": "INDIAN HEAD", "UPDT_YEAR": "2013" }, "geometry": { "type": "Polygon", "coordinates": [ [ [ -103.61224, 50.67939 ], [ -103.67705, 50.67976 ], [ -103.67705, 50.659 ], [ -103.8086, 50.65896 ], [ -103.80874, 50.57152 ], [ -103.79338, 50.57152 ], [ -103.79338, 50.39676 ], [ -103.3811, 50.3968 ], [ -103.38098, 50.57005 ], [ -103.3816, 50.56407 ], [ -103.40461, 50.56723 ], [ -103.40129, 50.57152 ], [ -103.41638, 50.57611 ], [ -103.42345, 50.57169 ], [ -103.44616, 50.57939 ], [ -103.44264, 50.58367 ], [ -103.4464, 50.58675 ], [ -103.44946, 50.58122 ], [ -103.46141, 50.58379 ], [ -103.4563, 50.58891 ], [ -103.47731, 50.58815 ], [ -103.47484, 50.59078 ], [ -103.47893, 50.59276 ], [ -103.48894, 50.59273 ], [ -103.48463, 50.60156 ], [ -103.49827, 50.6079 ], [ -103.50071, 50.60444 ], [ -103.50799, 50.60564 ], [ -103.50249, 50.60728 ], [ -103.51614, 50.61411 ], [ -103.52455, 50.61239 ], [ -103.53375, 50.62313 ], [ -103.55624, 50.62782 ], [ -103.56473, 50.64058 ], [ -103.57367, 50.63997 ], [ -103.57597, 50.6469 ], [ -103.58764, 50.64934 ], [ -103.58993, 50.65625 ], [ -103.60156, 50.66138 ], [ -103.60081, 50.66686 ], [ -103.61224, 50.67939 ] ] ] } },
{ "type": "Feature", "id": 149, "properties": { "RMNO": "193", "RMNM": "EYEBROW", "UPDT_YEAR": "2010" }, "geometry": { "type": "Polygon", "coordinates": [ [ [ -106.00465, 50.83404 ], [ -106.42046, 50.83393 ], [ -106.42037, 50.57191 ], [ -106.00473, 50.57191 ], [ -106.00465, 50.83404 ] ] ] } },
{ "type": "Feature", "id": 150, "properties": { "RMNO": "223", "RMNM": "HURON", "UPDT_YEAR": "2013" }, "geometry": { "type": "Polygon", "coordinates": [ [ [ -106.00455, 51.09599 ], [ -106.42326, 51.09603 ], [ -106.42046, 50.83393 ], [ -106.00465, 50.83404 ], [ -106.00455, 51.09599 ] ] ] } },
{ "type": "Feature", "id": 151, "properties": { "RMNO": "497", "RMNM": "MEDSTEAD", "UPDT_YEAR": "2013" }, "geometry": { "type": "Polygon", "coordinates": [ [ [ -107.92301, 53.54071 ], [ -107.92293, 53.62787 ], [ -108.16869, 53.62766 ], [ -108.16867, 53.60235 ], [ -108.23086, 53.53528 ], [ -108.23936, 53.51539 ], [ -108.22848, 53.50393 ], [ -108.2229, 53.50641 ], [ -108.22377, 53.49357 ], [ -108.2084, 53.49172 ], [ -108.19324, 53.49996 ], [ -108.16867, 53.49702 ], [ -108.16869, 53.48255 ], [ -108.1939, 53.48236 ], [ -108.20479, 53.46788 ], [ -108.20768, 53.47198 ], [ -108.22284, 53.46346 ], [ -108.23007, 53.45011 ], [ -108.23933, 53.44587 ], [ -108.23547, 53.43464 ], [ -108.22729, 53.43304 ], [ -108.21948, 53.43799 ], [ -108.21809, 53.36533 ], [ -108.19866, 53.36535 ], [ -108.19891, 53.19066 ], [ -107.76017, 53.19066 ], [ -107.7602, 53.36555 ], [ -107.77533, 53.36547 ], [ -107.77524, 53.54059 ], [ -107.92301, 53.54071 ] ] ] } },
{ "type": "Feature", "id": 152, "properties": { "RMNO": "292", "RMNM": "MILTON", "UPDT_YEAR": "2013" }, "geometry": { "type": "Polygon", "coordinates": [ [ [ -109.66058, 51.61985 ], [ -110.00509, 51.61976 ], [ -110.00518, 51.35778 ], [ -109.66067, 51.35825 ], [ -109.66058, 51.61985 ] ] ] } },
{ "type": "Feature", "id": 153, "properties": { "RMNO": "276", "RMNM": "FOAM LAKE", "UPDT_YEAR": "2013" }, "geometry": { "type": "Polygon", "coordinates": [ [ [ -103.28243, 51.79408 ], [ -103.47117, 51.79408 ], [ -103.47131, 51.80869 ], [ -103.47844, 51.81019 ], [ -103.46501, 51.81226 ], [ -103.4915, 51.8306 ], [ -103.50189, 51.83155 ], [ -103.51178, 51.84535 ], [ -103.52186, 51.84851 ], [ -103.52114, 51.85427 ], [ -103.55209, 51.85914 ], [ -103.5509, 51.86456 ], [ -103.54063, 51.87001 ], [ -103.55808, 51.86687 ], [ -103.56523, 51.86148 ], [ -103.56521, 51.85232 ], [ -103.57173, 51.85234 ], [ -103.57164, 51.85952 ], [ -103.58711, 51.86097 ], [ -103.5869, 51.86601 ], [ -103.58884, 51.867 ], [ -103.61294, 51.8579 ], [ -103.62557, 51.858 ], [ -103.62751, 51.85375 ], [ -103.62363, 51.85238 ], [ -103.70724, 51.85239 ], [ -103.7045, 51.38712 ], [ -103.28029, 51.38687 ], [ -103.28243, 51.79408 ] ] ] } },
{ "type": "Feature", "id": 154, "properties": { "RMNO": "379", "RMNM": "REFORD", "UPDT_YEAR": "2013" }, "geometry": { "type": "Polygon", "coordinates": [ [ [ -108.45035, 52.40559 ], [ -108.80998, 52.40534 ], [ -108.81245, 52.28897 ], [ -108.80855, 52.28702 ], [ -108.82913, 52.24027 ], [ -108.82787, 52.22049 ], [ -108.83985, 52.19849 ], [ -108.7996, 52.17207 ], [ -108.80244, 52.16725 ], [ -108.79813, 52.16039 ], [ -108.81244, 52.14346 ], [ -108.43133, 52.1435 ], [ -108.43176, 52.31819 ], [ -108.4504, 52.31816 ], [ -108.45035, 52.40559 ] ] ] } },
{ "type": "Feature", "id": 155, "properties": { "RMNO": "520", "RMNM": "PADDOCKWOOD", "UPDT_YEAR": "2013" }, "geometry": { "type": "Polygon", "coordinates": [ [ [ -105.13019, 53.97679 ], [ -105.87387, 53.97667 ], [ -105.87385, 53.80209 ], [ -105.79948, 53.80217 ], [ -105.79952, 53.71468 ], [ -105.76471, 53.71469 ], [ -105.76486, 53.53265 ], [ -105.81384, 53.53264 ], [ -105.81379, 53.53981 ], [ -105.83832, 53.53983 ], [ -105.84, 53.55406 ], [ -105.86296, 53.55432 ], [ -105.86296, 53.56165 ], [ -105.89967, 53.56164 ], [ -105.89969, 53.57627 ], [ -105.90575, 53.57627 ], [ -105.90576, 53.58349 ], [ -105.91214, 53.58348 ], [ -105.91215, 53.59784 ], [ -106.00411, 53.59793 ], [ -106.00408, 53.53978 ], [ -105.99087, 53.53978 ], [ -105.99489, 53.52724 ], [ -106.00404, 53.52122 ], [ -106.00405, 53.4524 ], [ -105.10128, 53.45259 ], [ -105.10118, 53.71466 ], [ -105.13044, 53.71468 ], [ -105.13019, 53.97679 ] ] ] } },
{ "type": "Feature", "id": 156, "properties": { "RMNO": "394", "RMNM": "HUDSON BAY", "UPDT_YEAR": "2013" }, "geometry": { "type": "Polygon", "coordinates": [ [ [ -101.73555, 53.36591 ], [ -101.7355, 53.71496 ], [ -102.89007, 53.71493 ], [ -102.89063, 53.36539 ], [ -102.88049, 53.36537 ], [ -102.88034, 53.19109 ], [ -103.02655, 53.19106 ], [ -103.02264, 52.92942 ], [ -102.73247, 52.92943 ], [ -102.73292, 52.66749 ], [ -102.72657, 52.66749 ], [ -102.72664, 52.40557 ], [ -103.15815, 52.40538 ], [ -103.15857, 52.31821 ], [ -101.60907, 52.31808 ], [ -101.63783, 52.31816 ], [ -101.63764, 52.66728 ], [ -101.67153, 52.66727 ], [ -101.67162, 53.01646 ], [ -101.70071, 53.01646 ], [ -101.70061, 53.3658 ], [ -101.73555, 53.36591 ] ] ] } },
{ "type": "Feature", "id": 157, "properties": { "RMNO": "100", "RMNM": "ELMSTHORPE", "UPDT_YEAR": "2010" }, "geometry": { "type": "Polygon", "coordinates": [ [ [ -104.87313, 50.04695 ], [ -105.28261, 50.04443 ], [ -105.28258, 49.87206 ], [ -105.2583, 49.87203 ], [ -105.25834, 49.78465 ], [ -104.85185, 49.78464 ], [ -104.85179, 49.87216 ], [ -104.87317, 49.87217 ], [ -104.87313, 50.04695 ] ] ] } },
{ "type": "Feature", "id": 158, "properties": { "RMNO": "248", "RMNM": "TOUCHWOOD", "UPDT_YEAR": "2011" }, "geometry": { "type": "Polygon", "coordinates": [ [ [ -104.12914, 51.29879 ], [ -104.12885, 51.38689 ], [ -104.19964, 51.38711 ], [ -104.27057, 51.38711 ], [ -104.27048, 51.35764 ], [ -104.53846, 51.35786 ], [ -104.53832, 51.27033 ], [ -104.5194, 51.27033 ], [ -104.51944, 51.0956 ], [ -104.10076, 51.09569 ], [ -104.10086, 51.27015 ], [ -104.11661, 51.27029 ], [ -104.11658, 51.29877 ], [ -104.12914, 51.29879 ] ] ] } },
{ "type": "Feature", "id": 159, "properties": { "RMNO": "377", "RMNM": "GLENSIDE", "UPDT_YEAR": "2011" }, "geometry": { "type": "Polygon", "coordinates": [ [ [ -108.01765, 52.5827 ], [ -108.01905, 52.493 ], [ -108.16291, 52.49283 ], [ -108.16263, 52.31851 ], [ -108.14535, 52.31832 ], [ -108.1455, 52.23089 ], [ -107.71735, 52.23087 ], [ -107.71754, 52.31813 ], [ -107.73154, 52.31819 ], [ -107.7315, 52.5028 ], [ -107.80814, 52.53337 ], [ -107.82177, 52.543 ], [ -107.83047, 52.55705 ], [ -107.85296, 52.56726 ], [ -108.01765, 52.5827 ] ] ] } },
{ "type": "Feature", "id": 160, "properties": { "RMNO": "161", "RMNM": "MOOSE JAW", "UPDT_YEAR": "2013" }, "geometry": { "type": "Polygon", "coordinates": [ [ [ -105.30565, 50.57146 ], [ -105.71804, 50.57165 ], [ -105.71814, 50.30932 ], [ -105.30561, 50.3094 ], [ -105.30565, 50.57146 ] ] ] } },
{ "type": "Feature", "id": 161, "properties": { "RMNO": "044", "RMNM": "WAVERLEY", "UPDT_YEAR": "2013" }, "geometry": { "type": "Polygon", "coordinates": [ [ [ -106.41047, 49.26247 ], [ -106.41123, 49.5235 ], [ -106.81428, 49.52364 ], [ -106.81381, 49.17438 ], [ -106.80815, 49.17437 ], [ -106.80792, 48.99998 ], [ -106.54123, 48.9997 ], [ -106.5411, 49.17448 ], [ -106.50001, 49.17462 ], [ -106.49996, 49.26202 ], [ -106.41047, 49.26247 ] ] ] } },
{ "type": "Feature", "id": 162, "properties": { "RMNO": "043", "RMNM": "OLD POST", "UPDT_YEAR": "2013" }, "geometry": { "type": "Polygon", "coordinates": [ [ [ -106.22498, 49.47424 ], [ -106.25876, 49.48222 ], [ -106.26852, 49.46444 ], [ -106.29468, 49.46096 ], [ -106.29148, 49.45852 ], [ -106.29489, 49.45455 ], [ -106.2989, 49.45848 ], [ -106.31554, 49.45643 ], [ -106.33119, 49.46567 ], [ -106.41089, 49.46549 ], [ -106.41047, 49.26247 ], [ -106.49996, 49.26202 ], [ -106.50001, 49.17462 ], [ -106.5411, 49.17448 ], [ -106.54123, 48.9997 ], [ -106.00545, 48.99956 ], [ -106.00572, 49.45094 ], [ -106.06599, 49.45098 ], [ -106.06339, 49.44818 ], [ -106.07211, 49.45271 ], [ -106.12343, 49.45368 ], [ -106.14806, 49.4478 ], [ -106.16413, 49.4536 ], [ -106.16816, 49.46062 ], [ -106.20023, 49.47824 ], [ -106.22498, 49.47424 ] ] ] } },
{ "type": "Feature", "id": 163, "properties": { "RMNO": "162", "RMNM": "CARON", "UPDT_YEAR": "2013" }, "geometry": { "type": "Polygon", "coordinates": [ [ [ -105.71804, 50.57165 ], [ -106.00473, 50.57191 ], [ -106.00486, 50.30983 ], [ -105.71814, 50.30932 ], [ -105.71804, 50.57165 ] ] ] } },
{ "type": "Feature", "id": 164, "properties": { "RMNO": "045", "RMNM": "MANKOTA", "UPDT_YEAR": "2013" }, "geometry": { "type": "Polygon", "coordinates": [ [ [ -106.81428, 49.52364 ], [ -107.21751, 49.52364 ], [ -107.2176, 49.17441 ], [ -107.2089, 49.1744 ], [ -107.20891, 49.00008 ], [ -106.80792, 48.99998 ], [ -106.80815, 49.17437 ], [ -106.81381, 49.17438 ], [ -106.81428, 49.52364 ] ] ] } },
{ "type": "Feature", "id": 165, "properties": { "RMNO": "555", "RMNM": "BIG RIVER", "UPDT_YEAR": "2013" }, "geometry": { "type": "Polygon", "coordinates": [ [ [ -106.75089, 53.8227 ], [ -106.7537, 54.15081 ], [ -107.35342, 54.15085 ], [ -107.35341, 54.06388 ], [ -107.34537, 54.06387 ], [ -107.34537, 53.9769 ], [ -107.79135, 53.97687 ], [ -107.79119, 53.80231 ], [ -107.93991, 53.80213 ], [ -107.94004, 53.7151 ], [ -106.7236, 53.71504 ], [ -106.72685, 53.7357 ], [ -106.74648, 53.75006 ], [ -106.753, 53.76356 ], [ -106.77357, 53.77512 ], [ -106.77835, 53.78526 ], [ -106.76791, 53.80096 ], [ -106.77282, 53.80906 ], [ -106.77115, 53.81796 ], [ -106.75089, 53.8227 ] ] ] } },
{ "type": "Feature", "id": 166, "properties": { "RMNO": "468", "RMNM": "MEOTA", "UPDT_YEAR": "2010" }, "geometry": { "type": "Polygon", "coordinates": [ [ [ -108.19891, 53.19066 ], [ -108.63743, 53.19054 ], [ -108.63752, 53.0162 ], [ -108.61684, 53.01612 ], [ -108.61683, 52.96602 ], [ -108.59915, 52.9561 ], [ -108.53859, 52.93778 ], [ -108.49123, 52.9108 ], [ -108.44726, 52.90065 ], [ -108.44716, 52.92925 ], [ -108.18103, 52.92912 ], [ -108.18113, 53.01634 ], [ -108.19882, 53.01638 ], [ -108.19891, 53.19066 ] ] ] } },
{ "type": "Feature", "id": 167, "properties": { "RMNO": "345", "RMNM": "VANSCOY", "UPDT_YEAR": "2013" }, "geometry": { "type": "Polygon", "coordinates": [ [ [ -106.86086, 52.14372 ], [ -107.28927, 52.14369 ], [ -107.28901, 51.96886 ], [ -107.27983, 51.96887 ], [ -107.2798, 51.88163 ], [ -106.75546, 51.88159 ], [ -106.75092, 51.88721 ], [ -106.75723, 51.90122 ], [ -106.77263, 51.90546 ], [ -106.77739, 51.91317 ], [ -106.77173, 51.92057 ], [ -106.77175, 51.9253 ], [ -106.77652, 51.92531 ], [ -106.75207, 51.9307 ], [ -106.74968, 51.93566 ], [ -106.80493, 51.95184 ], [ -106.80624, 51.9608 ], [ -106.79796, 51.96912 ], [ -106.86082, 51.96908 ], [ -106.86086, 52.14372 ] ] ] } },
{ "type": "Feature", "id": 168, "properties": { "RMNO": "366", "RMNM": "KELVINGTON", "UPDT_YEAR": "2013" }, "geometry": { "type": "Polygon", "coordinates": [ [ [ -103.44655, 52.40578 ], [ -103.44672, 52.49294 ], [ -103.73485, 52.49295 ], [ -103.73473, 52.40557 ], [ -103.69857, 52.40391 ], [ -103.70266, 52.39501 ], [ -103.70697, 52.39962 ], [ -103.70558, 52.39949 ], [ -103.70322, 52.40212 ], [ -103.71187, 52.39902 ], [ -103.7095, 52.3934 ], [ -103.72532, 52.39663 ], [ -103.7199, 52.39203 ], [ -103.71051, 52.39285 ], [ -103.72045, 52.38837 ], [ -103.71583, 52.38443 ], [ -103.72398, 52.38447 ], [ -103.70989, 52.38147 ], [ -103.71346, 52.3724 ], [ -103.70616, 52.36962 ], [ -103.71464, 52.36448 ], [ -103.72216, 52.37863 ], [ -103.72646, 52.37621 ], [ -103.72126, 52.37433 ], [ -103.72288, 52.36774 ], [ -103.71541, 52.36458 ], [ -103.71838, 52.35083 ], [ -103.71429, 52.34625 ], [ -103.72219, 52.33694 ], [ -103.69658, 52.31955 ], [ -103.72019, 52.31844 ], [ -103.72012, 52.14376 ], [ -103.29155, 52.14368 ], [ -103.29124, 52.31832 ], [ -103.30266, 52.31833 ], [ -103.30275, 52.4056 ], [ -103.44655, 52.40578 ] ] ] } },
{ "type": "Feature", "id": 169, "properties": { "RMNO": "486", "RMNM": "MOOSE RANGE", "UPDT_YEAR": "2013" }, "geometry": { "type": "Polygon", "coordinates": [ [ [ -103.04772, 53.7149 ], [ -103.04772, 53.77947 ], [ -103.08598, 53.76212 ], [ -103.11556, 53.73706 ], [ -103.15935, 53.72243 ], [ -103.20898, 53.73033 ], [ -103.22317, 53.72038 ], [ -103.24463, 53.71625 ], [ -103.26024, 53.72082 ], [ -103.29606, 53.71573 ], [ -103.31489, 53.69872 ], [ -103.32577, 53.69473 ], [ -103.39215, 53.68773 ], [ -103.40483, 53.67703 ], [ -103.39717, 53.66592 ], [ -103.39779, 53.6592 ], [ -103.41056, 53.6622 ], [ -103.40779, 53.65753 ], [ -103.41478, 53.64965 ], [ -103.44575, 53.64468 ], [ -103.45761, 53.64911 ], [ -103.45264, 53.65493 ], [ -103.48953, 53.65257 ], [ -103.50653, 53.64449 ], [ -103.52423, 53.65314 ], [ -103.5406, 53.6544 ], [ -103.55201, 53.64404 ], [ -103.57406, 53.64709 ], [ -103.63711, 53.63906 ], [ -103.70137, 53.61533 ], [ -103.714, 53.59888 ], [ -103.71568, 53.58849 ], [ -103.70865, 53.57127 ], [ -103.69434, 53.55765 ], [ -103.6948, 53.55212 ], [ -103.73097, 53.54694 ], [ -103.75635, 53.55263 ], [ -103.77444, 53.54702 ], [ -103.77458, 53.36525 ], [ -103.75849, 53.36526 ], [ -103.7584, 53.19087 ], [ -102.88034, 53.19109 ], [ -102.88049, 53.36537 ], [ -102.89063, 53.36539 ], [ -102.89007, 53.71493 ], [ -103.04772, 53.7149 ] ] ] } },
{ "type": "Feature", "id": 170, "properties": { "RMNO": "093", "RMNM": "WAWKEN", "UPDT_YEAR": "2013" }, "geometry": { "type": "Polygon", "coordinates": [ [ [ -102.00637, 50.04512 ], [ -102.4159, 50.04705 ], [ -102.41301, 49.78473 ], [ -102.00645, 49.7845 ], [ -102.00637, 50.04512 ] ] ] } },
{ "type": "Feature", "id": 171, "properties": { "RMNO": "009", "RMNM": "SURPRISE VALLEY", "UPDT_YEAR": "2011" }, "geometry": { "type": "Polygon", "coordinates": [ [ [ -104.41057, 48.99948 ], [ -104.41024, 49.17336 ], [ -104.4279, 49.17343 ], [ -104.42784, 49.26075 ], [ -104.83117, 49.26057 ], [ -104.83125, 49.17365 ], [ -104.81104, 49.17365 ], [ -104.811, 48.99909 ], [ -104.41057, 48.99948 ] ] ] } },
{ "type": "Feature", "id": 172, "properties": { "RMNO": "403", "RMNM": "ROSTHERN", "UPDT_YEAR": "2013" }, "geometry": { "type": "Polygon", "coordinates": [ [ [ -106.52451, 52.8267 ], [ -106.58508, 52.8275 ], [ -106.58673, 52.84194 ], [ -106.59968, 52.82135 ], [ -106.62118, 52.81105 ], [ -106.615, 52.80923 ], [ -106.61977, 52.80566 ], [ -106.60922, 52.80565 ], [ -106.60922, 52.79119 ], [ -106.58522, 52.79117 ], [ -106.58561, 52.66722 ], [ -106.57997, 52.66722 ], [ -106.5801, 52.43463 ], [ -106.34612, 52.43474 ], [ -106.34586, 52.44133 ], [ -106.32502, 52.46404 ], [ -106.3042, 52.47259 ], [ -106.30827, 52.48057 ], [ -106.30524, 52.48576 ], [ -106.25815, 52.50042 ], [ -106.24425, 52.52622 ], [ -106.20004, 52.544 ], [ -106.15181, 52.57315 ], [ -106.15226, 52.60916 ], [ -106.15825, 52.61697 ], [ -106.14808, 52.62029 ], [ -106.13513, 52.61684 ], [ -106.13227, 52.62744 ], [ -106.12088, 52.6388 ], [ -106.12263, 52.6514 ], [ -106.11575, 52.66231 ], [ -106.12866, 52.67313 ], [ -106.11609, 52.68095 ], [ -106.12146, 52.69656 ], [ -106.10516, 52.70746 ], [ -106.1054, 52.71287 ], [ -106.29601, 52.71272 ], [ -106.29604, 52.75704 ], [ -106.44208, 52.75709 ], [ -106.44213, 52.84185 ], [ -106.52118, 52.84187 ], [ -106.52451, 52.8267 ] ] ] } },
{ "type": "Feature", "id": 173, "properties": { "RMNO": "094", "RMNM": "HAZELWOOD", "UPDT_YEAR": "2013" }, "geometry": { "type": "Polygon", "coordinates": [ [ [ -102.41301, 49.78473 ], [ -102.4159, 50.04705 ], [ -102.82547, 50.04711 ], [ -102.82536, 49.87209 ], [ -102.81945, 49.87209 ], [ -102.81951, 49.78462 ], [ -102.41301, 49.78473 ] ] ] } },
{ "type": "Feature", "id": 174, "properties": { "RMNO": "095", "RMNM": "GOLDEN WEST", "UPDT_YEAR": "2013" }, "geometry": { "type": "Polygon", "coordinates": [ [ [ -102.82547, 50.04467 ], [ -103.23487, 50.04717 ], [ -103.23479, 49.87203 ], [ -103.22589, 49.87205 ], [ -103.22585, 49.78457 ], [ -102.81951, 49.78462 ], [ -102.81945, 49.87209 ], [ -102.82536, 49.87209 ], [ -102.82547, 50.04467 ] ] ] } },
{ "type": "Feature", "id": 175, "properties": { "RMNO": "244", "RMNM": "ORKNEY", "UPDT_YEAR": "2013" }, "geometry": { "type": "Polygon", "coordinates": [ [ [ -102.4278, 51.12168 ], [ -102.431, 51.38692 ], [ -102.85599, 51.38674 ], [ -102.85626, 51.29844 ], [ -102.84921, 51.29843 ], [ -102.84893, 51.12161 ], [ -102.4278, 51.12168 ] ] ] } },
{ "type": "Feature", "id": 176, "properties": { "RMNO": "111", "RMNM": "MAPLE CREEK", "UPDT_YEAR": "2011" }, "geometry": { "type": "Polygon", "coordinates": [ [ [ -109.25777, 49.52381 ], [ -109.25763, 49.87289 ], [ -109.2814, 49.8729 ], [ -109.28147, 50.04775 ], [ -109.69111, 50.0478 ], [ -109.6911, 50.1352 ], [ -110.00479, 50.13518 ], [ -110.0051, 49.52367 ], [ -109.25777, 49.52381 ] ] ] } },
{ "type": "Feature", "id": 177, "properties": { "RMNO": "399", "RMNM": "LAKE LENORE", "UPDT_YEAR": "2013" }, "geometry": { "type": "Polygon", "coordinates": [ [ [ -104.597, 52.4054 ], [ -104.59715, 52.66696 ], [ -105.02822, 52.66739 ], [ -105.02826, 52.55106 ], [ -105.00438, 52.55109 ], [ -105.00434, 52.53659 ], [ -104.9806, 52.53659 ], [ -104.98052, 52.49274 ], [ -104.95681, 52.49275 ], [ -104.95672, 52.44931 ], [ -105.00424, 52.44942 ], [ -105.00425, 52.40558 ], [ -104.597, 52.4054 ] ] ] } },
{ "type": "Feature", "id": 178, "properties": { "RMNO": "622", "RMNM": "BEAVER RIVER", "UPDT_YEAR": "2011" }, "geometry": { "type": "Polygon", "coordinates": [ [ [ -109.53297, 54.50004 ], [ -109.53298, 54.51467 ], [ -109.60855, 54.51468 ], [ -109.60857, 54.52913 ], [ -109.63376, 54.5291 ], [ -109.63378, 54.5582 ], [ -109.78499, 54.55821 ], [ -109.78501, 54.58729 ], [ -109.86059, 54.58731 ], [ -109.86059, 54.59472 ], [ -109.87304, 54.59472 ], [ -109.87303, 54.60195 ], [ -109.88579, 54.60194 ], [ -109.88579, 54.6164 ], [ -109.89823, 54.6164 ], [ -109.89823, 54.63103 ], [ -109.91099, 54.63103 ], [ -109.911, 54.64548 ], [ -109.9362, 54.64547 ], [ -109.9362, 54.65288 ], [ -110.00574, 54.65333 ], [ -110.00569, 54.064 ], [ -109.60336, 54.06388 ], [ -109.60074, 54.31697 ], [ -109.53429, 54.31083 ], [ -109.50855, 54.316 ], [ -109.49455, 54.30707 ], [ -109.49638, 54.30138 ], [ -109.47449, 54.28954 ], [ -109.42139, 54.28296 ], [ -109.41773, 54.27603 ], [ -109.43333, 54.25959 ], [ -109.43117, 54.25283 ], [ -109.41837, 54.24944 ], [ -109.40529, 54.23601 ], [ -109.3958, 54.23669 ], [ -109.39422, 54.23292 ], [ -109.37606, 54.2395 ], [ -109.37898, 54.24818 ], [ -109.37287, 54.25395 ], [ -109.32936, 54.25888 ], [ -109.29206, 54.24814 ], [ -109.29031, 54.24414 ], [ -109.29711, 54.24446 ], [ -109.28756, 54.24254 ], [ -109.28695, 54.23564 ], [ -109.28053, 54.23458 ], [ -109.28382, 54.23202 ], [ -109.25236, 54.22952 ], [ -109.24423, 54.23812 ], [ -109.23858, 54.23784 ], [ -109.23931, 54.24375 ], [ -109.22835, 54.24909 ], [ -109.2333, 54.25022 ], [ -109.22621, 54.25821 ], [ -109.21752, 54.25895 ], [ -109.21634, 54.26427 ], [ -109.19025, 54.27578 ], [ -109.14783, 54.27781 ], [ -109.10906, 54.27006 ], [ -109.08476, 54.27875 ], [ -109.06574, 54.27358 ], [ -109.03202, 54.27556 ], [ -109.02624, 54.2823 ], [ -109.03407, 54.28114 ], [ -109.01068, 54.29628 ], [ -108.99714, 54.29956 ], [ -108.971, 54.29482 ], [ -108.97444, 54.29001 ], [ -108.95868, 54.28675 ], [ -108.95941, 54.27981 ], [ -108.95293, 54.2832 ], [ -108.92797, 54.27543 ], [ -108.92231, 54.27841 ], [ -108.91995, 54.273 ], [ -108.90818, 54.27378 ], [ -108.91097, 54.27086 ], [ -108.89938, 54.27286 ], [ -108.87974, 54.26762 ], [ -108.86972, 54.2713 ], [ -108.86466, 54.26755 ], [ -108.86045, 54.27183 ], [ -108.85844, 54.26733 ], [ -108.85303, 54.27191 ], [ -108.85302, 54.41271 ], [ -108.87801, 54.41272 ], [ -108.87778, 54.48563 ], [ -109.15504, 54.4856 ], [ -109.15504, 54.50005 ], [ -109.53297, 54.50004 ] ] ] } },
{ "type": "Feature", "id": 179, "properties": { "RMNO": "211", "RMNM": "CHURCHBRIDGE", "UPDT_YEAR": "2013" }, "geometry": { "type": "Polygon", "coordinates": [ [ [ -101.53899, 50.94851 ], [ -101.53904, 51.12494 ], [ -102.00641, 51.12168 ], [ -102.00635, 50.85553 ], [ -101.50881, 50.85969 ], [ -101.50871, 50.94849 ], [ -101.53899, 50.94851 ] ] ] } },
{ "type": "Feature", "id": 180, "properties": { "RMNO": "181", "RMNM": "LANGENBURG", "UPDT_YEAR": "2013" }, "geometry": { "type": "Polygon", "coordinates": [ [ [ -101.50881, 50.68298 ], [ -101.50881, 50.85969 ], [ -102.00635, 50.85553 ], [ -102.00635, 50.67886 ], [ -101.50881, 50.68298 ] ] ] } },
{ "type": "Feature", "id": 181, "properties": { "RMNO": "457", "RMNM": "CONNAUGHT", "UPDT_YEAR": "2014" }, "geometry": { "type": "Polygon", "coordinates": [ [ [ -103.7584, 53.19087 ], [ -104.19732, 53.19082 ], [ -104.19715, 53.01636 ], [ -104.18069, 53.0164 ], [ -104.18077, 52.92905 ], [ -103.74545, 52.92896 ], [ -103.74491, 53.01625 ], [ -103.75844, 53.01625 ], [ -103.7584, 53.19087 ] ] ] } },
{ "type": "Feature", "id": 182, "properties": { "RMNO": "373", "RMNM": "ABERDEEN", "UPDT_YEAR": "2013" }, "geometry": { "type": "Polygon", "coordinates": [ [ [ -106.15024, 52.58033 ], [ -106.15205, 52.57292 ], [ -106.19627, 52.54595 ], [ -106.24425, 52.52622 ], [ -106.25804, 52.50048 ], [ -106.30524, 52.48576 ], [ -106.30827, 52.48057 ], [ -106.3045, 52.47224 ], [ -106.32502, 52.46404 ], [ -106.34678, 52.43993 ], [ -106.34258, 52.40606 ], [ -106.37992, 52.4039 ], [ -106.40527, 52.38294 ], [ -106.40615, 52.36234 ], [ -106.43052, 52.34749 ], [ -106.46135, 52.31847 ], [ -106.43265, 52.31826 ], [ -106.43251, 52.14354 ], [ -106.14701, 52.14362 ], [ -106.15024, 52.58033 ] ] ] } },
{ "type": "Feature", "id": 183, "properties": { "RMNO": "427", "RMNM": "TISDALE", "UPDT_YEAR": "2013" }, "geometry": { "type": "Polygon", "coordinates": [ [ [ -103.74562, 52.6673 ], [ -103.74545, 52.92896 ], [ -104.18077, 52.92905 ], [ -104.18067, 52.66727 ], [ -103.74562, 52.6673 ] ] ] } },
{ "type": "Feature", "id": 184, "properties": { "RMNO": "344", "RMNM": "CORMAN PARK", "UPDT_YEAR": "2013" }, "geometry": { "type": "Polygon", "coordinates": [ [ [ -106.34578, 52.43398 ], [ -106.67629, 52.4346 ], [ -106.6763, 52.40548 ], [ -106.98881, 52.40566 ], [ -106.99593, 52.39427 ], [ -107.01126, 52.38461 ], [ -107.04339, 52.37392 ], [ -107.06516, 52.37516 ], [ -107.10347, 52.39308 ], [ -107.12294, 52.39284 ], [ -107.1356, 52.39025 ], [ -107.15203, 52.37296 ], [ -107.18366, 52.35824 ], [ -107.22803, 52.35206 ], [ -107.2996, 52.35528 ], [ -107.2997, 52.31841 ], [ -107.28921, 52.31842 ], [ -107.28927, 52.14369 ], [ -106.86086, 52.14372 ], [ -106.86082, 51.96908 ], [ -106.43261, 51.96904 ], [ -106.43265, 52.31826 ], [ -106.46135, 52.31847 ], [ -106.43052, 52.34749 ], [ -106.40615, 52.36234 ], [ -106.40527, 52.38294 ], [ -106.37992, 52.4039 ], [ -106.34301, 52.40561 ], [ -106.34578, 52.43398 ] ] ] } },
{ "type": "Feature", "id": 185, "properties": { "RMNO": "277", "RMNM": "EMERALD", "UPDT_YEAR": "2011" }, "geometry": { "type": "Polygon", "coordinates": [ [ [ -103.7045, 51.38712 ], [ -103.70449, 51.65216 ], [ -104.12906, 51.65211 ], [ -104.12885, 51.38689 ], [ -103.7045, 51.38712 ] ] ] } },
{ "type": "Feature", "id": 186, "properties": { "RMNO": "271", "RMNM": "COTE", "UPDT_YEAR": "2013" }, "geometry": { "type": "Polygon", "coordinates": [ [ [ -101.57056, 51.30189 ], [ -101.57052, 51.65493 ], [ -102.00649, 51.65205 ], [ -102.00644, 51.38684 ], [ -101.73184, 51.38986 ], [ -101.7284, 51.38276 ], [ -101.73516, 51.38275 ], [ -101.73287, 51.37556 ], [ -101.7258, 51.37528 ], [ -101.73282, 51.37529 ], [ -101.7341, 51.368 ], [ -101.72399, 51.36769 ], [ -101.7242, 51.34581 ], [ -101.71494, 51.33864 ], [ -101.71746, 51.33861 ], [ -101.71591, 51.33422 ], [ -101.71453, 51.33733 ], [ -101.7082, 51.33005 ], [ -101.7044, 51.33152 ], [ -101.70074, 51.32498 ], [ -101.69826, 51.32757 ], [ -101.64655, 51.30554 ], [ -101.64166, 51.30541 ], [ -101.64198, 51.30898 ], [ -101.55956, 51.28923 ], [ -101.53906, 51.27745 ], [ -101.53915, 51.30186 ], [ -101.57056, 51.30189 ] ] ] } },
{ "type": "Feature", "id": 187, "properties": { "RMNO": "005", "RMNM": "ESTEVAN", "UPDT_YEAR": "2013" }, "geometry": { "type": "Polygon", "coordinates": [ [ [ -102.8139, 49.25813 ], [ -103.21734, 49.26052 ], [ -103.2174, 49.17371 ], [ -103.20885, 49.17371 ], [ -103.20871, 48.99942 ], [ -102.81289, 48.99926 ], [ -102.8139, 49.25813 ] ] ] } },
{ "type": "Feature", "id": 188, "properties": { "RMNO": "077", "RMNM": "WISE CREEK", "UPDT_YEAR": "2010" }, "geometry": { "type": "Polygon", "coordinates": [ [ [ -107.63083, 49.78557 ], [ -108.0375, 49.7856 ], [ -108.03781, 49.52383 ], [ -107.63077, 49.52377 ], [ -107.63083, 49.78557 ] ] ] } },
{ "type": "Feature", "id": 189, "properties": { "RMNO": "382", "RMNM": "EYE HILL", "UPDT_YEAR": "2011" }, "geometry": { "type": "Polygon", "coordinates": [ [ [ -109.60072, 52.40593 ], [ -110.00507, 52.40483 ], [ -110.00506, 52.14291 ], [ -109.57416, 52.14336 ], [ -109.57428, 52.3183 ], [ -109.60065, 52.3183 ], [ -109.60072, 52.40593 ] ] ] } },
{ "type": "Feature", "id": 190, "properties": { "RMNO": "999", "RMNM": "NORTHERN ADMIN DISTRICT", "UPDT_YEAR": "2014" }, "geometry": { "type": "Polygon", "coordinates": [ [ [ -102.00757, 59.99945 ], [ -110.00638, 59.99962 ], [ -110.00574, 54.65333 ], [ -109.9362, 54.65288 ], [ -109.9362, 54.64547 ], [ -109.911, 54.64548 ], [ -109.91099, 54.63103 ], [ -109.89823, 54.63103 ], [ -109.89823, 54.6164 ], [ -109.88579, 54.6164 ], [ -109.88579, 54.60194 ], [ -109.87303, 54.60195 ], [ -109.87304, 54.59472 ], [ -109.86059, 54.59472 ], [ -109.86059, 54.58731 ], [ -109.78501, 54.58729 ], [ -109.78499, 54.55821 ], [ -109.63378, 54.5582 ], [ -109.63376, 54.5291 ], [ -109.60857, 54.52913 ], [ -109.60855, 54.51468 ], [ -109.53298, 54.51467 ], [ -109.53297, 54.50004 ], [ -109.15504, 54.50005 ], [ -109.15504, 54.4856 ], [ -108.80221, 54.48565 ], [ -108.8022, 54.51474 ], [ -108.651, 54.51473 ], [ -108.65091, 54.58737 ], [ -107.97041, 54.58729 ], [ -107.97039, 54.41272 ], [ -107.95326, 54.41271 ], [ -107.95332, 54.15081 ], [ -106.7537, 54.15081 ], [ -106.75089, 53.8227 ], [ -106.76562, 53.82179 ], [ -106.77257, 53.81547 ], [ -106.76775, 53.80214 ], [ -106.77659, 53.7926 ], [ -106.77608, 53.77847 ], [ -106.753, 53.76356 ], [ -106.74648, 53.75006 ], [ -106.72678, 53.73561 ], [ -106.72216, 53.71642 ], [ -106.72844, 53.70195 ], [ -106.6895, 53.67551 ], [ -106.66988, 53.65712 ], [ -106.66729, 53.64934 ], [ -106.65939, 53.64805 ], [ -106.65245, 53.64012 ], [ -106.60671, 53.64198 ], [ -106.59383, 53.63591 ], [ -106.54495, 53.60363 ], [ -106.54126, 53.58358 ], [ -106.07782, 53.58349 ], [ -106.07782, 53.57626 ], [ -106.02867, 53.57627 ], [ -106.02867, 53.56886 ], [ -106.00409, 53.56886 ], [ -106.00407, 53.97618 ], [ -105.13019, 53.97679 ], [ -105.13027, 53.80213 ], [ -103.64238, 53.80189 ], [ -103.64229, 53.71449 ], [ -103.62708, 53.71448 ], [ -103.6272, 53.64058 ], [ -103.57293, 53.64715 ], [ -103.55201, 53.64404 ], [ -103.5345, 53.65479 ], [ -103.50653, 53.64449 ], [ -103.48953, 53.65257 ], [ -103.45264, 53.65493 ], [ -103.45761, 53.64911 ], [ -103.44575, 53.64468 ], [ -103.41478, 53.64965 ], [ -103.40779, 53.65753 ], [ -103.41056, 53.6622 ], [ -103.39779, 53.6592 ], [ -103.39717, 53.66592 ], [ -103.40483, 53.67703 ], [ -103.39215, 53.68773 ], [ -103.32577, 53.69473 ], [ -103.31489, 53.69872 ], [ -103.29606, 53.71573 ], [ -103.26024, 53.72082 ], [ -103.24463, 53.71625 ], [ -103.22317, 53.72038 ], [ -103.20898, 53.73033 ], [ -103.15935, 53.72243 ], [ -103.11556, 53.73706 ], [ -103.08598, 53.76212 ], [ -103.04772, 53.77947 ], [ -103.04772, 53.7149 ], [ -101.7355, 53.71496 ], [ -101.77131, 53.71504 ], [ -101.77128, 54.06443 ], [ -101.81037, 54.06443 ], [ -101.81035, 54.41356 ], [ -101.84738, 54.41358 ], [ -101.84745, 54.76256 ], [ -101.88536, 54.76257 ], [ -101.88531, 55.11158 ], [ -101.92407, 55.11155 ], [ -101.9242, 55.46044 ], [ -101.96382, 55.46043 ], [ -101.96374, 55.80941 ], [ -102.00405, 55.80939 ], [ -102.00757, 59.99945 ] ] ] } },
{ "type": "Feature", "id": 191, "properties": { "RMNO": "521", "RMNM": "DISTRICT OF LAKELAND", "UPDT_YEAR": "2014" }, "geometry": { "type": "Polygon", "coordinates": [ [ [ -105.76486, 53.53265 ], [ -105.76471, 53.71469 ], [ -105.79952, 53.71468 ], [ -105.79948, 53.80217 ], [ -105.87385, 53.80209 ], [ -105.87387, 53.97667 ], [ -106.00407, 53.97618 ], [ -106.00411, 53.59793 ], [ -105.91215, 53.59784 ], [ -105.91214, 53.58348 ], [ -105.90576, 53.58349 ], [ -105.90575, 53.57627 ], [ -105.89969, 53.57627 ], [ -105.89967, 53.56164 ], [ -105.86296, 53.56165 ], [ -105.86296, 53.55432 ], [ -105.84, 53.55406 ], [ -105.83832, 53.53983 ], [ -105.81379, 53.53981 ], [ -105.81384, 53.53264 ], [ -105.76486, 53.53265 ] ] ] } },
{ "type": "Feature", "id": 192, "properties": { "RMNO": "405", "RMNM": "GREAT BEND", "UPDT_YEAR": "2010" }, "geometry": { "type": "Polygon", "coordinates": [ [ [ -107.01182, 52.60937 ], [ -107.15546, 52.60935 ], [ -107.15546, 52.58025 ], [ -107.44362, 52.58035 ], [ -107.44354, 52.37487 ], [ -107.41549, 52.35625 ], [ -107.39871, 52.35267 ], [ -107.34765, 52.35713 ], [ -107.22803, 52.35206 ], [ -107.18058, 52.35911 ], [ -107.16654, 52.36927 ], [ -107.15203, 52.37296 ], [ -107.13684, 52.38933 ], [ -107.12812, 52.39216 ], [ -107.1018, 52.39266 ], [ -107.05797, 52.37394 ], [ -107.04092, 52.37446 ], [ -107.01126, 52.38461 ], [ -106.99593, 52.39427 ], [ -106.94044, 52.45511 ], [ -106.92161, 52.50636 ], [ -106.90029, 52.53615 ], [ -106.885, 52.58031 ], [ -107.01184, 52.58026 ], [ -107.01182, 52.60937 ] ] ] } },
{ "type": "Feature", "id": 193, "properties": { "RMNO": "370", "RMNM": "HUMBOLDT", "UPDT_YEAR": "2013" }, "geometry": { "type": "Polygon", "coordinates": [ [ [ -105.02803, 52.40564 ], [ -105.45913, 52.40539 ], [ -105.45903, 52.31825 ], [ -105.43241, 52.31824 ], [ -105.43246, 52.14368 ], [ -105.00444, 52.14368 ], [ -105.00433, 52.31813 ], [ -105.02807, 52.31814 ], [ -105.02803, 52.40564 ] ] ] } },
{ "type": "Feature", "id": 194, "properties": { "RMNO": "426", "RMNM": "BJORKDALE", "UPDT_YEAR": "2011" }, "geometry": { "type": "Polygon", "coordinates": [ [ [ -103.16769, 52.79859 ], [ -103.16775, 52.92944 ], [ -103.74545, 52.92896 ], [ -103.74562, 52.6673 ], [ -103.73468, 52.66731 ], [ -103.73485, 52.49295 ], [ -103.44672, 52.49294 ], [ -103.44665, 52.53662 ], [ -103.30265, 52.53668 ], [ -103.30287, 52.66721 ], [ -103.31103, 52.66722 ], [ -103.31085, 52.79803 ], [ -103.16769, 52.79859 ] ] ] } },
{ "type": "Feature", "id": 195, "properties": { "RMNO": "308", "RMNM": "BIG QUILL", "UPDT_YEAR": "2013" }, "geometry": { "type": "Polygon", "coordinates": [ [ [ -104.12904, 51.56359 ], [ -104.13216, 51.88149 ], [ -104.41492, 51.88157 ], [ -104.41545, 51.79424 ], [ -104.52948, 51.79399 ], [ -104.53085, 51.78968 ], [ -104.55695, 51.78543 ], [ -104.55699, 51.61972 ], [ -104.53808, 51.61973 ], [ -104.53844, 51.53255 ], [ -104.2704, 51.53262 ], [ -104.27041, 51.56379 ], [ -104.12904, 51.56359 ] ] ] } },
{ "type": "Feature", "id": 196, "properties": { "RMNO": "343", "RMNM": "BLUCHER", "UPDT_YEAR": "2011" }, "geometry": { "type": "Polygon", "coordinates": [ [ [ -106.43222, 52.14342 ], [ -106.42948, 51.88173 ], [ -106.00432, 51.8817 ], [ -106.00433, 52.14351 ], [ -106.43222, 52.14342 ] ] ] } },
{ "type": "Feature", "id": 197, "properties": { "RMNO": "065", "RMNM": "TECUMSEH", "UPDT_YEAR": "2013" }, "geometry": { "type": "Polygon", "coordinates": [ [ [ -102.81929, 49.52253 ], [ -102.81951, 49.78462 ], [ -103.22585, 49.78457 ], [ -103.22615, 49.5226 ], [ -102.81929, 49.52253 ] ] ] } },
{ "type": "Feature", "id": 198, "properties": { "RMNO": "067", "RMNM": "WEYBURN", "UPDT_YEAR": "2013" }, "geometry": { "type": "Polygon", "coordinates": [ [ [ -103.63264, 49.78461 ], [ -104.03908, 49.78475 ], [ -104.03891, 49.52266 ], [ -103.63253, 49.52261 ], [ -103.63264, 49.78461 ] ] ] } },
{ "type": "Feature", "id": 199, "properties": { "RMNO": "496", "RMNM": "SPIRITWOOD", "UPDT_YEAR": "2014" }, "geometry": { "type": "Polygon", "coordinates": [ [ [ -107.18547, 53.71505 ], [ -107.9231, 53.71509 ], [ -107.92301, 53.54071 ], [ -107.77524, 53.54059 ], [ -107.77533, 53.36547 ], [ -107.7602, 53.36555 ], [ -107.76017, 53.19066 ], [ -107.02622, 53.19216 ], [ -107.02625, 53.36633 ], [ -107.03825, 53.36632 ], [ -107.03814, 53.45327 ], [ -107.18564, 53.45327 ], [ -107.18547, 53.71505 ] ] ] } },
{ "type": "Feature", "id": 200, "properties": { "RMNO": "003", "RMNM": "ENNISKILLEN", "UPDT_YEAR": "2013" }, "geometry": { "type": "Polygon", "coordinates": [ [ [ -102.00649, 48.9989 ], [ -102.00652, 49.26083 ], [ -102.41026, 49.26071 ], [ -102.40954, 48.99886 ], [ -102.00649, 48.9989 ] ] ] } },
{ "type": "Feature", "id": 201, "properties": { "RMNO": "243", "RMNM": "WALLACE", "UPDT_YEAR": "2013" }, "geometry": { "type": "Polygon", "coordinates": [ [ [ -102.00641, 51.12168 ], [ -102.00644, 51.38684 ], [ -102.431, 51.38692 ], [ -102.4278, 51.12168 ], [ -102.00641, 51.12168 ] ] ] } },
{ "type": "Feature", "id": 202, "properties": { "RMNO": "160", "RMNM": "PENSE", "UPDT_YEAR": "2013" }, "geometry": { "type": "Polygon", "coordinates": [ [ [ -104.89307, 50.57152 ], [ -105.30565, 50.57146 ], [ -105.30561, 50.3094 ], [ -104.89319, 50.3094 ], [ -104.89307, 50.57152 ] ] ] } },
{ "type": "Feature", "id": 203, "properties": { "RMNO": "301", "RMNM": "ST. PHILIPS", "UPDT_YEAR": "2013" }, "geometry": { "type": "Polygon", "coordinates": [ [ [ -101.57736, 51.65495 ], [ -101.57723, 51.88074 ], [ -102.00665, 51.88183 ], [ -102.00649, 51.65205 ], [ -101.57736, 51.65495 ] ] ] } },
{ "type": "Feature", "id": 204, "properties": { "RMNO": "347", "RMNM": "BIGGAR", "UPDT_YEAR": "2013" }, "geometry": { "type": "Polygon", "coordinates": [ [ [ -107.71735, 52.23087 ], [ -108.1455, 52.23089 ], [ -108.14575, 52.10717 ], [ -108.15349, 52.10458 ], [ -108.16615, 52.10528 ], [ -108.19258, 52.11652 ], [ -108.18712, 52.12144 ], [ -108.20104, 52.13212 ], [ -108.20621, 52.13041 ], [ -108.20341, 52.12491 ], [ -108.21168, 52.12165 ], [ -108.22117, 52.12294 ], [ -108.21183, 52.12421 ], [ -108.21675, 52.12659 ], [ -108.25299, 52.12303 ], [ -108.27757, 52.12788 ], [ -108.25781, 52.13149 ], [ -108.26904, 52.13559 ], [ -108.33726, 52.13608 ], [ -108.32193, 52.1393 ], [ -108.33086, 52.14386 ], [ -108.36604, 52.14217 ], [ -108.38613, 52.14728 ], [ -108.39313, 52.14352 ], [ -108.43133, 52.1435 ], [ -108.4311, 51.96892 ], [ -108.41418, 51.96891 ], [ -108.41409, 51.88154 ], [ -107.70524, 51.88155 ], [ -107.70525, 51.96886 ], [ -107.71747, 51.96884 ], [ -107.71735, 52.23087 ] ] ] } },
{ "type": "Feature", "id": 205, "properties": { "RMNO": "378", "RMNM": "ROSEMOUNT", "UPDT_YEAR": "2013" }, "geometry": { "type": "Polygon", "coordinates": [ [ [ -108.14575, 52.10717 ], [ -108.14535, 52.31832 ], [ -108.16263, 52.31851 ], [ -108.16271, 52.40581 ], [ -108.45035, 52.40559 ], [ -108.4504, 52.31816 ], [ -108.43176, 52.31819 ], [ -108.43133, 52.1435 ], [ -108.39313, 52.14352 ], [ -108.38613, 52.14728 ], [ -108.36604, 52.14217 ], [ -108.33086, 52.14386 ], [ -108.32193, 52.1393 ], [ -108.33726, 52.13608 ], [ -108.26904, 52.13559 ], [ -108.25781, 52.13149 ], [ -108.27757, 52.12788 ], [ -108.25299, 52.12303 ], [ -108.21675, 52.12659 ], [ -108.21183, 52.12421 ], [ -108.22117, 52.12294 ], [ -108.21168, 52.12165 ], [ -108.20341, 52.12491 ], [ -108.20621, 52.13041 ], [ -108.20104, 52.13212 ], [ -108.18712, 52.12144 ], [ -108.19258, 52.11652 ], [ -108.16615, 52.10528 ], [ -108.15349, 52.10458 ], [ -108.14575, 52.10717 ] ] ] } },
{ "type": "Feature", "id": 206, "properties": { "RMNO": "493", "RMNM": "SHELLBROOK", "UPDT_YEAR": "2013" }, "geometry": { "type": "Polygon", "coordinates": [ [ [ -106.00406, 53.52088 ], [ -105.99486, 53.52729 ], [ -105.99087, 53.53978 ], [ -106.00408, 53.53978 ], [ -106.00409, 53.56886 ], [ -106.02867, 53.56886 ], [ -106.02867, 53.57627 ], [ -106.07782, 53.57626 ], [ -106.07782, 53.58349 ], [ -106.4468, 53.58367 ], [ -106.44316, 53.10377 ], [ -106.27303, 53.10368 ], [ -106.23872, 53.14108 ], [ -106.23043, 53.1582 ], [ -106.21024, 53.17274 ], [ -106.07469, 53.2083 ], [ -106.02123, 53.20081 ], [ -106.00436, 53.15522 ], [ -106.00406, 53.52088 ] ] ] } },
{ "type": "Feature", "id": 207, "properties": { "RMNO": "284", "RMNM": "RUDY", "UPDT_YEAR": "2014" }, "geometry": { "type": "Polygon", "coordinates": [ [ [ -106.7129, 51.70728 ], [ -106.83173, 51.707 ], [ -106.86905, 51.69249 ], [ -106.93696, 51.68039 ], [ -106.97246, 51.66289 ], [ -106.9856, 51.65081 ], [ -106.99857, 51.62809 ], [ -107.02427, 51.60645 ], [ -107.05112, 51.59647 ], [ -107.07201, 51.56805 ], [ -107.07433, 51.54744 ], [ -107.0781, 51.54748 ], [ -107.07677, 51.48918 ], [ -107.09013, 51.44622 ], [ -107.08166, 51.42498 ], [ -107.06984, 51.41781 ], [ -107.018, 51.40546 ], [ -106.99776, 51.39465 ], [ -107.00082, 51.38097 ], [ -106.99074, 51.3582 ], [ -106.70722, 51.35818 ], [ -106.70764, 51.61985 ], [ -106.71306, 51.61985 ], [ -106.7129, 51.70728 ] ] ] } },
{ "type": "Feature", "id": 208, "properties": { "RMNO": "314", "RMNM": "DUNDURN", "UPDT_YEAR": "2013" }, "geometry": { "type": "Polygon", "coordinates": [ [ [ -106.42956, 51.96904 ], [ -106.79796, 51.96912 ], [ -106.80624, 51.9608 ], [ -106.80493, 51.95184 ], [ -106.74913, 51.93501 ], [ -106.7521, 51.93069 ], [ -106.77652, 51.92531 ], [ -106.77175, 51.9253 ], [ -106.77173, 51.92057 ], [ -106.77739, 51.91317 ], [ -106.77263, 51.90546 ], [ -106.75886, 51.90219 ], [ -106.75145, 51.89447 ], [ -106.75809, 51.87161 ], [ -106.74984, 51.86645 ], [ -106.75152, 51.84714 ], [ -106.74794, 51.84196 ], [ -106.74796, 51.84928 ], [ -106.73944, 51.83992 ], [ -106.7338, 51.82539 ], [ -106.74823, 51.80395 ], [ -106.77376, 51.78869 ], [ -106.78047, 51.76839 ], [ -106.79741, 51.75003 ], [ -106.79539, 51.74285 ], [ -106.80198, 51.72523 ], [ -106.83249, 51.70718 ], [ -106.28775, 51.70697 ], [ -106.28805, 51.88161 ], [ -106.42948, 51.88173 ], [ -106.42956, 51.96904 ] ] ] } },
{ "type": "Feature", "id": 209, "properties": { "RMNO": "488", "RMNM": "TORCH RIVER", "UPDT_YEAR": "2013" }, "geometry": { "type": "Polygon", "coordinates": [ [ [ -103.64229, 53.71449 ], [ -103.64238, 53.80189 ], [ -105.13027, 53.80213 ], [ -105.13044, 53.71468 ], [ -105.10118, 53.71466 ], [ -105.10137, 53.36522 ], [ -105.07439, 53.3652 ], [ -105.07446, 53.24651 ], [ -105.06382, 53.24944 ], [ -105.05386, 53.24281 ], [ -105.0166, 53.23895 ], [ -104.99566, 53.24133 ], [ -104.99031, 53.23436 ], [ -104.9987, 53.22519 ], [ -104.98788, 53.21908 ], [ -104.98316, 53.22135 ], [ -104.98147, 53.23335 ], [ -104.96641, 53.23503 ], [ -104.94654, 53.22125 ], [ -104.94319, 53.20619 ], [ -104.95286, 53.19675 ], [ -104.94834, 53.18866 ], [ -104.92857, 53.17514 ], [ -104.90378, 53.17256 ], [ -104.89507, 53.15644 ], [ -104.86824, 53.15064 ], [ -104.85657, 53.14258 ], [ -104.84925, 53.16064 ], [ -104.83752, 53.15927 ], [ -104.83401, 53.14861 ], [ -104.8275, 53.14874 ], [ -104.82699, 53.15447 ], [ -104.83563, 53.16334 ], [ -104.83086, 53.17048 ], [ -104.78505, 53.17577 ], [ -104.79091, 53.19311 ], [ -104.75216, 53.21995 ], [ -104.72244, 53.21538 ], [ -104.70683, 53.22525 ], [ -104.69352, 53.22611 ], [ -104.67246, 53.21568 ], [ -104.63175, 53.23512 ], [ -104.57138, 53.2341 ], [ -104.53308, 53.24999 ], [ -104.51632, 53.24805 ], [ -104.48985, 53.23365 ], [ -104.46269, 53.24625 ], [ -104.46787, 53.2538 ], [ -104.46451, 53.25923 ], [ -104.43956, 53.25572 ], [ -104.43781, 53.26603 ], [ -104.41623, 53.27064 ], [ -104.40798, 53.28191 ], [ -104.33122, 53.29887 ], [ -104.30818, 53.28786 ], [ -104.25785, 53.28848 ], [ -104.23748, 53.30561 ], [ -104.1989, 53.29783 ], [ -104.187, 53.30067 ], [ -104.17706, 53.31006 ], [ -104.15182, 53.30566 ], [ -104.12909, 53.31294 ], [ -104.09718, 53.30991 ], [ -104.09297, 53.30525 ], [ -104.09653, 53.29654 ], [ -104.0925, 53.29561 ], [ -104.06659, 53.30878 ], [ -104.07123, 53.31967 ], [ -104.06797, 53.32268 ], [ -104.03965, 53.31857 ], [ -104.04395, 53.3304 ], [ -104.04201, 53.371 ], [ -104.02268, 53.37981 ], [ -104.00768, 53.40044 ], [ -103.97557, 53.40675 ], [ -103.97109, 53.41808 ], [ -103.97729, 53.42613 ], [ -103.97732, 53.43581 ], [ -103.94121, 53.45037 ], [ -103.94569, 53.46538 ], [ -103.94289, 53.4693 ], [ -103.91374, 53.47793 ], [ -103.88153, 53.47611 ], [ -103.85821, 53.49054 ], [ -103.84194, 53.50946 ], [ -103.80514, 53.50787 ], [ -103.80236, 53.51491 ], [ -103.78324, 53.5267 ], [ -103.77899, 53.54329 ], [ -103.76435, 53.5512 ], [ -103.74696, 53.55224 ], [ -103.73097, 53.54694 ], [ -103.69353, 53.55338 ], [ -103.71519, 53.58577 ], [ -103.71445, 53.59785 ], [ -103.70745, 53.60928 ], [ -103.67433, 53.62786 ], [ -103.6272, 53.64058 ], [ -103.62708, 53.71448 ], [ -103.64229, 53.71449 ] ] ] } },
{ "type": "Feature", "id": 210, "properties": { "RMNO": "336", "RMNM": "SASMAN", "UPDT_YEAR": "2013" }, "geometry": { "type": "Polygon", "coordinates": [ [ [ -103.28243, 51.79408 ], [ -103.28242, 51.96869 ], [ -103.29181, 51.96871 ], [ -103.29155, 52.14368 ], [ -103.72012, 52.14376 ], [ -103.72017, 51.96909 ], [ -103.70708, 51.96908 ], [ -103.70724, 51.85239 ], [ -103.62363, 51.85238 ], [ -103.62751, 51.85375 ], [ -103.62557, 51.858 ], [ -103.61294, 51.8579 ], [ -103.58884, 51.867 ], [ -103.58711, 51.86097 ], [ -103.57164, 51.85952 ], [ -103.57173, 51.85234 ], [ -103.56521, 51.85232 ], [ -103.56523, 51.86148 ], [ -103.55808, 51.86687 ], [ -103.54063, 51.87001 ], [ -103.5509, 51.86456 ], [ -103.55209, 51.85914 ], [ -103.52114, 51.85427 ], [ -103.52186, 51.84851 ], [ -103.51178, 51.84535 ], [ -103.50189, 51.83155 ], [ -103.4915, 51.8306 ], [ -103.46501, 51.81226 ], [ -103.47844, 51.81019 ], [ -103.47131, 51.80869 ], [ -103.47117, 51.79408 ], [ -103.28243, 51.79408 ] ] ] } },
{ "type": "Feature", "id": 211, "properties": { "RMNO": "491", "RMNM": "BUCKLAND", "UPDT_YEAR": "2013" }, "geometry": { "type": "Polygon", "coordinates": [ [ [ -105.54352, 53.45261 ], [ -106.00405, 53.4524 ], [ -106.00435, 53.15452 ], [ -105.96497, 53.15432 ], [ -105.88888, 53.16907 ], [ -105.87024, 53.18517 ], [ -105.87457, 53.19083 ], [ -105.86403, 53.20261 ], [ -105.86804, 53.20311 ], [ -105.84361, 53.20869 ], [ -105.76456, 53.20561 ], [ -105.72524, 53.2186 ], [ -105.70877, 53.21871 ], [ -105.66037, 53.20741 ], [ -105.64802, 53.21365 ], [ -105.63498, 53.2343 ], [ -105.62269, 53.23938 ], [ -105.59878, 53.24281 ], [ -105.54138, 53.23536 ], [ -105.51247, 53.24374 ], [ -105.513, 53.3649 ], [ -105.54357, 53.36497 ], [ -105.54352, 53.45261 ] ] ] } },
{ "type": "Feature", "id": 212, "properties": { "RMNO": "191", "RMNM": "MARQUIS", "UPDT_YEAR": "2013" }, "geometry": { "type": "Polygon", "coordinates": [ [ [ -105.98353, 50.87386 ], [ -106.00468, 50.87778 ], [ -106.00473, 50.57191 ], [ -105.33234, 50.57153 ], [ -105.33233, 50.57482 ], [ -105.39585, 50.59665 ], [ -105.49419, 50.64423 ], [ -105.54069, 50.67257 ], [ -105.58123, 50.71246 ], [ -105.63466, 50.74592 ], [ -105.64377, 50.74573 ], [ -105.65256, 50.75453 ], [ -105.70144, 50.76819 ], [ -105.77107, 50.76811 ], [ -105.77105, 50.77534 ], [ -105.79411, 50.77537 ], [ -105.79826, 50.77102 ], [ -105.80955, 50.78013 ], [ -105.82868, 50.78391 ], [ -105.82867, 50.79004 ], [ -105.84043, 50.79001 ], [ -105.84042, 50.79742 ], [ -105.86348, 50.79733 ], [ -105.86348, 50.80475 ], [ -105.87493, 50.80476 ], [ -105.87491, 50.812 ], [ -105.8866, 50.81201 ], [ -105.88659, 50.81924 ], [ -105.89917, 50.81982 ], [ -105.92055, 50.83522 ], [ -105.93242, 50.83402 ], [ -105.93237, 50.84128 ], [ -105.94406, 50.84129 ], [ -105.94401, 50.84857 ], [ -105.95533, 50.85585 ], [ -105.96699, 50.85224 ], [ -105.97531, 50.85587 ], [ -105.97123, 50.85722 ], [ -105.98353, 50.87386 ] ] ] } },
{ "type": "Feature", "id": 213, "properties": { "RMNO": "409", "RMNM": "BUFFALO", "UPDT_YEAR": "2013" }, "geometry": { "type": "Polygon", "coordinates": [ [ [ -108.5942, 52.66752 ], [ -109.02683, 52.66756 ], [ -109.02587, 52.40566 ], [ -108.16271, 52.40581 ], [ -108.16291, 52.49283 ], [ -108.30661, 52.49299 ], [ -108.30665, 52.58019 ], [ -108.59441, 52.58023 ], [ -108.5942, 52.66752 ] ] ] } },
{ "type": "Feature", "id": 214, "properties": { "RMNO": "228", "RMNM": "LACADENA", "UPDT_YEAR": "2014" }, "geometry": { "type": "MultiPolygon", "coordinates": [ [ [ [ -108.25559, 50.67421 ], [ -108.22822, 50.6629 ], [ -108.16994, 50.67554 ], [ -108.12663, 50.67438 ], [ -108.08281, 50.68108 ], [ -108.02503, 50.6739 ], [ -108.02476, 50.66668 ], [ -108.03003, 50.66668 ], [ -108.0274, 50.66355 ], [ -108.0078, 50.65543 ], [ -107.97361, 50.65455 ], [ -107.94877, 50.66594 ], [ -107.94421, 50.67514 ], [ -107.89766, 50.6942 ], [ -107.87877, 50.69211 ], [ -107.87373, 50.69599 ], [ -107.86774, 50.69171 ], [ -107.83826, 50.69198 ], [ -107.83652, 50.6877 ], [ -107.80787, 50.6846 ], [ -107.80502, 50.9215 ], [ -107.81825, 50.92149 ], [ -107.81834, 51.00873 ], [ -108.07412, 51.00873 ], [ -108.07402, 51.06694 ], [ -108.09741, 51.0669 ], [ -108.09735, 51.09604 ], [ -108.51586, 51.09609 ], [ -108.51584, 50.9277 ], [ -108.49776, 50.92148 ], [ -108.46883, 50.88993 ], [ -108.44453, 50.87218 ], [ -108.44807, 50.83494 ], [ -108.43068, 50.83411 ], [ -108.44234, 50.81966 ], [ -108.44073, 50.80313 ], [ -108.42411, 50.79093 ], [ -108.39425, 50.78127 ], [ -108.37078, 50.76524 ], [ -108.36633, 50.76714 ], [ -108.36343, 50.75724 ], [ -108.33175, 50.72793 ], [ -108.32903, 50.71147 ], [ -108.31677, 50.69826 ], [ -108.25559, 50.67421 ] ] ], [ [ [ -108.25559, 50.67421 ], [ -108.25608, 50.67348 ], [ -108.25559, 50.67312 ], [ -108.25559, 50.67421 ] ] ] ] } },
{ "type": "Feature", "id": 215, "properties": { "RMNO": "255", "RMNM": "COTEAU", "UPDT_YEAR": "2013" }, "geometry": { "type": "Polygon", "coordinates": [ [ [ -106.86597, 51.27077 ], [ -107.26038, 51.27063 ], [ -107.26039, 51.00869 ], [ -106.95464, 51.00754 ], [ -106.93734, 51.01071 ], [ -106.9191, 51.0066 ], [ -106.92281, 51.01003 ], [ -106.90199, 51.00985 ], [ -106.89753, 51.02103 ], [ -106.88054, 51.0356 ], [ -106.88622, 51.03574 ], [ -106.88973, 51.03712 ], [ -106.87634, 51.03751 ], [ -106.87075, 51.04525 ], [ -106.85464, 51.04593 ], [ -106.84985, 51.05197 ], [ -106.85091, 51.0651 ], [ -106.85882, 51.07028 ], [ -106.84961, 51.06557 ], [ -106.84569, 51.04879 ], [ -106.83443, 51.04463 ], [ -106.79015, 51.04687 ], [ -106.76842, 51.05505 ], [ -106.73575, 51.05331 ], [ -106.64489, 51.10465 ], [ -106.69667, 51.11119 ], [ -106.77582, 51.1401 ], [ -106.79171, 51.15011 ], [ -106.79778, 51.14892 ], [ -106.79412, 51.1449 ], [ -106.79614, 51.14172 ], [ -106.80981, 51.15586 ], [ -106.82295, 51.15797 ], [ -106.8171, 51.16214 ], [ -106.82557, 51.16746 ], [ -106.82124, 51.16998 ], [ -106.82306, 51.17539 ], [ -106.8311, 51.17783 ], [ -106.8297, 51.18325 ], [ -106.84093, 51.18215 ], [ -106.84606, 51.18717 ], [ -106.82842, 51.18878 ], [ -106.83935, 51.2054 ], [ -106.85238, 51.20735 ], [ -106.83954, 51.21019 ], [ -106.84947, 51.21597 ], [ -106.8441, 51.21679 ], [ -106.84843, 51.22587 ], [ -106.85404, 51.22637 ], [ -106.84859, 51.22895 ], [ -106.8856, 51.25208 ], [ -106.90943, 51.25048 ], [ -106.93494, 51.24035 ], [ -106.95788, 51.24827 ], [ -106.92531, 51.24809 ], [ -106.89809, 51.26045 ], [ -106.8872, 51.25887 ], [ -106.88597, 51.25419 ], [ -106.88101, 51.25865 ], [ -106.87762, 51.24981 ], [ -106.86255, 51.24645 ], [ -106.87279, 51.25686 ], [ -106.87826, 51.25571 ], [ -106.86597, 51.27077 ] ] ] } },
{ "type": "Feature", "id": 216, "properties": { "RMNO": "247", "RMNM": "KELLROSS", "UPDT_YEAR": "2011" }, "geometry": { "type": "Polygon", "coordinates": [ [ [ -103.7046, 51.29879 ], [ -103.7045, 51.38712 ], [ -104.12885, 51.38689 ], [ -104.12914, 51.29879 ], [ -104.11658, 51.29877 ], [ -104.11661, 51.27029 ], [ -104.10086, 51.27015 ], [ -104.10076, 51.09569 ], [ -103.69059, 51.09559 ], [ -103.69062, 51.29878 ], [ -103.7046, 51.29879 ] ] ] } },
{ "type": "Feature", "id": 217, "properties": { "RMNO": "395", "RMNM": "PORCUPINE", "UPDT_YEAR": "2011" }, "geometry": { "type": "Polygon", "coordinates": [ [ [ -102.73292, 52.66754 ], [ -102.73247, 52.92943 ], [ -103.16775, 52.92944 ], [ -103.16769, 52.79859 ], [ -103.31085, 52.79803 ], [ -103.31103, 52.66722 ], [ -103.30287, 52.66721 ], [ -103.30265, 52.53668 ], [ -103.44665, 52.53662 ], [ -103.4466, 52.4056 ], [ -103.30275, 52.4056 ], [ -103.30266, 52.31833 ], [ -103.15857, 52.31821 ], [ -103.15815, 52.40538 ], [ -102.72664, 52.40557 ], [ -102.72657, 52.66749 ], [ -102.73292, 52.66754 ] ] ] } },
{ "type": "Feature", "id": 218, "properties": { "RMNO": "254", "RMNM": "LOREBURN", "UPDT_YEAR": "2013" }, "geometry": { "type": "Polygon", "coordinates": [ [ [ -106.42326, 51.09603 ], [ -106.42603, 51.44551 ], [ -106.70716, 51.44551 ], [ -106.70722, 51.35818 ], [ -106.98946, 51.35801 ], [ -106.98456, 51.35265 ], [ -106.98812, 51.34355 ], [ -106.97942, 51.32515 ], [ -106.93537, 51.30725 ], [ -106.90653, 51.30132 ], [ -106.8828, 51.28131 ], [ -106.86398, 51.27208 ], [ -106.87826, 51.25571 ], [ -106.87279, 51.25686 ], [ -106.86255, 51.24645 ], [ -106.87762, 51.24981 ], [ -106.88101, 51.25865 ], [ -106.88597, 51.25419 ], [ -106.8872, 51.25887 ], [ -106.89809, 51.26045 ], [ -106.92531, 51.24809 ], [ -106.95788, 51.24827 ], [ -106.93494, 51.24035 ], [ -106.89422, 51.25354 ], [ -106.86078, 51.23991 ], [ -106.85605, 51.23549 ], [ -106.85919, 51.23411 ], [ -106.85278, 51.23253 ], [ -106.8558, 51.23095 ], [ -106.84859, 51.22895 ], [ -106.85404, 51.22637 ], [ -106.84843, 51.22587 ], [ -106.8441, 51.21679 ], [ -106.84947, 51.21597 ], [ -106.83953, 51.21185 ], [ -106.85116, 51.20994 ], [ -106.85238, 51.20735 ], [ -106.83935, 51.2054 ], [ -106.82842, 51.18878 ], [ -106.8458, 51.18675 ], [ -106.84093, 51.18215 ], [ -106.8297, 51.18325 ], [ -106.8311, 51.17783 ], [ -106.82121, 51.17025 ], [ -106.82557, 51.16746 ], [ -106.81722, 51.16334 ], [ -106.82295, 51.15797 ], [ -106.80981, 51.15586 ], [ -106.79614, 51.14172 ], [ -106.79778, 51.14892 ], [ -106.79171, 51.15011 ], [ -106.77582, 51.1401 ], [ -106.69667, 51.11119 ], [ -106.64486, 51.10481 ], [ -106.65929, 51.09603 ], [ -106.42326, 51.09603 ] ] ] } },
{ "type": "Feature", "id": 219, "properties": { "RMNO": "285", "RMNM": "FERTILE VALLEY", "UPDT_YEAR": "2013" }, "geometry": { "type": "Polygon", "coordinates": [ [ [ -107.01176, 51.61985 ], [ -107.41005, 51.61982 ], [ -107.41015, 51.27093 ], [ -106.86398, 51.27208 ], [ -106.8828, 51.28131 ], [ -106.90653, 51.30132 ], [ -106.93537, 51.30725 ], [ -106.97942, 51.32515 ], [ -106.98812, 51.34355 ], [ -106.9847, 51.35325 ], [ -107.00082, 51.38097 ], [ -106.9972, 51.39421 ], [ -107.01908, 51.40582 ], [ -107.07526, 51.41979 ], [ -107.08749, 51.43406 ], [ -107.0901, 51.44653 ], [ -107.07464, 51.50364 ], [ -107.0781, 51.54748 ], [ -107.07433, 51.54744 ], [ -107.07201, 51.56805 ], [ -107.05191, 51.59581 ], [ -107.02427, 51.60645 ], [ -107.01176, 51.61985 ] ] ] } },
{ "type": "Feature", "id": 220, "properties": { "RMNO": "499", "RMNM": "MERVIN", "UPDT_YEAR": "2013" }, "geometry": { "type": "Polygon", "coordinates": [ [ [ -108.68306, 53.80235 ], [ -109.12931, 53.8023 ], [ -109.12901, 53.71501 ], [ -109.10179, 53.71503 ], [ -109.10233, 53.36561 ], [ -109.07746, 53.36563 ], [ -109.07742, 53.28578 ], [ -109.07207, 53.27963 ], [ -108.6374, 53.27788 ], [ -108.63729, 53.36559 ], [ -108.65984, 53.36559 ], [ -108.65985, 53.53421 ], [ -108.67551, 53.51555 ], [ -108.6934, 53.51103 ], [ -108.70757, 53.51477 ], [ -108.6854, 53.53314 ], [ -108.6874, 53.55067 ], [ -108.70281, 53.56409 ], [ -108.70321, 53.57785 ], [ -108.69359, 53.59649 ], [ -108.67902, 53.59864 ], [ -108.68378, 53.60206 ], [ -108.67703, 53.60928 ], [ -108.65956, 53.60723 ], [ -108.65048, 53.61328 ], [ -108.63443, 53.61305 ], [ -108.60813, 53.63362 ], [ -108.6158, 53.63215 ], [ -108.61674, 53.65147 ], [ -108.62253, 53.65159 ], [ -108.61538, 53.67142 ], [ -108.58712, 53.69487 ], [ -108.56653, 53.69373 ], [ -108.54674, 53.7151 ], [ -108.68305, 53.7151 ], [ -108.68306, 53.80235 ] ] ] } },
{ "type": "Feature", "id": 221, "properties": { "RMNO": "498", "RMNM": "PARKDALE", "UPDT_YEAR": "2011" }, "geometry": { "type": "Polygon", "coordinates": [ [ [ -108.51241, 53.62781 ], [ -108.51235, 53.71508 ], [ -108.54674, 53.7151 ], [ -108.56743, 53.69316 ], [ -108.58791, 53.69439 ], [ -108.61196, 53.6753 ], [ -108.62216, 53.66049 ], [ -108.62253, 53.65159 ], [ -108.61674, 53.65147 ], [ -108.61584, 53.63221 ], [ -108.60813, 53.63362 ], [ -108.63443, 53.61305 ], [ -108.65048, 53.61328 ], [ -108.65956, 53.60723 ], [ -108.67703, 53.60928 ], [ -108.68378, 53.60206 ], [ -108.67902, 53.59864 ], [ -108.69359, 53.59649 ], [ -108.70315, 53.57812 ], [ -108.70281, 53.56409 ], [ -108.6874, 53.55067 ], [ -108.6854, 53.53314 ], [ -108.70757, 53.51477 ], [ -108.6934, 53.51103 ], [ -108.67551, 53.51555 ], [ -108.65985, 53.53421 ], [ -108.65984, 53.36559 ], [ -108.63729, 53.36559 ], [ -108.63743, 53.19054 ], [ -108.19891, 53.19066 ], [ -108.19866, 53.36535 ], [ -108.21809, 53.36533 ], [ -108.21948, 53.43799 ], [ -108.22729, 53.43304 ], [ -108.23547, 53.43464 ], [ -108.23933, 53.44587 ], [ -108.23007, 53.45011 ], [ -108.22284, 53.46346 ], [ -108.20768, 53.47198 ], [ -108.20479, 53.46788 ], [ -108.1939, 53.48236 ], [ -108.16869, 53.48255 ], [ -108.16867, 53.49702 ], [ -108.19324, 53.49996 ], [ -108.2033, 53.49305 ], [ -108.22097, 53.49228 ], [ -108.22469, 53.49498 ], [ -108.2229, 53.50641 ], [ -108.22848, 53.50393 ], [ -108.23523, 53.50783 ], [ -108.23932, 53.51617 ], [ -108.22304, 53.5451 ], [ -108.16867, 53.60235 ], [ -108.16869, 53.62766 ], [ -108.51241, 53.62781 ] ] ] } },
{ "type": "Feature", "id": 222, "properties": { "RMNO": "463", "RMNM": "DUCK LAKE", "UPDT_YEAR": "2014" }, "geometry": { "type": "Polygon", "coordinates": [ [ [ -106.02066, 53.20032 ], [ -106.07469, 53.2083 ], [ -106.12827, 53.19627 ], [ -106.21448, 53.17005 ], [ -106.23043, 53.1582 ], [ -106.23872, 53.14108 ], [ -106.26425, 53.11092 ], [ -106.28813, 53.09041 ], [ -106.37841, 53.03987 ], [ -106.40349, 53.01677 ], [ -106.40658, 53.00232 ], [ -106.42122, 52.9854 ], [ -106.43669, 52.94186 ], [ -106.45442, 52.9235 ], [ -106.49331, 52.89095 ], [ -106.571, 52.86239 ], [ -106.58673, 52.84194 ], [ -106.58508, 52.8275 ], [ -106.5216, 52.82668 ], [ -106.52118, 52.84187 ], [ -106.44213, 52.84185 ], [ -106.44208, 52.75709 ], [ -106.29604, 52.75704 ], [ -106.29601, 52.71272 ], [ -106.1054, 52.71287 ], [ -106.12175, 52.72407 ], [ -106.11225, 52.74473 ], [ -106.12399, 52.74635 ], [ -106.13749, 52.75636 ], [ -106.14165, 52.76441 ], [ -106.13571, 52.77152 ], [ -106.1386, 52.77724 ], [ -106.12857, 52.78733 ], [ -106.11085, 52.78522 ], [ -106.10505, 52.78853 ], [ -106.1081, 52.8012 ], [ -106.10007, 52.81199 ], [ -106.10231, 52.81974 ], [ -106.09142, 52.82655 ], [ -106.09387, 52.84615 ], [ -106.08161, 52.85427 ], [ -106.07178, 52.87067 ], [ -106.03998, 52.88281 ], [ -106.03961, 52.90757 ], [ -106.03232, 52.91728 ], [ -106.02216, 52.92047 ], [ -106.00438, 52.91559 ], [ -106.00436, 53.15522 ], [ -106.02066, 53.20032 ] ] ] } },
{ "type": "Feature", "id": 223, "properties": { "RMNO": "155", "RMNM": "WOLSELEY", "UPDT_YEAR": "2013" }, "geometry": { "type": "Polygon", "coordinates": [ [ [ -102.99365, 50.60415 ], [ -103.00761, 50.59405 ], [ -103.00595, 50.58888 ], [ -103.0106, 50.58852 ], [ -103.01064, 50.5924 ], [ -103.01736, 50.5897 ], [ -103.01586, 50.58594 ], [ -103.01787, 50.58449 ], [ -103.0181, 50.588 ], [ -103.02507, 50.5881 ], [ -103.02152, 50.58536 ], [ -103.02275, 50.5809 ], [ -103.03334, 50.58439 ], [ -103.03878, 50.5756 ], [ -103.04483, 50.5746 ], [ -103.04372, 50.57084 ], [ -103.04816, 50.57527 ], [ -103.05286, 50.57297 ], [ -103.05624, 50.56326 ], [ -103.05852, 50.5668 ], [ -103.06754, 50.56401 ], [ -103.06636, 50.55415 ], [ -103.08889, 50.54817 ], [ -103.08782, 50.5429 ], [ -103.10633, 50.53966 ], [ -103.11422, 50.53497 ], [ -103.11068, 50.53272 ], [ -103.12396, 50.52981 ], [ -103.12249, 50.52698 ], [ -103.12505, 50.53119 ], [ -103.13697, 50.532 ], [ -103.16315, 50.52429 ], [ -103.17189, 50.52823 ], [ -103.18097, 50.52328 ], [ -103.17943, 50.528 ], [ -103.18593, 50.5289 ], [ -103.18662, 50.52486 ], [ -103.19989, 50.52186 ], [ -103.20704, 50.52419 ], [ -103.20293, 50.52882 ], [ -103.22301, 50.5312 ], [ -103.24961, 50.52713 ], [ -103.24404, 50.53165 ], [ -103.2483, 50.53572 ], [ -103.25531, 50.53235 ], [ -103.25736, 50.53784 ], [ -103.26808, 50.53623 ], [ -103.2678, 50.54 ], [ -103.28057, 50.54421 ], [ -103.29135, 50.53779 ], [ -103.29623, 50.54067 ], [ -103.28954, 50.54138 ], [ -103.29013, 50.54859 ], [ -103.30024, 50.54132 ], [ -103.30322, 50.54431 ], [ -103.29647, 50.54722 ], [ -103.303, 50.54663 ], [ -103.3025, 50.55021 ], [ -103.31169, 50.55304 ], [ -103.32267, 50.54904 ], [ -103.32122, 50.55204 ], [ -103.32965, 50.55373 ], [ -103.32661, 50.55713 ], [ -103.33215, 50.55979 ], [ -103.33999, 50.55336 ], [ -103.33915, 50.55637 ], [ -103.34726, 50.55608 ], [ -103.34199, 50.55714 ], [ -103.34653, 50.56438 ], [ -103.34817, 50.55949 ], [ -103.35252, 50.5563 ], [ -103.34984, 50.56026 ], [ -103.35794, 50.56034 ], [ -103.35289, 50.56439 ], [ -103.37066, 50.56543 ], [ -103.37164, 50.56949 ], [ -103.37749, 50.57062 ], [ -103.37309, 50.56769 ], [ -103.38098, 50.56784 ], [ -103.38112, 50.30943 ], [ -102.96867, 50.30938 ], [ -102.96875, 50.57157 ], [ -102.97584, 50.57157 ], [ -102.97581, 50.59166 ], [ -102.98247, 50.59166 ], [ -102.98241, 50.60128 ], [ -102.98959, 50.59853 ], [ -102.99365, 50.60415 ] ] ] } },
{ "type": "Feature", "id": 224, "properties": { "RMNO": "406", "RMNM": "MAYFIELD", "UPDT_YEAR": "2011" }, "geometry": { "type": "Polygon", "coordinates": [ [ [ -107.44359, 52.66763 ], [ -108.14843, 52.66743 ], [ -108.13214, 52.65607 ], [ -108.11971, 52.63871 ], [ -108.0519, 52.58702 ], [ -107.83974, 52.56331 ], [ -107.80814, 52.53337 ], [ -107.71781, 52.49699 ], [ -107.67755, 52.48781 ], [ -107.64608, 52.46795 ], [ -107.60454, 52.45203 ], [ -107.55356, 52.41812 ], [ -107.48719, 52.38806 ], [ -107.4779, 52.38681 ], [ -107.4932, 52.39613 ], [ -107.44354, 52.37487 ], [ -107.44359, 52.66763 ] ] ] } },
{ "type": "Feature", "id": 225, "properties": { "RMNO": "487", "RMNM": "NIPAWIN", "UPDT_YEAR": "2013" }, "geometry": { "type": "Polygon", "coordinates": [ [ [ -103.77458, 53.36525 ], [ -103.77444, 53.54702 ], [ -103.78324, 53.5267 ], [ -103.80236, 53.51491 ], [ -103.80514, 53.50787 ], [ -103.84194, 53.50946 ], [ -103.85821, 53.49054 ], [ -103.88153, 53.47611 ], [ -103.91374, 53.47793 ], [ -103.94289, 53.4693 ], [ -103.94569, 53.46538 ], [ -103.94121, 53.45037 ], [ -103.97732, 53.43581 ], [ -103.97729, 53.42613 ], [ -103.97109, 53.41808 ], [ -103.97557, 53.40675 ], [ -104.00768, 53.40044 ], [ -104.02268, 53.37981 ], [ -104.04201, 53.371 ], [ -104.04395, 53.3304 ], [ -104.03965, 53.31857 ], [ -104.06797, 53.32268 ], [ -104.07123, 53.31967 ], [ -104.06659, 53.30878 ], [ -104.0925, 53.29561 ], [ -104.09653, 53.29654 ], [ -104.09297, 53.30525 ], [ -104.09718, 53.30991 ], [ -104.12909, 53.31294 ], [ -104.15182, 53.30566 ], [ -104.17706, 53.31006 ], [ -104.187, 53.30067 ], [ -104.1989, 53.29783 ], [ -104.23748, 53.30561 ], [ -104.25785, 53.28848 ], [ -104.30818, 53.28786 ], [ -104.3289, 53.29893 ], [ -104.35495, 53.29541 ], [ -104.40987, 53.28115 ], [ -104.41623, 53.27064 ], [ -104.43781, 53.26603 ], [ -104.43956, 53.25572 ], [ -104.46451, 53.25923 ], [ -104.46787, 53.2538 ], [ -104.46269, 53.24625 ], [ -104.48985, 53.23365 ], [ -104.51632, 53.24805 ], [ -104.53012, 53.25011 ], [ -104.5522, 53.24527 ], [ -104.57138, 53.2341 ], [ -104.6334, 53.2346 ], [ -104.63617, 53.19076 ], [ -103.7584, 53.19087 ], [ -103.75849, 53.36526 ], [ -103.77458, 53.36525 ] ] ] } },
{ "type": "Feature", "id": 226, "properties": { "RMNO": "439", "RMNM": "CUT KNIFE", "UPDT_YEAR": "2013" }, "geometry": { "type": "Polygon", "coordinates": [ [ [ -109.14259, 52.93949 ], [ -109.19756, 52.9328 ], [ -109.19763, 52.66757 ], [ -108.76176, 52.66739 ], [ -108.76237, 52.88302 ], [ -108.76889, 52.88098 ], [ -108.76901, 52.88694 ], [ -108.77188, 52.8826 ], [ -108.77793, 52.88751 ], [ -108.80082, 52.88733 ], [ -108.8102, 52.88018 ], [ -108.81283, 52.88721 ], [ -108.83747, 52.88649 ], [ -108.83917, 52.87799 ], [ -108.84554, 52.87678 ], [ -108.84042, 52.88068 ], [ -108.84756, 52.88353 ], [ -108.84371, 52.88088 ], [ -108.84983, 52.87891 ], [ -108.84829, 52.87371 ], [ -108.85299, 52.87561 ], [ -108.85738, 52.87066 ], [ -108.85975, 52.87574 ], [ -108.87061, 52.8744 ], [ -108.87618, 52.86713 ], [ -108.88508, 52.87029 ], [ -108.88407, 52.87788 ], [ -108.88856, 52.87892 ], [ -108.8968, 52.87036 ], [ -108.89647, 52.87484 ], [ -108.90632, 52.87541 ], [ -108.90706, 52.8707 ], [ -108.91227, 52.86919 ], [ -108.90919, 52.87556 ], [ -108.91715, 52.8821 ], [ -108.9115, 52.88574 ], [ -108.919, 52.88739 ], [ -108.919, 52.88286 ], [ -108.92584, 52.88139 ], [ -108.92492, 52.89013 ], [ -108.91717, 52.89892 ], [ -108.92066, 52.90294 ], [ -108.93619, 52.90041 ], [ -108.93338, 52.9052 ], [ -108.95779, 52.91209 ], [ -108.95793, 52.90598 ], [ -108.97366, 52.90919 ], [ -108.97388, 52.91351 ], [ -108.98216, 52.91141 ], [ -108.98893, 52.91868 ], [ -109.01987, 52.91795 ], [ -109.01374, 52.91936 ], [ -109.04308, 52.92271 ], [ -109.05224, 52.92936 ], [ -109.11491, 52.93105 ], [ -109.11422, 52.93534 ], [ -109.12142, 52.9324 ], [ -109.14259, 52.93949 ] ] ] } },
{ "type": "Feature", "id": 227, "properties": { "RMNO": "460", "RMNM": "BIRCH HILLS", "UPDT_YEAR": "2014" }, "geometry": { "type": "Polygon", "coordinates": [ [ [ -105.41374, 53.17515 ], [ -105.43511, 53.16151 ], [ -105.4284, 53.15282 ], [ -105.44723, 53.14593 ], [ -105.44051, 53.13527 ], [ -105.44949, 53.13496 ], [ -105.4668, 53.12155 ], [ -105.50188, 53.12386 ], [ -105.5122, 53.11869 ], [ -105.50924, 53.0873 ], [ -105.51946, 53.07502 ], [ -105.51058, 53.06403 ], [ -105.51005, 53.04857 ], [ -105.51746, 53.03748 ], [ -105.53115, 53.03245 ], [ -105.54422, 53.00725 ], [ -105.56385, 53.00697 ], [ -105.56738, 53.01788 ], [ -105.5804, 53.01876 ], [ -105.59104, 53.02523 ], [ -105.60918, 53.02199 ], [ -105.61789, 53.03156 ], [ -105.63953, 53.02495 ], [ -105.67034, 53.02663 ], [ -105.70024, 53.01852 ], [ -105.71423, 53.01017 ], [ -105.77135, 52.99328 ], [ -105.77277, 52.96919 ], [ -105.75325, 52.94905 ], [ -105.75255, 52.94111 ], [ -105.79388, 52.93716 ], [ -105.8047, 52.92909 ], [ -105.22018, 52.92906 ], [ -105.22098, 52.9778 ], [ -105.19647, 52.97783 ], [ -105.19652, 53.01631 ], [ -105.22138, 53.01632 ], [ -105.22092, 53.16763 ], [ -105.23064, 53.16588 ], [ -105.22528, 53.15637 ], [ -105.23398, 53.15014 ], [ -105.23842, 53.13875 ], [ -105.26216, 53.13763 ], [ -105.28463, 53.12789 ], [ -105.30206, 53.13458 ], [ -105.3149, 53.15055 ], [ -105.33274, 53.1609 ], [ -105.36526, 53.16558 ], [ -105.37184, 53.17065 ], [ -105.40301, 53.16813 ], [ -105.41374, 53.17515 ] ] ] } },
{ "type": "Feature", "id": 228, "properties": { "RMNO": "438", "RMNM": "BATTLE RIVER", "UPDT_YEAR": "2013" }, "geometry": { "type": "Polygon", "coordinates": [ [ [ -108.64795, 52.97984 ], [ -108.74373, 52.99476 ], [ -108.7619, 53.00399 ], [ -108.76176, 52.66739 ], [ -108.5942, 52.66752 ], [ -108.59441, 52.58023 ], [ -108.30665, 52.58019 ], [ -108.30661, 52.49299 ], [ -108.01905, 52.493 ], [ -108.01888, 52.58272 ], [ -108.03834, 52.58256 ], [ -108.05493, 52.58877 ], [ -108.15936, 52.6748 ], [ -108.18209, 52.67812 ], [ -108.19057, 52.68689 ], [ -108.22423, 52.70162 ], [ -108.2791, 52.74355 ], [ -108.29986, 52.75432 ], [ -108.32608, 52.75872 ], [ -108.33872, 52.77317 ], [ -108.35419, 52.78106 ], [ -108.36228, 52.79216 ], [ -108.36475, 52.80679 ], [ -108.34492, 52.83949 ], [ -108.35859, 52.85497 ], [ -108.407, 52.8759 ], [ -108.44218, 52.89849 ], [ -108.49123, 52.9108 ], [ -108.53859, 52.93778 ], [ -108.59915, 52.9561 ], [ -108.64795, 52.97984 ] ] ] } },
{ "type": "Feature", "id": 229, "properties": { "RMNO": "502", "RMNM": "BRITANNIA", "UPDT_YEAR": "2014" }, "geometry": { "type": "Polygon", "coordinates": [ [ [ -109.89727, 53.56809 ], [ -110.00563, 53.60362 ], [ -110.00566, 53.27784 ], [ -109.51605, 53.27769 ], [ -109.51605, 53.36603 ], [ -109.54487, 53.36589 ], [ -109.54495, 53.41986 ], [ -109.5653, 53.43601 ], [ -109.56483, 53.44464 ], [ -109.54022, 53.47159 ], [ -109.53943, 53.48768 ], [ -109.61825, 53.52378 ], [ -109.6338, 53.5459 ], [ -109.63339, 53.55968 ], [ -109.62637, 53.57487 ], [ -109.63553, 53.5878 ], [ -109.74523, 53.60378 ], [ -109.77514, 53.59663 ], [ -109.78774, 53.58663 ], [ -109.79632, 53.56125 ], [ -109.81896, 53.55315 ], [ -109.89727, 53.56809 ] ] ] } },
{ "type": "Feature", "id": 230, "properties": { "RMNO": "151", "RMNM": "ROCANVILLE", "UPDT_YEAR": "2013" }, "geometry": { "type": "MultiPolygon", "coordinates": [ [ [ [ -101.99081, 50.54867 ], [ -102.00635, 50.54746 ], [ -102.00636, 50.32568 ], [ -101.47704, 50.32876 ], [ -101.47705, 50.48388 ], [ -101.48755, 50.49194 ], [ -101.56723, 50.49034 ], [ -101.57726, 50.49645 ], [ -101.58878, 50.49504 ], [ -101.59442, 50.50573 ], [ -101.60292, 50.50533 ], [ -101.60626, 50.51102 ], [ -101.61313, 50.50861 ], [ -101.60983, 50.51224 ], [ -101.61471, 50.51337 ], [ -101.61052, 50.51577 ], [ -101.62097, 50.51273 ], [ -101.61698, 50.51903 ], [ -101.62049, 50.51951 ], [ -101.62463, 50.51603 ], [ -101.62621, 50.51614 ], [ -101.62381, 50.52154 ], [ -101.62875, 50.52367 ], [ -101.63474, 50.51718 ], [ -101.63629, 50.5206 ], [ -101.65224, 50.51735 ], [ -101.6684, 50.52202 ], [ -101.67916, 50.5172 ], [ -101.68406, 50.52276 ], [ -101.68192, 50.5182 ], [ -101.68708, 50.51534 ], [ -101.72161, 50.5104 ], [ -101.72412, 50.50817 ], [ -101.71892, 50.50487 ], [ -101.73108, 50.50304 ], [ -101.72903, 50.49872 ], [ -101.74381, 50.49383 ], [ -101.74375, 50.48761 ], [ -101.75808, 50.48838 ], [ -101.75399, 50.48483 ], [ -101.76214, 50.48379 ], [ -101.76112, 50.4806 ], [ -101.77199, 50.4749 ], [ -101.79993, 50.48088 ], [ -101.80064, 50.48549 ], [ -101.81314, 50.48863 ], [ -101.8068, 50.49021 ], [ -101.81433, 50.49696 ], [ -101.80801, 50.49832 ], [ -101.80494, 50.5092 ], [ -101.81073, 50.51044 ], [ -101.80953, 50.5054 ], [ -101.81649, 50.50519 ], [ -101.81794, 50.50879 ], [ -101.81212, 50.50899 ], [ -101.81701, 50.51385 ], [ -101.80874, 50.51599 ], [ -101.81507, 50.51616 ], [ -101.81467, 50.52155 ], [ -101.82142, 50.5247 ], [ -101.81814, 50.52695 ], [ -101.82344, 50.52585 ], [ -101.8298, 50.53166 ], [ -101.87423, 50.53569 ], [ -101.88804, 50.52985 ], [ -101.89378, 50.53251 ], [ -101.89191, 50.52851 ], [ -101.89782, 50.5264 ], [ -101.89881, 50.53184 ], [ -101.90516, 50.53086 ], [ -101.90283, 50.52874 ], [ -101.91003, 50.52827 ], [ -101.91447, 50.52198 ], [ -101.90979, 50.52102 ], [ -101.9147, 50.51949 ], [ -101.9213, 50.52567 ], [ -101.93461, 50.51752 ], [ -101.94953, 50.51868 ], [ -101.96789, 50.53793 ], [ -101.97369, 50.53391 ], [ -101.9785, 50.53468 ], [ -101.97465, 50.54137 ], [ -101.98725, 50.53637 ], [ -101.98423, 50.54468 ], [ -101.99081, 50.54867 ] ] ], [ [ [ -101.85132, 50.53555 ], [ -101.84936, 50.5338 ], [ -101.84911, 50.53558 ], [ -101.85132, 50.53555 ] ] ] ] } },
{ "type": "Feature", "id": 231, "properties": { "RMNO": "230", "RMNM": "CLINWORTH", "UPDT_YEAR": "2013" }, "geometry": { "type": "Polygon", "coordinates": [ [ [ -109.10544, 51.02983 ], [ -109.19377, 51.01019 ], [ -109.2298, 51.01509 ], [ -109.25757, 51.0086 ], [ -109.30497, 51.01711 ], [ -109.33541, 51.00839 ], [ -109.35305, 50.99585 ], [ -109.35308, 50.9215 ], [ -109.32891, 50.9215 ], [ -109.32887, 50.57223 ], [ -108.91347, 50.57206 ], [ -108.91351, 50.9216 ], [ -108.93454, 50.9216 ], [ -108.93446, 51.01809 ], [ -108.97499, 51.02664 ], [ -109.03144, 51.0259 ], [ -109.04873, 51.01806 ], [ -109.10544, 51.02983 ] ] ] } },
{ "type": "Feature", "id": 232, "properties": { "RMNO": "260", "RMNM": "NEWCOMBE", "UPDT_YEAR": "2013" }, "geometry": { "type": "Polygon", "coordinates": [ [ [ -109.10845, 51.02967 ], [ -109.04816, 51.01805 ], [ -109.03144, 51.0259 ], [ -108.9728, 51.02662 ], [ -108.93446, 51.01809 ], [ -108.93448, 51.27087 ], [ -108.95775, 51.2709 ], [ -108.95754, 51.3582 ], [ -109.37933, 51.35824 ], [ -109.37937, 51.27087 ], [ -109.35314, 51.27087 ], [ -109.35305, 50.99585 ], [ -109.33541, 51.00839 ], [ -109.30497, 51.01711 ], [ -109.25757, 51.0086 ], [ -109.2298, 51.01509 ], [ -109.19377, 51.01019 ], [ -109.10845, 51.02967 ] ] ] } },
{ "type": "Feature", "id": 233, "properties": { "RMNO": "229", "RMNM": "MIRY CREEK", "UPDT_YEAR": "2013" }, "geometry": { "type": "MultiPolygon", "coordinates": [ [ [ [ -108.85304, 50.9725 ], [ -108.86282, 50.98032 ], [ -108.89805, 50.99122 ], [ -108.93446, 51.0184 ], [ -108.93454, 50.9216 ], [ -108.91351, 50.9216 ], [ -108.91347, 50.57206 ], [ -108.49788, 50.57209 ], [ -108.49776, 50.92148 ], [ -108.55349, 50.94459 ], [ -108.62668, 50.93797 ], [ -108.65537, 50.94054 ], [ -108.73666, 50.96569 ], [ -108.81099, 50.95279 ], [ -108.85304, 50.9725 ] ] ], [ [ [ -108.85294, 50.97299 ], [ -108.8529, 50.9725 ], [ -108.85178, 50.9725 ], [ -108.85294, 50.97299 ] ] ] ] } },
{ "type": "Feature", "id": 234, "properties": { "RMNO": "129", "RMNM": "BRATT'S LAKE", "UPDT_YEAR": "2013" }, "geometry": { "type": "Polygon", "coordinates": [ [ [ -104.48066, 50.22208 ], [ -104.48034, 50.30943 ], [ -104.89319, 50.3094 ], [ -104.89328, 50.22184 ], [ -104.8734, 50.22184 ], [ -104.87313, 50.04695 ], [ -104.46356, 50.047 ], [ -104.4636, 50.22189 ], [ -104.48066, 50.22208 ] ] ] } },
{ "type": "Feature", "id": 235, "properties": { "RMNO": "130", "RMNM": "REDBURN", "UPDT_YEAR": "2013" }, "geometry": { "type": "Polygon", "coordinates": [ [ [ -104.89319, 50.3094 ], [ -105.30561, 50.3094 ], [ -105.30556, 50.22176 ], [ -105.28265, 50.2218 ], [ -105.28255, 50.0469 ], [ -104.87313, 50.04695 ], [ -104.8734, 50.22184 ], [ -104.89328, 50.22184 ], [ -104.89319, 50.3094 ] ] ] } },
{ "type": "Feature", "id": 236, "properties": { "RMNO": "159", "RMNM": "SHERWOOD", "UPDT_YEAR": "2013" }, "geometry": { "type": "Polygon", "coordinates": [ [ [ -104.48034, 50.30943 ], [ -104.48074, 50.57153 ], [ -104.89307, 50.57152 ], [ -104.89319, 50.3094 ], [ -104.48034, 50.30943 ] ] ] } },
{ "type": "Feature", "id": 237, "properties": { "RMNO": "187", "RMNM": "NORTH QU'APPELLE", "UPDT_YEAR": "2014" }, "geometry": { "type": "Polygon", "coordinates": [ [ [ -103.67699, 50.83361 ], [ -104.22402, 50.83369 ], [ -104.22397, 50.71 ], [ -104.1086, 50.70998 ], [ -104.10861, 50.67364 ], [ -103.94695, 50.6737 ], [ -103.94698, 50.65898 ], [ -103.67705, 50.659 ], [ -103.67705, 50.67976 ], [ -103.61233, 50.6799 ], [ -103.62157, 50.69309 ], [ -103.63186, 50.69297 ], [ -103.62924, 50.70641 ], [ -103.63835, 50.71925 ], [ -103.64959, 50.71861 ], [ -103.65361, 50.73566 ], [ -103.677, 50.74748 ], [ -103.67699, 50.83361 ] ] ] } },
{ "type": "Feature", "id": 238, "properties": { "RMNO": "158", "RMNM": "EDENWOLD", "UPDT_YEAR": "2013" }, "geometry": { "type": "Polygon", "coordinates": [ [ [ -104.46405, 50.79285 ], [ -104.50108, 50.8192 ], [ -104.50106, 50.78282 ], [ -104.478, 50.78282 ], [ -104.47799, 50.74621 ], [ -104.50107, 50.74629 ], [ -104.50141, 50.57157 ], [ -104.48074, 50.57153 ], [ -104.48034, 50.30943 ], [ -104.20562, 50.30943 ], [ -104.20567, 50.57148 ], [ -104.22394, 50.57146 ], [ -104.22396, 50.79255 ], [ -104.30848, 50.78456 ], [ -104.32897, 50.77566 ], [ -104.33122, 50.77852 ], [ -104.32596, 50.78231 ], [ -104.34646, 50.78505 ], [ -104.36257, 50.77971 ], [ -104.46405, 50.79285 ] ] ] } },
{ "type": "Feature", "id": 239, "properties": { "RMNO": "218", "RMNM": "CUPAR", "UPDT_YEAR": "2013" }, "geometry": { "type": "Polygon", "coordinates": [ [ [ -104.08544, 50.83368 ], [ -104.08537, 50.9211 ], [ -104.10091, 50.9211 ], [ -104.10076, 51.09569 ], [ -104.51944, 51.0956 ], [ -104.51953, 50.92118 ], [ -104.50108, 50.92098 ], [ -104.50108, 50.8192 ], [ -104.47975, 50.80012 ], [ -104.44811, 50.78942 ], [ -104.40687, 50.78819 ], [ -104.36257, 50.77971 ], [ -104.34646, 50.78505 ], [ -104.3273, 50.78257 ], [ -104.33137, 50.77785 ], [ -104.3271, 50.77566 ], [ -104.30848, 50.78456 ], [ -104.22396, 50.79255 ], [ -104.22402, 50.83369 ], [ -104.08544, 50.83368 ] ] ] } },
{ "type": "Feature", "id": 240, "properties": { "RMNO": "400", "RMNM": "THREE LAKES", "UPDT_YEAR": "2014" }, "geometry": { "type": "Polygon", "coordinates": [ [ [ -105.28092, 52.67475 ], [ -105.37765, 52.67475 ], [ -105.37764, 52.66734 ], [ -105.45897, 52.66743 ], [ -105.45913, 52.40539 ], [ -105.00425, 52.40558 ], [ -105.00424, 52.44942 ], [ -104.95672, 52.44931 ], [ -104.95681, 52.49275 ], [ -104.98052, 52.49274 ], [ -104.9806, 52.53659 ], [ -105.00434, 52.53659 ], [ -105.00438, 52.55109 ], [ -105.02826, 52.55106 ], [ -105.02822, 52.66739 ], [ -105.27941, 52.6673 ], [ -105.28092, 52.67475 ] ] ] } },
{ "type": "Feature", "id": 241, "properties": { "RMNO": "241", "RMNM": "CALDER", "UPDT_YEAR": "2013" }, "geometry": { "type": "Polygon", "coordinates": [ [ [ -101.64655, 51.30554 ], [ -101.69826, 51.32757 ], [ -101.70074, 51.32498 ], [ -101.71453, 51.33733 ], [ -101.71591, 51.33422 ], [ -101.71494, 51.33864 ], [ -101.7242, 51.34581 ], [ -101.72399, 51.36769 ], [ -101.7341, 51.368 ], [ -101.73282, 51.37529 ], [ -101.7258, 51.37528 ], [ -101.73287, 51.37556 ], [ -101.73516, 51.38275 ], [ -101.7284, 51.38276 ], [ -101.73184, 51.38986 ], [ -102.00644, 51.38684 ], [ -102.00641, 51.12168 ], [ -101.53904, 51.12494 ], [ -101.53906, 51.27745 ], [ -101.55956, 51.28923 ], [ -101.64198, 51.30898 ], [ -101.64166, 51.30541 ], [ -101.64655, 51.30554 ] ] ] } },
{ "type": "Feature", "id": 242, "properties": { "RMNO": "251", "RMNM": "BIG ARM", "UPDT_YEAR": "2013" }, "geometry": { "type": "Polygon", "coordinates": [ [ [ -105.21951, 51.35792 ], [ -105.66323, 51.35803 ], [ -105.66317, 51.27035 ], [ -105.63595, 51.27034 ], [ -105.63606, 51.09561 ], [ -105.23924, 51.09586 ], [ -105.24266, 51.10632 ], [ -105.2468, 51.10241 ], [ -105.25624, 51.15491 ], [ -105.25201, 51.18024 ], [ -105.24456, 51.17993 ], [ -105.24365, 51.19057 ], [ -105.23736, 51.19459 ], [ -105.24313, 51.19821 ], [ -105.23767, 51.20299 ], [ -105.24193, 51.20428 ], [ -105.24462, 51.20173 ], [ -105.24361, 51.1995 ], [ -105.24439, 51.19915 ], [ -105.24419, 51.19619 ], [ -105.24588, 51.19218 ], [ -105.24453, 51.23312 ], [ -105.23786, 51.2481 ], [ -105.24514, 51.25855 ], [ -105.24433, 51.2617 ], [ -105.24056, 51.26684 ], [ -105.24333, 51.26197 ], [ -105.2384, 51.26522 ], [ -105.24065, 51.26301 ], [ -105.24024, 51.26085 ], [ -105.2249, 51.26557 ], [ -105.22826, 51.26809 ], [ -105.22348, 51.27352 ], [ -105.22496, 51.28171 ], [ -105.2291, 51.28175 ], [ -105.23336, 51.27195 ], [ -105.2311, 51.26677 ], [ -105.23912, 51.26628 ], [ -105.23988, 51.27059 ], [ -105.23405, 51.29328 ], [ -105.22773, 51.29299 ], [ -105.22771, 51.30749 ], [ -105.22949, 51.29964 ], [ -105.2341, 51.29961 ], [ -105.23109, 51.29568 ], [ -105.2411, 51.29395 ], [ -105.24139, 51.28934 ], [ -105.24733, 51.28724 ], [ -105.23772, 51.31307 ], [ -105.23448, 51.31231 ], [ -105.22949, 51.32446 ], [ -105.2222, 51.32249 ], [ -105.22221, 51.33894 ], [ -105.2138, 51.34348 ], [ -105.21251, 51.34885 ], [ -105.22847, 51.33995 ], [ -105.23214, 51.32998 ], [ -105.24232, 51.3242 ], [ -105.21951, 51.35792 ] ] ] } },
{ "type": "Feature", "id": 243, "properties": { "RMNO": "250", "RMNM": "LAST MOUNTAIN VALLEY", "UPDT_YEAR": "2013" }, "geometry": { "type": "Polygon", "coordinates": [ [ [ -104.8195, 51.35795 ], [ -105.21951, 51.35792 ], [ -105.24234, 51.3243 ], [ -105.23214, 51.32998 ], [ -105.22847, 51.33995 ], [ -105.21247, 51.34882 ], [ -105.22221, 51.33894 ], [ -105.22204, 51.32272 ], [ -105.22949, 51.32446 ], [ -105.23448, 51.31231 ], [ -105.23772, 51.31307 ], [ -105.24733, 51.28724 ], [ -105.2411, 51.29395 ], [ -105.23109, 51.29568 ], [ -105.2341, 51.29961 ], [ -105.22949, 51.29964 ], [ -105.22771, 51.30749 ], [ -105.22773, 51.29299 ], [ -105.23405, 51.29328 ], [ -105.23988, 51.27059 ], [ -105.23912, 51.26628 ], [ -105.2311, 51.26677 ], [ -105.23336, 51.27195 ], [ -105.2291, 51.28175 ], [ -105.22496, 51.28171 ], [ -105.22348, 51.27352 ], [ -105.22826, 51.26809 ], [ -105.2249, 51.26557 ], [ -105.24024, 51.26085 ], [ -105.2384, 51.26522 ], [ -105.24333, 51.26197 ], [ -105.24056, 51.26684 ], [ -105.24433, 51.2617 ], [ -105.24514, 51.25855 ], [ -105.23786, 51.2481 ], [ -105.24453, 51.23312 ], [ -105.24588, 51.19218 ], [ -105.24193, 51.20428 ], [ -105.23767, 51.20299 ], [ -105.24313, 51.19821 ], [ -105.23736, 51.19459 ], [ -105.24365, 51.19057 ], [ -105.24456, 51.17993 ], [ -105.25201, 51.18024 ], [ -105.25624, 51.15491 ], [ -105.2468, 51.10241 ], [ -105.24266, 51.10632 ], [ -105.2396, 51.09559 ], [ -104.79861, 51.09559 ], [ -104.79853, 51.27046 ], [ -104.81957, 51.27047 ], [ -104.8195, 51.35795 ] ] ] } },
{ "type": "Feature", "id": 244, "properties": { "RMNO": "588", "RMNM": "MEADOW LAKE", "UPDT_YEAR": "2013" }, "geometry": { "type": "Polygon", "coordinates": [ [ [ -107.97039, 54.41272 ], [ -107.97041, 54.58729 ], [ -108.65091, 54.58737 ], [ -108.651, 54.51473 ], [ -108.8022, 54.51474 ], [ -108.80221, 54.48565 ], [ -108.87778, 54.48563 ], [ -108.87801, 54.41272 ], [ -108.85302, 54.41271 ], [ -108.85303, 54.27191 ], [ -108.85844, 54.26733 ], [ -108.86045, 54.27183 ], [ -108.86466, 54.26755 ], [ -108.86972, 54.2713 ], [ -108.87974, 54.26762 ], [ -108.89938, 54.27286 ], [ -108.91097, 54.27086 ], [ -108.90818, 54.27378 ], [ -108.91995, 54.273 ], [ -108.92231, 54.27841 ], [ -108.92797, 54.27543 ], [ -108.95293, 54.2832 ], [ -108.95941, 54.27981 ], [ -108.95868, 54.28675 ], [ -108.97444, 54.29001 ], [ -108.971, 54.29482 ], [ -108.99714, 54.29956 ], [ -109.01068, 54.29628 ], [ -109.03407, 54.28114 ], [ -109.02624, 54.2823 ], [ -109.03075, 54.2759 ], [ -109.05292, 54.27378 ], [ -109.05287, 54.1508 ], [ -108.90287, 54.15068 ], [ -108.90288, 54.07691 ], [ -108.88144, 54.07921 ], [ -108.87847, 54.08762 ], [ -108.86213, 54.09556 ], [ -108.86474, 54.1046 ], [ -108.85291, 54.1099 ], [ -108.85292, 54.0638 ], [ -108.68323, 54.06386 ], [ -108.68305, 53.7151 ], [ -108.51235, 53.71508 ], [ -108.51241, 53.62781 ], [ -107.92293, 53.62787 ], [ -107.9231, 53.71509 ], [ -107.94004, 53.7151 ], [ -107.93991, 53.80213 ], [ -107.79119, 53.80231 ], [ -107.79135, 53.97687 ], [ -107.34537, 53.9769 ], [ -107.34537, 54.06387 ], [ -107.35341, 54.06388 ], [ -107.35342, 54.15085 ], [ -107.95332, 54.15081 ], [ -107.95326, 54.41271 ], [ -107.97039, 54.41272 ] ] ] } },
{ "type": "Feature", "id": 245, "properties": { "RMNO": "561", "RMNM": "LOON LAKE", "UPDT_YEAR": "2013" }, "geometry": { "type": "Polygon", "coordinates": [ [ [ -109.53429, 54.31083 ], [ -109.60265, 54.31437 ], [ -109.60336, 54.06388 ], [ -110.00569, 54.064 ], [ -110.00563, 53.80228 ], [ -108.68306, 53.80235 ], [ -108.68323, 54.06386 ], [ -108.85292, 54.0638 ], [ -108.85291, 54.1099 ], [ -108.86474, 54.1046 ], [ -108.86213, 54.09556 ], [ -108.87847, 54.08762 ], [ -108.88144, 54.07921 ], [ -108.90288, 54.07691 ], [ -108.90287, 54.15068 ], [ -109.05287, 54.1508 ], [ -109.05329, 54.27454 ], [ -109.08476, 54.27875 ], [ -109.10906, 54.27006 ], [ -109.14783, 54.27781 ], [ -109.19025, 54.27578 ], [ -109.21634, 54.26427 ], [ -109.21752, 54.25895 ], [ -109.22621, 54.25821 ], [ -109.2333, 54.25022 ], [ -109.22835, 54.24909 ], [ -109.23931, 54.24375 ], [ -109.23858, 54.23784 ], [ -109.24423, 54.23812 ], [ -109.24486, 54.23311 ], [ -109.2526, 54.22949 ], [ -109.28382, 54.23202 ], [ -109.28053, 54.23458 ], [ -109.28695, 54.23564 ], [ -109.28756, 54.24254 ], [ -109.29322, 54.24162 ], [ -109.29711, 54.24446 ], [ -109.29031, 54.24414 ], [ -109.29206, 54.24814 ], [ -109.32936, 54.25888 ], [ -109.37287, 54.25395 ], [ -109.37898, 54.24818 ], [ -109.37606, 54.2395 ], [ -109.39422, 54.23292 ], [ -109.3958, 54.23669 ], [ -109.40529, 54.23601 ], [ -109.41837, 54.24944 ], [ -109.43117, 54.25283 ], [ -109.43333, 54.25959 ], [ -109.41773, 54.27603 ], [ -109.42139, 54.28296 ], [ -109.47449, 54.28954 ], [ -109.49638, 54.30138 ], [ -109.49455, 54.30707 ], [ -109.50855, 54.316 ], [ -109.53429, 54.31083 ] ] ] } },
{ "type": "Feature", "id": 246, "properties": { "RMNO": "221", "RMNM": "SARNIA", "UPDT_YEAR": "2013" }, "geometry": { "type": "Polygon", "coordinates": [ [ [ -105.23962, 51.09564 ], [ -105.63606, 51.09561 ], [ -105.63615, 50.92095 ], [ -105.60972, 50.92093 ], [ -105.60955, 50.83362 ], [ -105.06025, 50.83366 ], [ -105.09467, 50.87744 ], [ -105.09501, 50.88507 ], [ -105.10033, 50.88565 ], [ -105.10231, 50.89965 ], [ -105.15141, 50.94823 ], [ -105.1632, 50.97252 ], [ -105.17892, 50.98953 ], [ -105.1731, 50.98964 ], [ -105.17076, 50.99092 ], [ -105.185, 50.99256 ], [ -105.20257, 51.01795 ], [ -105.19905, 51.0204 ], [ -105.20448, 51.01913 ], [ -105.21156, 51.04374 ], [ -105.21729, 51.04815 ], [ -105.21161, 51.05244 ], [ -105.22467, 51.0602 ], [ -105.22702, 51.07727 ], [ -105.22483, 51.07808 ], [ -105.22134, 51.08009 ], [ -105.22877, 51.07922 ], [ -105.22857, 51.0756 ], [ -105.23011, 51.07421 ], [ -105.23962, 51.09564 ] ] ] } },
{ "type": "Feature", "id": 247, "properties": { "RMNO": "490", "RMNM": "GARDEN RIVER", "UPDT_YEAR": "2013" }, "geometry": { "type": "Polygon", "coordinates": [ [ [ -105.10128, 53.45259 ], [ -105.54352, 53.45261 ], [ -105.54357, 53.36497 ], [ -105.513, 53.3649 ], [ -105.51247, 53.24374 ], [ -105.50002, 53.24898 ], [ -105.435, 53.24615 ], [ -105.41042, 53.23069 ], [ -105.37237, 53.23269 ], [ -105.36011, 53.24065 ], [ -105.34301, 53.23737 ], [ -105.30993, 53.25054 ], [ -105.29378, 53.24662 ], [ -105.29078, 53.24918 ], [ -105.29596, 53.25786 ], [ -105.29119, 53.26114 ], [ -105.26801, 53.25467 ], [ -105.25716, 53.26253 ], [ -105.24035, 53.26182 ], [ -105.22975, 53.26774 ], [ -105.20311, 53.25915 ], [ -105.19083, 53.2653 ], [ -105.18158, 53.25765 ], [ -105.16645, 53.26122 ], [ -105.16299, 53.25747 ], [ -105.16617, 53.24722 ], [ -105.14538, 53.25821 ], [ -105.13626, 53.2542 ], [ -105.13523, 53.24472 ], [ -105.12203, 53.2464 ], [ -105.11524, 53.24141 ], [ -105.1006, 53.25319 ], [ -105.09271, 53.24957 ], [ -105.08827, 53.23728 ], [ -105.07446, 53.24651 ], [ -105.07439, 53.3652 ], [ -105.10137, 53.36522 ], [ -105.10128, 53.45259 ] ] ] } },
{ "type": "Feature", "id": 248, "properties": { "RMNO": "333", "RMNM": "CLAYTON", "UPDT_YEAR": "2014" }, "geometry": { "type": "Polygon", "coordinates": [ [ [ -102.00665, 51.88183 ], [ -102.00682, 52.31827 ], [ -102.43476, 52.31804 ], [ -102.43205, 51.88197 ], [ -102.00665, 51.88183 ] ] ] } },
{ "type": "Feature", "id": 249, "properties": { "RMNO": "152", "RMNM": "SPY HILL", "UPDT_YEAR": "2013" }, "geometry": { "type": "Polygon", "coordinates": [ [ [ -101.50874, 50.59454 ], [ -101.50881, 50.68298 ], [ -102.00635, 50.67886 ], [ -102.00617, 50.54661 ], [ -101.98565, 50.54782 ], [ -101.98725, 50.53637 ], [ -101.97465, 50.54137 ], [ -101.9785, 50.53468 ], [ -101.96789, 50.53793 ], [ -101.94953, 50.51868 ], [ -101.93461, 50.51752 ], [ -101.9213, 50.52567 ], [ -101.9147, 50.51949 ], [ -101.90979, 50.52102 ], [ -101.91447, 50.52198 ], [ -101.91003, 50.52827 ], [ -101.90283, 50.52874 ], [ -101.90516, 50.53086 ], [ -101.89881, 50.53184 ], [ -101.89782, 50.5264 ], [ -101.89191, 50.52851 ], [ -101.89378, 50.53251 ], [ -101.88804, 50.52985 ], [ -101.87423, 50.53569 ], [ -101.8298, 50.53166 ], [ -101.82344, 50.52585 ], [ -101.81814, 50.52695 ], [ -101.82142, 50.5247 ], [ -101.81467, 50.52155 ], [ -101.81507, 50.51616 ], [ -101.80874, 50.51599 ], [ -101.81701, 50.51385 ], [ -101.81212, 50.50899 ], [ -101.81794, 50.50879 ], [ -101.81649, 50.50519 ], [ -101.80953, 50.5054 ], [ -101.81073, 50.51044 ], [ -101.80494, 50.5092 ], [ -101.80801, 50.49832 ], [ -101.81433, 50.49696 ], [ -101.8068, 50.49021 ], [ -101.81316, 50.48866 ], [ -101.78676, 50.47712 ], [ -101.77113, 50.47499 ], [ -101.76214, 50.48379 ], [ -101.75399, 50.48483 ], [ -101.75808, 50.48838 ], [ -101.74375, 50.48761 ], [ -101.74381, 50.49383 ], [ -101.72903, 50.49872 ], [ -101.73108, 50.50304 ], [ -101.71892, 50.50487 ], [ -101.72412, 50.50817 ], [ -101.72161, 50.5104 ], [ -101.68708, 50.51534 ], [ -101.68192, 50.5182 ], [ -101.68406, 50.52276 ], [ -101.67916, 50.5172 ], [ -101.6684, 50.52202 ], [ -101.65224, 50.51735 ], [ -101.63629, 50.5206 ], [ -101.63474, 50.51718 ], [ -101.62875, 50.52367 ], [ -101.62381, 50.52154 ], [ -101.62621, 50.51614 ], [ -101.61698, 50.51903 ], [ -101.62097, 50.51273 ], [ -101.61052, 50.51577 ], [ -101.61471, 50.51337 ], [ -101.60983, 50.51224 ], [ -101.61313, 50.50861 ], [ -101.60626, 50.51102 ], [ -101.60292, 50.50533 ], [ -101.59442, 50.50573 ], [ -101.58878, 50.49504 ], [ -101.55088, 50.48976 ], [ -101.49881, 50.49329 ], [ -101.48755, 50.49194 ], [ -101.47705, 50.48388 ], [ -101.47701, 50.5944 ], [ -101.50874, 50.59454 ] ], [ [ -101.84936, 50.5338 ], [ -101.85132, 50.53555 ], [ -101.84911, 50.53558 ], [ -101.84936, 50.5338 ] ] ] } },
{ "type": "Feature", "id": 250, "properties": { "RMNO": "154", "RMNM": "ELCAPO", "UPDT_YEAR": "2014" }, "geometry": { "type": "Polygon", "coordinates": [ [ [ -102.80784, 50.6392 ], [ -102.81159, 50.64365 ], [ -102.81498, 50.63925 ], [ -102.81507, 50.6428 ], [ -102.82754, 50.64367 ], [ -102.82422, 50.63826 ], [ -102.82821, 50.63628 ], [ -102.83031, 50.6424 ], [ -102.84507, 50.6382 ], [ -102.84462, 50.64252 ], [ -102.84962, 50.64286 ], [ -102.87729, 50.63618 ], [ -102.87759, 50.64226 ], [ -102.88395, 50.63671 ], [ -102.8942, 50.64228 ], [ -102.90174, 50.63662 ], [ -102.89869, 50.64226 ], [ -102.90632, 50.64531 ], [ -102.90195, 50.64203 ], [ -102.90634, 50.63586 ], [ -102.90745, 50.64073 ], [ -102.91816, 50.64107 ], [ -102.91732, 50.63357 ], [ -102.93434, 50.63467 ], [ -102.92786, 50.63124 ], [ -102.94067, 50.6311 ], [ -102.94823, 50.62487 ], [ -102.94313, 50.62353 ], [ -102.94898, 50.62302 ], [ -102.94854, 50.61699 ], [ -102.95596, 50.6153 ], [ -102.96012, 50.61945 ], [ -102.96193, 50.61365 ], [ -102.97461, 50.61408 ], [ -102.97933, 50.61143 ], [ -102.97655, 50.60804 ], [ -102.98305, 50.60879 ], [ -102.97625, 50.60643 ], [ -102.98242, 50.60019 ], [ -102.98247, 50.59166 ], [ -102.97581, 50.59166 ], [ -102.97584, 50.57157 ], [ -102.96875, 50.57157 ], [ -102.96867, 50.30938 ], [ -102.41886, 50.30921 ], [ -102.41884, 50.54798 ], [ -102.42979, 50.54355 ], [ -102.43385, 50.53486 ], [ -102.44628, 50.53312 ], [ -102.45141, 50.53786 ], [ -102.46464, 50.53109 ], [ -102.47268, 50.53651 ], [ -102.47596, 50.53013 ], [ -102.49083, 50.53506 ], [ -102.50911, 50.5317 ], [ -102.50769, 50.53538 ], [ -102.51587, 50.53497 ], [ -102.52837, 50.54386 ], [ -102.53186, 50.53772 ], [ -102.53899, 50.53588 ], [ -102.53733, 50.54229 ], [ -102.54414, 50.54297 ], [ -102.53743, 50.5436 ], [ -102.53452, 50.55069 ], [ -102.54901, 50.55021 ], [ -102.55155, 50.55614 ], [ -102.56021, 50.55021 ], [ -102.55729, 50.55778 ], [ -102.55999, 50.55487 ], [ -102.57619, 50.56123 ], [ -102.58336, 50.55516 ], [ -102.58437, 50.56014 ], [ -102.58026, 50.56118 ], [ -102.58421, 50.56373 ], [ -102.59242, 50.56016 ], [ -102.61054, 50.56871 ], [ -102.61507, 50.56299 ], [ -102.62072, 50.57254 ], [ -102.63037, 50.56969 ], [ -102.62912, 50.57701 ], [ -102.63323, 50.57487 ], [ -102.64035, 50.58214 ], [ -102.64188, 50.57859 ], [ -102.65461, 50.59057 ], [ -102.66463, 50.58741 ], [ -102.66034, 50.59453 ], [ -102.6629, 50.59924 ], [ -102.68843, 50.6146 ], [ -102.72192, 50.61624 ], [ -102.76853, 50.60195 ], [ -102.77926, 50.62165 ], [ -102.78663, 50.61927 ], [ -102.78522, 50.62807 ], [ -102.7917, 50.62361 ], [ -102.78712, 50.61923 ], [ -102.79461, 50.61495 ], [ -102.79338, 50.60985 ], [ -102.79699, 50.61577 ], [ -102.79169, 50.61946 ], [ -102.80011, 50.61844 ], [ -102.79002, 50.62773 ], [ -102.7995, 50.63061 ], [ -102.79641, 50.63747 ], [ -102.80143, 50.64034 ], [ -102.80581, 50.63237 ], [ -102.81402, 50.63452 ], [ -102.80784, 50.6392 ] ] ] } },
{ "type": "Feature", "id": 251, "properties": { "RMNO": "184", "RMNM": "GRAYSON", "UPDT_YEAR": "2014" }, "geometry": { "type": "Polygon", "coordinates": [ [ [ -102.42464, 50.85466 ], [ -102.84276, 50.8569 ], [ -102.84279, 50.63825 ], [ -102.83154, 50.6427 ], [ -102.82578, 50.63634 ], [ -102.82791, 50.64351 ], [ -102.81507, 50.6428 ], [ -102.81498, 50.63925 ], [ -102.81159, 50.64365 ], [ -102.80746, 50.63618 ], [ -102.81441, 50.63538 ], [ -102.80879, 50.63197 ], [ -102.80441, 50.6334 ], [ -102.80356, 50.64065 ], [ -102.79786, 50.63889 ], [ -102.7995, 50.63061 ], [ -102.78991, 50.62716 ], [ -102.80011, 50.61844 ], [ -102.79169, 50.61946 ], [ -102.79697, 50.61586 ], [ -102.79475, 50.61092 ], [ -102.79056, 50.6098 ], [ -102.79491, 50.61418 ], [ -102.78712, 50.61923 ], [ -102.7917, 50.62361 ], [ -102.78419, 50.6279 ], [ -102.78663, 50.61927 ], [ -102.77926, 50.62165 ], [ -102.76853, 50.60195 ], [ -102.71736, 50.61693 ], [ -102.68631, 50.61393 ], [ -102.66196, 50.5981 ], [ -102.66489, 50.58759 ], [ -102.65461, 50.59057 ], [ -102.64188, 50.57859 ], [ -102.64035, 50.58214 ], [ -102.63323, 50.57487 ], [ -102.62912, 50.57701 ], [ -102.63037, 50.56969 ], [ -102.62072, 50.57254 ], [ -102.61507, 50.56299 ], [ -102.61054, 50.56871 ], [ -102.59242, 50.56016 ], [ -102.58421, 50.56373 ], [ -102.58026, 50.56118 ], [ -102.58437, 50.56014 ], [ -102.58336, 50.55516 ], [ -102.57619, 50.56123 ], [ -102.55999, 50.55487 ], [ -102.55729, 50.55778 ], [ -102.56021, 50.55021 ], [ -102.55155, 50.55614 ], [ -102.54901, 50.55021 ], [ -102.53452, 50.55069 ], [ -102.53743, 50.5436 ], [ -102.54414, 50.54297 ], [ -102.53733, 50.54229 ], [ -102.53899, 50.53588 ], [ -102.52837, 50.54386 ], [ -102.51587, 50.53497 ], [ -102.50783, 50.53547 ], [ -102.50872, 50.53164 ], [ -102.49083, 50.53506 ], [ -102.47596, 50.53013 ], [ -102.47268, 50.53651 ], [ -102.46464, 50.53109 ], [ -102.45089, 50.5379 ], [ -102.44628, 50.53312 ], [ -102.4334, 50.53508 ], [ -102.42979, 50.54355 ], [ -102.41884, 50.54798 ], [ -102.41878, 50.57135 ], [ -102.42464, 50.59164 ], [ -102.42464, 50.85466 ] ] ] } },
{ "type": "Feature", "id": 252, "properties": { "RMNO": "012", "RMNM": "POPLAR VALLEY", "UPDT_YEAR": "2014" }, "geometry": { "type": "Polygon", "coordinates": [ [ [ -105.63799, 49.26072 ], [ -105.81331, 49.26064 ], [ -105.81123, 49.26656 ], [ -105.80736, 49.26511 ], [ -105.81093, 49.27156 ], [ -105.79423, 49.28852 ], [ -105.7961, 49.28931 ], [ -105.80879, 49.27899 ], [ -105.82316, 49.27745 ], [ -105.82549, 49.26831 ], [ -105.85223, 49.23901 ], [ -105.85312, 49.23255 ], [ -105.8658, 49.23684 ], [ -105.86295, 49.23914 ], [ -105.86854, 49.24271 ], [ -105.86867, 49.25209 ], [ -105.87488, 49.24341 ], [ -105.87128, 49.23225 ], [ -105.89058, 49.22058 ], [ -105.88965, 49.23234 ], [ -105.89737, 49.23552 ], [ -105.89769, 49.24562 ], [ -105.92309, 49.25511 ], [ -105.92743, 49.26084 ], [ -106.00536, 49.26161 ], [ -106.00545, 48.99956 ], [ -105.61216, 48.99973 ], [ -105.61229, 49.17338 ], [ -105.63799, 49.17338 ], [ -105.63799, 49.26072 ] ] ] } },
{ "type": "Feature", "id": 253, "properties": { "RMNO": "096", "RMNM": "FILLMORE", "UPDT_YEAR": "2014" }, "geometry": { "type": "Polygon", "coordinates": [ [ [ -103.63264, 49.78467 ], [ -103.22585, 49.78457 ], [ -103.22589, 49.87205 ], [ -103.23479, 49.87203 ], [ -103.23487, 50.04717 ], [ -103.64438, 50.04715 ], [ -103.64437, 49.87208 ], [ -103.6327, 49.87207 ], [ -103.63264, 49.78467 ] ] ] } },
{ "type": "Feature", "id": 254, "properties": { "RMNO": "092", "RMNM": "WALPOLE", "UPDT_YEAR": "2014" }, "geometry": { "type": "Polygon", "coordinates": [ [ [ -101.72252, 49.88678 ], [ -101.72261, 50.06359 ], [ -102.00638, 50.06005 ], [ -102.0065, 49.70555 ], [ -101.69094, 49.70965 ], [ -101.69081, 49.88627 ], [ -101.72252, 49.88678 ] ] ] } },
{ "type": "Feature", "id": 255, "properties": { "RMNO": "091", "RMNM": "MARYFIELD", "UPDT_YEAR": "2014" }, "geometry": { "type": "Polygon", "coordinates": [ [ [ -101.69094, 49.70965 ], [ -101.4178, 49.70963 ], [ -101.41755, 49.88668 ], [ -101.44721, 49.88667 ], [ -101.44731, 50.06359 ], [ -101.72261, 50.06359 ], [ -101.72252, 49.88655 ], [ -101.69081, 49.88627 ], [ -101.69094, 49.70965 ] ] ] } },
{ "type": "Feature", "id": 256, "properties": { "RMNO": "139", "RMNM": "GULL LAKE", "UPDT_YEAR": "2014" }, "geometry": { "type": "Polygon", "coordinates": [ [ [ -108.47984, 50.30998 ], [ -108.89215, 50.30997 ], [ -108.89215, 50.22263 ], [ -108.87187, 50.22262 ], [ -108.87178, 50.04778 ], [ -108.46217, 50.0477 ], [ -108.46206, 50.22252 ], [ -108.47993, 50.22257 ], [ -108.47984, 50.30998 ] ] ] } },
{ "type": "Feature", "id": 257, "properties": { "RMNO": "137", "RMNM": "SWIFT CURRENT", "UPDT_YEAR": "2014" }, "geometry": { "type": "Polygon", "coordinates": [ [ [ -107.6547, 50.39724 ], [ -108.0672, 50.39728 ], [ -108.06717, 50.22247 ], [ -108.0526, 50.22244 ], [ -108.05263, 50.04771 ], [ -107.6431, 50.04773 ], [ -107.64303, 50.22254 ], [ -107.65463, 50.22254 ], [ -107.6547, 50.39724 ] ] ] } },
{ "type": "Feature", "id": 258, "properties": { "RMNO": "136", "RMNM": "COULEE", "UPDT_YEAR": "2014" }, "geometry": { "type": "Polygon", "coordinates": [ [ [ -107.24234, 50.30983 ], [ -107.65463, 50.3099 ], [ -107.65463, 50.22254 ], [ -107.64303, 50.22254 ], [ -107.6431, 50.04773 ], [ -107.23358, 50.04773 ], [ -107.23352, 50.22243 ], [ -107.24234, 50.22244 ], [ -107.24234, 50.30983 ] ] ] } },
{ "type": "Feature", "id": 259, "properties": { "RMNO": "168", "RMNM": "RIVERSIDE", "UPDT_YEAR": "2014" }, "geometry": { "type": "Polygon", "coordinates": [ [ [ -108.22822, 50.6629 ], [ -108.31677, 50.69826 ], [ -108.32903, 50.71147 ], [ -108.33175, 50.72793 ], [ -108.36343, 50.75724 ], [ -108.36633, 50.76714 ], [ -108.37078, 50.76524 ], [ -108.38423, 50.77611 ], [ -108.42411, 50.79093 ], [ -108.44046, 50.80276 ], [ -108.44234, 50.81966 ], [ -108.43068, 50.83411 ], [ -108.44807, 50.83494 ], [ -108.44228, 50.86814 ], [ -108.49776, 50.92051 ], [ -108.49798, 50.57225 ], [ -108.47964, 50.57208 ], [ -108.47984, 50.30998 ], [ -108.06729, 50.30988 ], [ -108.06711, 50.5721 ], [ -108.08236, 50.5721 ], [ -108.0824, 50.68103 ], [ -108.12663, 50.67438 ], [ -108.16994, 50.67554 ], [ -108.22822, 50.6629 ] ] ] } },
{ "type": "Feature", "id": 260, "properties": { "RMNO": "219", "RMNM": "LONGLAKETON", "UPDT_YEAR": "2014" }, "geometry": { "type": "Polygon", "coordinates": [ [ [ -104.51988, 51.18189 ], [ -104.65911, 51.1829 ], [ -104.65903, 51.13939 ], [ -104.79859, 51.13938 ], [ -104.79862, 50.921 ], [ -104.91702, 50.92095 ], [ -104.91679, 50.78798 ], [ -104.87999, 50.76824 ], [ -104.86382, 50.73321 ], [ -104.84288, 50.71948 ], [ -104.84286, 50.70634 ], [ -104.82941, 50.70245 ], [ -104.81669, 50.70881 ], [ -104.81417, 50.70119 ], [ -104.79741, 50.70651 ], [ -104.79525, 50.70402 ], [ -104.80101, 50.70201 ], [ -104.79404, 50.7042 ], [ -104.79141, 50.69916 ], [ -104.79043, 50.70651 ], [ -104.78426, 50.70569 ], [ -104.78521, 50.70212 ], [ -104.77821, 50.70732 ], [ -104.7708, 50.7056 ], [ -104.76869, 50.70966 ], [ -104.77393, 50.71215 ], [ -104.77034, 50.71413 ], [ -104.75741, 50.7105 ], [ -104.75117, 50.71615 ], [ -104.74664, 50.7153 ], [ -104.74777, 50.711 ], [ -104.74315, 50.71505 ], [ -104.74687, 50.72219 ], [ -104.7262, 50.72348 ], [ -104.72855, 50.72735 ], [ -104.72349, 50.73121 ], [ -104.70386, 50.73271 ], [ -104.69886, 50.73842 ], [ -104.70219, 50.74178 ], [ -104.69251, 50.74065 ], [ -104.69819, 50.74663 ], [ -104.68751, 50.7501 ], [ -104.68748, 50.75683 ], [ -104.67902, 50.75841 ], [ -104.68443, 50.76393 ], [ -104.67589, 50.76049 ], [ -104.67816, 50.7635 ], [ -104.67231, 50.76515 ], [ -104.6757, 50.76667 ], [ -104.66148, 50.76631 ], [ -104.65327, 50.77326 ], [ -104.66022, 50.77935 ], [ -104.64803, 50.78173 ], [ -104.64854, 50.78493 ], [ -104.64261, 50.78201 ], [ -104.63978, 50.78403 ], [ -104.64525, 50.78779 ], [ -104.63392, 50.78901 ], [ -104.63512, 50.79209 ], [ -104.62022, 50.79879 ], [ -104.61183, 50.79151 ], [ -104.59993, 50.79258 ], [ -104.59915, 50.79972 ], [ -104.59437, 50.79998 ], [ -104.59718, 50.80309 ], [ -104.57364, 50.80531 ], [ -104.55857, 50.81769 ], [ -104.5508, 50.81223 ], [ -104.54741, 50.81578 ], [ -104.54437, 50.81009 ], [ -104.52413, 50.81564 ], [ -104.51295, 50.81271 ], [ -104.50108, 50.81926 ], [ -104.50108, 50.92098 ], [ -104.51953, 50.92118 ], [ -104.51988, 51.18189 ] ] ] } },
{ "type": "Feature", "id": 261, "properties": { "RMNO": "220", "RMNM": "MCKILLOP", "UPDT_YEAR": "2014" }, "geometry": { "type": "Polygon", "coordinates": [ [ [ -104.79861, 51.09559 ], [ -105.23853, 51.09501 ], [ -105.23011, 51.07421 ], [ -105.22877, 51.07922 ], [ -105.22134, 51.08009 ], [ -105.22702, 51.07727 ], [ -105.22467, 51.0602 ], [ -105.21161, 51.05244 ], [ -105.21729, 51.04815 ], [ -105.21156, 51.04374 ], [ -105.20545, 51.0206 ], [ -105.19905, 51.0204 ], [ -105.20257, 51.01795 ], [ -105.185, 50.99256 ], [ -105.17076, 50.99092 ], [ -105.17892, 50.98953 ], [ -105.1632, 50.97252 ], [ -105.15141, 50.94823 ], [ -105.10231, 50.89965 ], [ -105.10033, 50.88565 ], [ -105.09501, 50.88507 ], [ -105.08363, 50.86113 ], [ -105.0679, 50.84805 ], [ -105.03647, 50.80167 ], [ -105.00499, 50.81233 ], [ -104.9332, 50.79621 ], [ -104.91679, 50.78841 ], [ -104.91702, 50.92095 ], [ -104.79862, 50.921 ], [ -104.79861, 51.09559 ] ] ] } },
{ "type": "Feature", "id": 262, "properties": { "RMNO": "189", "RMNM": "LUMSDEN", "UPDT_YEAR": "2014" }, "geometry": { "type": "Polygon", "coordinates": [ [ [ -105.05493, 50.82653 ], [ -105.05449, 50.79667 ], [ -105.04474, 50.79083 ], [ -105.04403, 50.7834 ], [ -105.01992, 50.77564 ], [ -105.05533, 50.75577 ], [ -105.05542, 50.57156 ], [ -104.50141, 50.57157 ], [ -104.50107, 50.74629 ], [ -104.47799, 50.74621 ], [ -104.478, 50.78282 ], [ -104.50106, 50.78282 ], [ -104.50108, 50.81926 ], [ -104.51295, 50.81271 ], [ -104.52413, 50.81564 ], [ -104.54437, 50.81009 ], [ -104.54741, 50.81578 ], [ -104.5508, 50.81223 ], [ -104.55857, 50.81769 ], [ -104.57364, 50.80531 ], [ -104.59718, 50.80309 ], [ -104.59437, 50.79998 ], [ -104.59915, 50.79972 ], [ -104.59993, 50.79258 ], [ -104.61183, 50.79151 ], [ -104.62022, 50.79879 ], [ -104.63512, 50.79209 ], [ -104.63392, 50.78901 ], [ -104.64525, 50.78779 ], [ -104.63978, 50.78403 ], [ -104.64261, 50.78201 ], [ -104.64854, 50.78493 ], [ -104.64803, 50.78173 ], [ -104.66022, 50.77935 ], [ -104.65327, 50.77326 ], [ -104.66148, 50.76631 ], [ -104.6757, 50.76667 ], [ -104.67231, 50.76515 ], [ -104.67816, 50.7635 ], [ -104.67589, 50.76049 ], [ -104.68038, 50.76522 ], [ -104.68443, 50.76393 ], [ -104.67902, 50.75841 ], [ -104.68784, 50.75659 ], [ -104.68751, 50.7501 ], [ -104.69819, 50.74663 ], [ -104.69266, 50.74043 ], [ -104.70219, 50.74178 ], [ -104.69918, 50.73729 ], [ -104.70443, 50.73249 ], [ -104.71014, 50.73412 ], [ -104.70902, 50.72963 ], [ -104.71397, 50.73391 ], [ -104.71926, 50.73123 ], [ -104.71487, 50.73097 ], [ -104.71427, 50.7292 ], [ -104.72117, 50.73199 ], [ -104.72855, 50.72735 ], [ -104.72505, 50.72504 ], [ -104.7262, 50.72348 ], [ -104.74665, 50.72232 ], [ -104.74315, 50.71505 ], [ -104.74777, 50.711 ], [ -104.74664, 50.7153 ], [ -104.75117, 50.71615 ], [ -104.75741, 50.7105 ], [ -104.77049, 50.71408 ], [ -104.77393, 50.71215 ], [ -104.76869, 50.70966 ], [ -104.7708, 50.7056 ], [ -104.77821, 50.70732 ], [ -104.78521, 50.70212 ], [ -104.78426, 50.70569 ], [ -104.79043, 50.70651 ], [ -104.78795, 50.70286 ], [ -104.79172, 50.69916 ], [ -104.79404, 50.7042 ], [ -104.80101, 50.70201 ], [ -104.79525, 50.70402 ], [ -104.79741, 50.70651 ], [ -104.81417, 50.70119 ], [ -104.81669, 50.70881 ], [ -104.82941, 50.70245 ], [ -104.84286, 50.70634 ], [ -104.84288, 50.71948 ], [ -104.86382, 50.73321 ], [ -104.87999, 50.76824 ], [ -104.92118, 50.79274 ], [ -105.00499, 50.81233 ], [ -105.03642, 50.80166 ], [ -105.05493, 50.82653 ] ] ] } },
{ "type": "Feature", "id": 263, "properties": { "RMNO": "106", "RMNM": "WHISKA CREEK", "UPDT_YEAR": "2014" }, "geometry": { "type": "Polygon", "coordinates": [ [ [ -107.23358, 50.04773 ], [ -107.6431, 50.04773 ], [ -107.64302, 49.87302 ], [ -107.63083, 49.87303 ], [ -107.63083, 49.78557 ], [ -107.22385, 49.78555 ], [ -107.22389, 49.87301 ], [ -107.23368, 49.8732 ], [ -107.23358, 50.04773 ] ] ] } },
{ "type": "Feature", "id": 264, "properties": { "RMNO": "190", "RMNM": "DUFFERIN", "UPDT_YEAR": "2014" }, "geometry": { "type": "Polygon", "coordinates": [ [ [ -105.06025, 50.83366 ], [ -105.60955, 50.83362 ], [ -105.60947, 50.72812 ], [ -105.56748, 50.70159 ], [ -105.5406, 50.6725 ], [ -105.49414, 50.6442 ], [ -105.39585, 50.59665 ], [ -105.33233, 50.57482 ], [ -105.33234, 50.57153 ], [ -105.05542, 50.57156 ], [ -105.05533, 50.75577 ], [ -105.01992, 50.77564 ], [ -105.04403, 50.7834 ], [ -105.04474, 50.79083 ], [ -105.05449, 50.79667 ], [ -105.05535, 50.82687 ], [ -105.06025, 50.83366 ] ] ] } },
{ "type": "Feature", "id": 265, "properties": { "RMNO": "216", "RMNM": "TULLYMET", "UPDT_YEAR": "2014" }, "geometry": { "type": "Polygon", "coordinates": [ [ [ -103.2841, 50.94511 ], [ -103.27044, 50.94536 ], [ -103.27033, 51.12185 ], [ -103.69058, 51.1219 ], [ -103.69061, 50.94508 ], [ -103.67789, 50.94502 ], [ -103.67703, 50.85639 ], [ -103.28459, 50.85691 ], [ -103.2841, 50.94511 ] ] ] } },
{ "type": "Feature", "id": 266, "properties": { "RMNO": "186", "RMNM": "ABERNETHY", "UPDT_YEAR": "2014" }, "geometry": { "type": "Polygon", "coordinates": [ [ [ -103.26147, 50.59157 ], [ -103.26138, 50.85689 ], [ -103.67703, 50.85639 ], [ -103.677, 50.74748 ], [ -103.65361, 50.73566 ], [ -103.64959, 50.71861 ], [ -103.6372, 50.71827 ], [ -103.62808, 50.70293 ], [ -103.63186, 50.69297 ], [ -103.62099, 50.6926 ], [ -103.60081, 50.66686 ], [ -103.60156, 50.66138 ], [ -103.58993, 50.65625 ], [ -103.58764, 50.64934 ], [ -103.57597, 50.6469 ], [ -103.57367, 50.63997 ], [ -103.56473, 50.64058 ], [ -103.55624, 50.62782 ], [ -103.53375, 50.62313 ], [ -103.52455, 50.61239 ], [ -103.51614, 50.61411 ], [ -103.50249, 50.60728 ], [ -103.50799, 50.60564 ], [ -103.48944, 50.6043 ], [ -103.48292, 50.59972 ], [ -103.48912, 50.59287 ], [ -103.47893, 50.59276 ], [ -103.47484, 50.59078 ], [ -103.47731, 50.58815 ], [ -103.4563, 50.58891 ], [ -103.46141, 50.58379 ], [ -103.44876, 50.58116 ], [ -103.4464, 50.58675 ], [ -103.44264, 50.58367 ], [ -103.44616, 50.57939 ], [ -103.42345, 50.57169 ], [ -103.41604, 50.57604 ], [ -103.40129, 50.57152 ], [ -103.40461, 50.56723 ], [ -103.39407, 50.56852 ], [ -103.3941, 50.56505 ], [ -103.3816, 50.56407 ], [ -103.38098, 50.57005 ], [ -103.37501, 50.56484 ], [ -103.37561, 50.57085 ], [ -103.37066, 50.56543 ], [ -103.35289, 50.56439 ], [ -103.35794, 50.56034 ], [ -103.34984, 50.56026 ], [ -103.35252, 50.5563 ], [ -103.34653, 50.56438 ], [ -103.34199, 50.55714 ], [ -103.34694, 50.55583 ], [ -103.33832, 50.55321 ], [ -103.33215, 50.55979 ], [ -103.32661, 50.55713 ], [ -103.32965, 50.55373 ], [ -103.32122, 50.55204 ], [ -103.32267, 50.54904 ], [ -103.31169, 50.55304 ], [ -103.30175, 50.54972 ], [ -103.30264, 50.54645 ], [ -103.29738, 50.54816 ], [ -103.30322, 50.54431 ], [ -103.30024, 50.54132 ], [ -103.29013, 50.54859 ], [ -103.28954, 50.54138 ], [ -103.29623, 50.54067 ], [ -103.29135, 50.53779 ], [ -103.28057, 50.54421 ], [ -103.2678, 50.54 ], [ -103.26808, 50.53623 ], [ -103.25736, 50.53784 ], [ -103.25531, 50.53235 ], [ -103.25234, 50.5363 ], [ -103.24615, 50.53491 ], [ -103.24424, 50.53081 ], [ -103.24892, 50.52704 ], [ -103.24368, 50.52956 ], [ -103.24372, 50.57165 ], [ -103.2529, 50.57166 ], [ -103.25295, 50.59156 ], [ -103.26147, 50.59157 ] ] ] } },
{ "type": "Feature", "id": 267, "properties": { "RMNO": "217", "RMNM": "LIPTON", "UPDT_YEAR": "2014" }, "geometry": { "type": "Polygon", "coordinates": [ [ [ -103.67699, 50.83361 ], [ -103.67789, 50.94502 ], [ -103.69061, 50.94508 ], [ -103.69059, 51.09559 ], [ -104.10076, 51.09569 ], [ -104.10091, 50.9211 ], [ -104.08537, 50.9211 ], [ -104.08544, 50.83368 ], [ -103.67699, 50.83361 ] ] ] } },
{ "type": "Feature", "id": 268, "properties": { "RMNO": "259", "RMNM": "SNIPE LAKE", "UPDT_YEAR": "2014" }, "geometry": { "type": "Polygon", "coordinates": [ [ [ -108.86282, 50.98032 ], [ -108.81197, 50.95289 ], [ -108.73666, 50.96569 ], [ -108.6663, 50.94213 ], [ -108.62668, 50.93797 ], [ -108.55415, 50.94466 ], [ -108.51584, 50.9277 ], [ -108.51586, 51.09609 ], [ -108.35307, 51.09608 ], [ -108.35294, 51.27073 ], [ -108.37132, 51.27074 ], [ -108.37129, 51.3582 ], [ -108.95754, 51.3582 ], [ -108.95775, 51.2709 ], [ -108.93448, 51.27087 ], [ -108.93446, 51.0184 ], [ -108.90286, 50.99394 ], [ -108.86282, 50.98032 ] ] ] } },
{ "type": "Feature", "id": 269, "properties": { "RMNO": "252", "RMNM": "ARM RIVER", "UPDT_YEAR": "2014" }, "geometry": { "type": "Polygon", "coordinates": [ [ [ -105.63606, 51.09561 ], [ -105.63595, 51.27034 ], [ -105.66317, 51.27035 ], [ -105.66323, 51.35803 ], [ -106.00446, 51.35809 ], [ -106.00455, 51.09599 ], [ -105.63606, 51.09561 ] ] ] } },
{ "type": "Feature", "id": 270, "properties": { "RMNO": "222", "RMNM": "CRAIK", "UPDT_YEAR": "2014" }, "geometry": { "type": "Polygon", "coordinates": [ [ [ -105.63606, 51.09561 ], [ -106.00455, 51.09599 ], [ -106.00468, 50.87778 ], [ -105.98353, 50.87386 ], [ -105.97123, 50.85722 ], [ -105.97531, 50.85587 ], [ -105.96699, 50.85224 ], [ -105.95533, 50.85585 ], [ -105.94401, 50.84857 ], [ -105.94406, 50.84129 ], [ -105.93237, 50.84128 ], [ -105.93242, 50.83402 ], [ -105.92055, 50.83522 ], [ -105.89917, 50.81982 ], [ -105.88659, 50.81924 ], [ -105.8866, 50.81201 ], [ -105.87491, 50.812 ], [ -105.87493, 50.80476 ], [ -105.86348, 50.80475 ], [ -105.86348, 50.79733 ], [ -105.84042, 50.79742 ], [ -105.84043, 50.79001 ], [ -105.82867, 50.79004 ], [ -105.82868, 50.78391 ], [ -105.80955, 50.78013 ], [ -105.79826, 50.77102 ], [ -105.79411, 50.77537 ], [ -105.77105, 50.77534 ], [ -105.77107, 50.76811 ], [ -105.76319, 50.77088 ], [ -105.68476, 50.76545 ], [ -105.65256, 50.75453 ], [ -105.64377, 50.74573 ], [ -105.63466, 50.74592 ], [ -105.60947, 50.72812 ], [ -105.60972, 50.92093 ], [ -105.63615, 50.92095 ], [ -105.63606, 51.09561 ] ] ] } },
{ "type": "Feature", "id": 271, "properties": { "RMNO": "315", "RMNM": "MONTROSE", "UPDT_YEAR": "2014" }, "geometry": { "type": "Polygon", "coordinates": [ [ [ -106.83173, 51.707 ], [ -106.80198, 51.72523 ], [ -106.79539, 51.74285 ], [ -106.79741, 51.75003 ], [ -106.78047, 51.76839 ], [ -106.77376, 51.78869 ], [ -106.74873, 51.8035 ], [ -106.73677, 51.81658 ], [ -106.73392, 51.82834 ], [ -106.74525, 51.84665 ], [ -106.74796, 51.84928 ], [ -106.74794, 51.84196 ], [ -106.75152, 51.84714 ], [ -106.74984, 51.86645 ], [ -106.75552, 51.86714 ], [ -106.7586, 51.87436 ], [ -106.75546, 51.88159 ], [ -107.2798, 51.88163 ], [ -107.2798, 51.8525 ], [ -107.29144, 51.85245 ], [ -107.29144, 51.84525 ], [ -107.27987, 51.84526 ], [ -107.27977, 51.61988 ], [ -107.00845, 51.61984 ], [ -106.98165, 51.65508 ], [ -106.95615, 51.67323 ], [ -106.90565, 51.6877 ], [ -106.86905, 51.69249 ], [ -106.83173, 51.707 ] ] ] } },
{ "type": "Feature", "id": 272, "properties": { "RMNO": "303", "RMNM": "KEYS", "UPDT_YEAR": "2014" }, "geometry": { "type": "Polygon", "coordinates": [ [ [ -102.43205, 51.88197 ], [ -102.43211, 51.86311 ], [ -102.44377, 51.86029 ], [ -102.44378, 51.85289 ], [ -102.44376, 51.84563 ], [ -102.43219, 51.84568 ], [ -102.43156, 51.65201 ], [ -102.00649, 51.65205 ], [ -102.00665, 51.88183 ], [ -102.43205, 51.88197 ] ] ] } },
{ "type": "Feature", "id": 273, "properties": { "RMNO": "339", "RMNM": "LEROY", "UPDT_YEAR": "2014" }, "geometry": { "type": "Polygon", "coordinates": [ [ [ -104.55706, 51.88151 ], [ -104.55691, 51.96901 ], [ -104.57813, 51.969 ], [ -104.57799, 52.1439 ], [ -105.00444, 52.14368 ], [ -105.00497, 51.96891 ], [ -104.98177, 51.96888 ], [ -104.98174, 51.88162 ], [ -104.55706, 51.88151 ] ] ] } },
{ "type": "Feature", "id": 274, "properties": { "RMNO": "304", "RMNM": "BUCHANAN", "UPDT_YEAR": "2014" }, "geometry": { "type": "Polygon", "coordinates": [ [ [ -102.85735, 51.88129 ], [ -102.85737, 51.65206 ], [ -102.43156, 51.65201 ], [ -102.43219, 51.84568 ], [ -102.44376, 51.84563 ], [ -102.44378, 51.85289 ], [ -102.44377, 51.86029 ], [ -102.43211, 51.86311 ], [ -102.43205, 51.88197 ], [ -102.85735, 51.88129 ] ] ] } },
{ "type": "Feature", "id": 275, "properties": { "RMNO": "352", "RMNM": "HEART'S HILL", "UPDT_YEAR": "2014" }, "geometry": { "type": "Polygon", "coordinates": [ [ [ -109.54843, 51.88149 ], [ -109.54845, 51.96884 ], [ -109.57419, 51.9689 ], [ -109.57416, 52.14336 ], [ -110.00506, 52.14291 ], [ -110.00504, 51.88162 ], [ -109.54843, 51.88149 ] ] ] } },
{ "type": "Feature", "id": 276, "properties": { "RMNO": "402", "RMNM": "FISH CREEK", "UPDT_YEAR": "2014" }, "geometry": { "type": "Polygon", "coordinates": [ [ [ -105.77639, 52.7109 ], [ -106.06534, 52.71296 ], [ -106.06492, 52.69822 ], [ -106.12071, 52.69812 ], [ -106.12197, 52.68923 ], [ -106.11609, 52.68095 ], [ -106.1288, 52.67229 ], [ -106.11575, 52.66231 ], [ -106.12263, 52.6514 ], [ -106.12059, 52.63934 ], [ -106.13227, 52.62744 ], [ -106.13513, 52.61684 ], [ -106.14808, 52.62029 ], [ -106.1583, 52.61679 ], [ -106.15063, 52.59665 ], [ -106.15473, 52.58721 ], [ -106.14807, 52.58033 ], [ -106.14822, 52.49295 ], [ -105.74678, 52.49275 ], [ -105.74719, 52.66408 ], [ -105.77632, 52.66697 ], [ -105.77639, 52.7109 ] ] ] } },
{ "type": "Feature", "id": 277, "properties": { "RMNO": "431", "RMNM": "ST. LOUIS", "UPDT_YEAR": "2014" }, "geometry": { "type": "Polygon", "coordinates": [ [ [ -105.48699, 52.92887 ], [ -105.83228, 52.92733 ], [ -105.88259, 52.91313 ], [ -105.90248, 52.91252 ], [ -105.92267, 52.90232 ], [ -105.94061, 52.91485 ], [ -105.96172, 52.91324 ], [ -105.98708, 52.91998 ], [ -106.00187, 52.91422 ], [ -106.01267, 52.91957 ], [ -106.02957, 52.91933 ], [ -106.03961, 52.90757 ], [ -106.03998, 52.88281 ], [ -106.07178, 52.87067 ], [ -106.08161, 52.85427 ], [ -106.09387, 52.84615 ], [ -106.09142, 52.82655 ], [ -106.10231, 52.81974 ], [ -106.10007, 52.81199 ], [ -106.1081, 52.8012 ], [ -106.10505, 52.78853 ], [ -106.11085, 52.78522 ], [ -106.12857, 52.78733 ], [ -106.1386, 52.77724 ], [ -106.13571, 52.77152 ], [ -106.14165, 52.76441 ], [ -106.13749, 52.75636 ], [ -106.12399, 52.74635 ], [ -106.11225, 52.74473 ], [ -106.12175, 52.72407 ], [ -106.10401, 52.71044 ], [ -106.12045, 52.69812 ], [ -106.06492, 52.69822 ], [ -106.06534, 52.71296 ], [ -105.77639, 52.7109 ], [ -105.77635, 52.75457 ], [ -105.48679, 52.75468 ], [ -105.48699, 52.92887 ] ] ] } },
{ "type": "Feature", "id": 278, "properties": { "RMNO": "401", "RMNM": "HOODOO", "UPDT_YEAR": "2014" }, "geometry": { "type": "Polygon", "coordinates": [ [ [ -105.45913, 52.40539 ], [ -105.45897, 52.66743 ], [ -105.48685, 52.66745 ], [ -105.48679, 52.75468 ], [ -105.77635, 52.75457 ], [ -105.77632, 52.66697 ], [ -105.7496, 52.66693 ], [ -105.74708, 52.66353 ], [ -105.74678, 52.49275 ], [ -105.8906, 52.49283 ], [ -105.89064, 52.40558 ], [ -105.45913, 52.40539 ] ] ] } },
{ "type": "Feature", "id": 279, "properties": { "RMNO": "430", "RMNM": "INVERGORDON", "UPDT_YEAR": "2014" }, "geometry": { "type": "Polygon", "coordinates": [ [ [ -105.05155, 52.6674 ], [ -105.05159, 52.80128 ], [ -105.07388, 52.80126 ], [ -105.0738, 52.97791 ], [ -105.22098, 52.9778 ], [ -105.22018, 52.92906 ], [ -105.48699, 52.92887 ], [ -105.48685, 52.66745 ], [ -105.37764, 52.66734 ], [ -105.37765, 52.67475 ], [ -105.28092, 52.67475 ], [ -105.27941, 52.6673 ], [ -105.05155, 52.6674 ] ] ] } },
{ "type": "Feature", "id": 280, "properties": { "RMNO": "436", "RMNM": "DOUGLAS", "UPDT_YEAR": "2014" }, "geometry": { "type": "Polygon", "coordinates": [ [ [ -107.4554, 52.66762 ], [ -107.45552, 52.92924 ], [ -107.89058, 52.92934 ], [ -107.8908, 52.66751 ], [ -107.4554, 52.66762 ] ] ] } },
{ "type": "Feature", "id": 281, "properties": { "RMNO": "437", "RMNM": "NORTH BATTLEFORD", "UPDT_YEAR": "2014" }, "geometry": { "type": "Polygon", "coordinates": [ [ [ -107.89058, 52.92934 ], [ -108.44716, 52.92925 ], [ -108.44726, 52.90065 ], [ -108.34714, 52.84558 ], [ -108.34624, 52.83439 ], [ -108.36061, 52.81813 ], [ -108.36505, 52.80449 ], [ -108.35419, 52.78106 ], [ -108.33872, 52.77317 ], [ -108.32608, 52.75872 ], [ -108.29986, 52.75432 ], [ -108.2791, 52.74355 ], [ -108.22423, 52.70162 ], [ -108.19057, 52.68689 ], [ -108.18209, 52.67812 ], [ -108.16493, 52.67811 ], [ -108.14843, 52.66743 ], [ -107.8908, 52.66751 ], [ -107.89058, 52.92934 ] ] ] } },
{ "type": "Feature", "id": 282, "properties": { "RMNO": "466", "RMNM": "MEETING LAKE", "UPDT_YEAR": "2014" }, "geometry": { "type": "Polygon", "coordinates": [ [ [ -107.17204, 53.19227 ], [ -107.76017, 53.19066 ], [ -107.76026, 53.01626 ], [ -107.74572, 53.01632 ], [ -107.74556, 52.92935 ], [ -107.1657, 52.92921 ], [ -107.16574, 53.01711 ], [ -107.172, 53.01713 ], [ -107.17204, 53.19227 ] ] ] } },
{ "type": "Feature", "id": 283, "properties": { "RMNO": "467", "RMNM": "ROUND HILL", "UPDT_YEAR": "2014" }, "geometry": { "type": "Polygon", "coordinates": [ [ [ -107.76026, 53.01626 ], [ -107.76017, 53.19066 ], [ -108.19891, 53.19066 ], [ -108.19882, 53.01638 ], [ -108.18113, 53.01634 ], [ -108.18103, 52.92912 ], [ -107.74556, 52.92935 ], [ -107.74572, 53.01632 ], [ -107.76026, 53.01626 ] ] ] } },
{ "type": "Feature", "id": 284, "properties": { "RMNO": "456", "RMNM": "ARBORFIELD", "UPDT_YEAR": "2014" }, "geometry": { "type": "Polygon", "coordinates": [ [ [ -103.74545, 52.92896 ], [ -103.02264, 52.92942 ], [ -103.02655, 53.19106 ], [ -103.7584, 53.19087 ], [ -103.75844, 53.01625 ], [ -103.74491, 53.01625 ], [ -103.74545, 52.92896 ] ] ] } },
{ "type": "Feature", "id": 285, "properties": { "RMNO": "472", "RMNM": "WILTON", "UPDT_YEAR": "2014" }, "geometry": { "type": "Polygon", "coordinates": [ [ [ -110.00395, 53.27783 ], [ -110.00441, 52.85782 ], [ -109.99059, 52.86015 ], [ -109.97896, 52.86654 ], [ -109.97881, 52.87358 ], [ -109.96836, 52.87517 ], [ -109.97006, 52.88073 ], [ -109.96278, 52.87916 ], [ -109.96033, 52.88125 ], [ -109.97071, 52.88443 ], [ -109.94052, 52.88427 ], [ -109.93251, 52.89173 ], [ -109.92308, 52.89288 ], [ -109.92223, 52.9037 ], [ -109.91472, 52.90939 ], [ -109.91941, 52.91691 ], [ -109.91017, 52.91651 ], [ -109.88399, 52.92942 ], [ -109.87629, 52.94186 ], [ -109.86478, 52.94592 ], [ -109.87221, 52.94959 ], [ -109.86088, 52.95082 ], [ -109.85079, 52.96428 ], [ -109.80214, 52.9875 ], [ -109.7979, 53.00589 ], [ -109.79097, 53.0088 ], [ -109.79347, 53.01202 ], [ -109.78606, 53.01141 ], [ -109.78888, 53.01443 ], [ -109.7785, 53.01494 ], [ -109.7798, 53.0201 ], [ -109.75567, 53.02559 ], [ -109.74787, 53.02296 ], [ -109.7463, 53.02828 ], [ -109.73417, 53.02813 ], [ -109.73172, 53.03202 ], [ -109.71066, 53.0295 ], [ -109.70484, 53.03405 ], [ -109.67428, 53.03604 ], [ -109.65662, 53.04338 ], [ -109.63755, 53.04228 ], [ -109.63526, 53.04589 ], [ -109.57394, 53.04575 ], [ -109.56481, 53.03803 ], [ -109.5525, 53.03801 ], [ -109.5525, 53.04514 ], [ -109.54048, 53.04518 ], [ -109.54048, 53.03798 ], [ -109.53579, 53.04302 ], [ -109.51602, 53.03828 ], [ -109.51605, 53.27769 ], [ -110.00395, 53.27783 ] ] ] } },
{ "type": "Feature", "id": 286, "properties": { "RMNO": "442", "RMNM": "MANITOU LAKE", "UPDT_YEAR": "2014" }, "geometry": { "type": "Polygon", "coordinates": [ [ [ -109.57466, 53.04582 ], [ -109.65662, 53.04338 ], [ -109.71066, 53.0295 ], [ -109.73172, 53.03202 ], [ -109.73417, 53.02813 ], [ -109.7463, 53.02828 ], [ -109.74787, 53.02296 ], [ -109.75567, 53.02559 ], [ -109.7802, 53.01992 ], [ -109.7785, 53.01494 ], [ -109.78888, 53.01443 ], [ -109.78606, 53.01141 ], [ -109.79347, 53.01202 ], [ -109.79097, 53.0088 ], [ -109.7979, 53.00589 ], [ -109.80214, 52.9875 ], [ -109.85079, 52.96428 ], [ -109.86088, 52.95082 ], [ -109.87221, 52.94959 ], [ -109.86478, 52.94592 ], [ -109.87629, 52.94186 ], [ -109.88399, 52.92942 ], [ -109.91017, 52.91651 ], [ -109.91941, 52.91691 ], [ -109.91472, 52.90939 ], [ -109.92223, 52.9037 ], [ -109.92308, 52.89288 ], [ -109.93251, 52.89173 ], [ -109.94052, 52.88427 ], [ -109.97071, 52.88443 ], [ -109.96033, 52.88125 ], [ -109.97006, 52.88073 ], [ -109.96836, 52.87517 ], [ -109.97881, 52.87358 ], [ -109.97896, 52.86654 ], [ -109.99099, 52.85994 ], [ -110.0057, 52.85898 ], [ -110.00543, 52.66684 ], [ -109.69847, 52.66746 ], [ -109.7027, 52.66385 ], [ -109.69097, 52.66011 ], [ -109.68628, 52.66748 ], [ -109.65728, 52.6658 ], [ -109.65594, 52.67685 ], [ -109.64453, 52.68155 ], [ -109.64986, 52.68888 ], [ -109.64751, 52.70751 ], [ -109.6557, 52.71175 ], [ -109.63645, 52.72369 ], [ -109.6279, 52.74056 ], [ -109.63019, 52.74917 ], [ -109.64625, 52.75408 ], [ -109.645, 52.76362 ], [ -109.6321, 52.78178 ], [ -109.63287, 52.9291 ], [ -109.48799, 52.92934 ], [ -109.48787, 53.01647 ], [ -109.47177, 53.01755 ], [ -109.47316, 53.0229 ], [ -109.48027, 53.02373 ], [ -109.47532, 53.02611 ], [ -109.48711, 53.03079 ], [ -109.48403, 53.03129 ], [ -109.53522, 53.04296 ], [ -109.54048, 53.03798 ], [ -109.54048, 53.04518 ], [ -109.5525, 53.04514 ], [ -109.5525, 53.03801 ], [ -109.56481, 53.03803 ], [ -109.57466, 53.04582 ] ] ] } },
{ "type": "Feature", "id": 287, "properties": { "RMNO": "461", "RMNM": "PRINCE ALBERT", "UPDT_YEAR": "2014" }, "geometry": { "type": "Polygon", "coordinates": [ [ [ -105.22736, 53.2675 ], [ -105.24035, 53.26182 ], [ -105.25716, 53.26253 ], [ -105.26801, 53.25467 ], [ -105.29119, 53.26114 ], [ -105.29596, 53.25786 ], [ -105.29078, 53.24918 ], [ -105.29378, 53.24662 ], [ -105.30993, 53.25054 ], [ -105.34301, 53.23737 ], [ -105.36011, 53.24065 ], [ -105.37237, 53.23269 ], [ -105.40934, 53.23053 ], [ -105.42073, 53.23389 ], [ -105.43315, 53.24581 ], [ -105.50002, 53.24898 ], [ -105.52881, 53.23598 ], [ -105.56247, 53.23595 ], [ -105.59878, 53.24281 ], [ -105.6231, 53.23928 ], [ -105.63498, 53.2343 ], [ -105.64802, 53.21365 ], [ -105.66037, 53.20741 ], [ -105.70877, 53.21871 ], [ -105.72524, 53.2186 ], [ -105.76501, 53.20558 ], [ -105.84156, 53.20901 ], [ -105.86804, 53.20311 ], [ -105.86403, 53.20261 ], [ -105.87457, 53.19083 ], [ -105.87024, 53.18517 ], [ -105.88888, 53.16907 ], [ -105.96497, 53.15432 ], [ -106.00435, 53.15452 ], [ -106.00438, 52.91559 ], [ -105.987, 52.91998 ], [ -105.96172, 52.91324 ], [ -105.94061, 52.91485 ], [ -105.92148, 52.90243 ], [ -105.90248, 52.91252 ], [ -105.88259, 52.91313 ], [ -105.83525, 52.92688 ], [ -105.80953, 52.92519 ], [ -105.79388, 52.93716 ], [ -105.75346, 52.9404 ], [ -105.75202, 52.9473 ], [ -105.77277, 52.96919 ], [ -105.77135, 52.99328 ], [ -105.67034, 53.02663 ], [ -105.63953, 53.02495 ], [ -105.61789, 53.03156 ], [ -105.60918, 53.02199 ], [ -105.59104, 53.02523 ], [ -105.56682, 53.01755 ], [ -105.56385, 53.00697 ], [ -105.54533, 53.00661 ], [ -105.53115, 53.03245 ], [ -105.51746, 53.03748 ], [ -105.51005, 53.04857 ], [ -105.51058, 53.06403 ], [ -105.51946, 53.07502 ], [ -105.50924, 53.0873 ], [ -105.5122, 53.11869 ], [ -105.50188, 53.12386 ], [ -105.4668, 53.12155 ], [ -105.44949, 53.13496 ], [ -105.44051, 53.13527 ], [ -105.44739, 53.14567 ], [ -105.42827, 53.15294 ], [ -105.43511, 53.16151 ], [ -105.4163, 53.1749 ], [ -105.40301, 53.16813 ], [ -105.37184, 53.17065 ], [ -105.36526, 53.16558 ], [ -105.33354, 53.16119 ], [ -105.3149, 53.15055 ], [ -105.30206, 53.13458 ], [ -105.28335, 53.12791 ], [ -105.26216, 53.13763 ], [ -105.23842, 53.13875 ], [ -105.23398, 53.15014 ], [ -105.22528, 53.15637 ], [ -105.23031, 53.16636 ], [ -105.21149, 53.16689 ], [ -105.20514, 53.17733 ], [ -105.17212, 53.17969 ], [ -105.14132, 53.18797 ], [ -105.13095, 53.18595 ], [ -105.12983, 53.17809 ], [ -105.12369, 53.17764 ], [ -105.12078, 53.18225 ], [ -105.12928, 53.19101 ], [ -105.1232, 53.19737 ], [ -105.09885, 53.18876 ], [ -105.08996, 53.19097 ], [ -105.09931, 53.20401 ], [ -105.08425, 53.21204 ], [ -105.10894, 53.20831 ], [ -105.1178, 53.21319 ], [ -105.11155, 53.21881 ], [ -105.07652, 53.22372 ], [ -105.09023, 53.23821 ], [ -105.09536, 53.25187 ], [ -105.10208, 53.25273 ], [ -105.11524, 53.24141 ], [ -105.12203, 53.2464 ], [ -105.13523, 53.24472 ], [ -105.13626, 53.2542 ], [ -105.14613, 53.25819 ], [ -105.16617, 53.24722 ], [ -105.16299, 53.25747 ], [ -105.16645, 53.26122 ], [ -105.18158, 53.25765 ], [ -105.19083, 53.2653 ], [ -105.20311, 53.25915 ], [ -105.22736, 53.2675 ] ] ] } },
{ "type": "Feature", "id": 288, "properties": { "RMNO": "494", "RMNM": "CANWOOD", "UPDT_YEAR": "2014" }, "geometry": { "type": "Polygon", "coordinates": [ [ [ -106.7234, 53.71504 ], [ -107.18547, 53.71505 ], [ -107.18564, 53.45327 ], [ -107.03814, 53.45327 ], [ -107.03825, 53.36632 ], [ -107.02625, 53.36633 ], [ -107.02622, 53.19216 ], [ -106.4425, 53.19131 ], [ -106.44271, 53.36539 ], [ -106.44747, 53.36539 ], [ -106.4468, 53.58367 ], [ -106.54126, 53.58358 ], [ -106.54495, 53.60363 ], [ -106.59383, 53.63591 ], [ -106.60671, 53.64198 ], [ -106.65245, 53.64012 ], [ -106.65939, 53.64805 ], [ -106.66729, 53.64934 ], [ -106.66988, 53.65712 ], [ -106.6895, 53.67551 ], [ -106.72844, 53.70195 ], [ -106.7234, 53.71504 ] ] ] } },
{ "type": "Feature", "id": 289, "properties": { "RMNO": "464", "RMNM": "LEASK", "UPDT_YEAR": "2014" }, "geometry": { "type": "Polygon", "coordinates": [ [ [ -106.4425, 53.19131 ], [ -107.17204, 53.19227 ], [ -107.172, 53.01713 ], [ -107.16574, 53.01711 ], [ -107.1657, 52.92921 ], [ -106.44958, 52.92937 ], [ -106.43669, 52.94186 ], [ -106.42122, 52.9854 ], [ -106.3937, 53.02658 ], [ -106.36541, 53.04772 ], [ -106.29426, 53.08637 ], [ -106.27303, 53.10368 ], [ -106.44316, 53.10377 ], [ -106.4425, 53.19131 ] ] ] } },
{ "type": "Feature", "id": 290, "properties": { "RMNO": "501", "RMNM": "FRENCHMAN BUTTE", "UPDT_YEAR": "2014" }, "geometry": { "type": "Polygon", "coordinates": [ [ [ -109.12931, 53.8023 ], [ -110.00563, 53.80228 ], [ -110.00564, 53.59901 ], [ -110.00563, 53.60362 ], [ -109.97558, 53.59675 ], [ -109.89727, 53.56809 ], [ -109.81896, 53.55315 ], [ -109.79632, 53.56125 ], [ -109.78774, 53.58663 ], [ -109.77514, 53.59663 ], [ -109.74523, 53.60378 ], [ -109.63626, 53.58818 ], [ -109.62637, 53.57487 ], [ -109.63339, 53.55968 ], [ -109.6338, 53.5459 ], [ -109.61825, 53.52378 ], [ -109.53958, 53.48799 ], [ -109.54198, 53.46821 ], [ -109.56563, 53.4416 ], [ -109.56064, 53.42982 ], [ -109.54465, 53.41885 ], [ -109.49519, 53.40999 ], [ -109.47867, 53.40016 ], [ -109.46352, 53.38071 ], [ -109.44655, 53.37488 ], [ -109.42157, 53.37559 ], [ -109.37107, 53.3938 ], [ -109.31404, 53.39865 ], [ -109.28987, 53.3964 ], [ -109.27179, 53.38965 ], [ -109.245, 53.36402 ], [ -109.2281, 53.33012 ], [ -109.17568, 53.32806 ], [ -109.07742, 53.28578 ], [ -109.07746, 53.36563 ], [ -109.10233, 53.36561 ], [ -109.10179, 53.71503 ], [ -109.12901, 53.71501 ], [ -109.12931, 53.8023 ] ] ] } },
{ "type": "Feature", "id": 291, "properties": { "RMNO": "471", "RMNM": "ELDON", "UPDT_YEAR": "2014" }, "geometry": { "type": "Polygon", "coordinates": [ [ [ -109.49519, 53.40999 ], [ -109.54496, 53.41913 ], [ -109.54487, 53.36589 ], [ -109.51605, 53.36603 ], [ -109.51602, 53.03788 ], [ -109.48314, 53.03086 ], [ -109.48711, 53.03079 ], [ -109.47207, 53.02126 ], [ -109.47567, 53.01645 ], [ -109.22368, 53.01624 ], [ -109.22366, 53.1031 ], [ -109.07743, 53.10318 ], [ -109.07751, 53.28585 ], [ -109.17568, 53.32806 ], [ -109.2281, 53.33012 ], [ -109.245, 53.36402 ], [ -109.27179, 53.38965 ], [ -109.28987, 53.3964 ], [ -109.31404, 53.39865 ], [ -109.37107, 53.3938 ], [ -109.42157, 53.37559 ], [ -109.44655, 53.37488 ], [ -109.46352, 53.38071 ], [ -109.47867, 53.40016 ], [ -109.49519, 53.40999 ] ] ] } },
{ "type": "Feature", "id": 292, "properties": { "RMNO": "138", "RMNM": "WEBB", "UPDT_YEAR": "2014" }, "geometry": { "type": "Polygon", "coordinates": [ [ [ -108.06729, 50.30988 ], [ -108.47984, 50.30998 ], [ -108.47993, 50.22257 ], [ -108.46206, 50.22252 ], [ -108.4622, 49.96039 ], [ -108.05253, 49.96039 ], [ -108.0526, 50.22244 ], [ -108.06717, 50.22247 ], [ -108.06729, 50.30988 ] ] ] } },
{ "type": "Feature", "id": 293, "properties": { "RMNO": "261", "RMNM": "CHESTERFIELD", "UPDT_YEAR": "2014" }, "geometry": { "type": "Polygon", "coordinates": [ [ [ -109.37933, 51.35824 ], [ -110.00518, 51.35778 ], [ -110.00515, 50.96865 ], [ -109.98318, 50.96553 ], [ -109.97168, 50.94795 ], [ -109.94215, 50.93912 ], [ -109.94437, 50.93286 ], [ -109.95665, 50.92718 ], [ -109.93689, 50.92473 ], [ -109.92849, 50.93685 ], [ -109.91763, 50.9392 ], [ -109.91192, 50.92797 ], [ -109.92794, 50.91936 ], [ -109.89275, 50.92284 ], [ -109.87659, 50.95215 ], [ -109.8586, 50.95478 ], [ -109.8107, 50.95437 ], [ -109.79488, 50.95149 ], [ -109.79485, 50.94663 ], [ -109.77331, 50.94707 ], [ -109.7391, 50.93764 ], [ -109.72102, 50.93739 ], [ -109.7046, 50.95337 ], [ -109.70656, 50.97794 ], [ -109.68375, 50.98763 ], [ -109.67323, 50.98491 ], [ -109.66937, 50.97683 ], [ -109.63917, 50.98568 ], [ -109.58619, 50.97681 ], [ -109.57623, 50.97105 ], [ -109.54679, 50.96959 ], [ -109.51691, 50.97531 ], [ -109.49832, 50.96528 ], [ -109.49213, 50.96794 ], [ -109.4878, 50.95964 ], [ -109.35305, 50.996 ], [ -109.35314, 51.27087 ], [ -109.37937, 51.27087 ], [ -109.37933, 51.35824 ] ] ] } },
{ "type": "Feature", "id": 294, "properties": { "RMNO": "231", "RMNM": "HAPPYLAND", "UPDT_YEAR": "2014" }, "geometry": { "type": "Polygon", "coordinates": [ [ [ -109.35305, 50.996 ], [ -109.4878, 50.95964 ], [ -109.49213, 50.96794 ], [ -109.49832, 50.96528 ], [ -109.51691, 50.97531 ], [ -109.54679, 50.96959 ], [ -109.57623, 50.97105 ], [ -109.58619, 50.97681 ], [ -109.63917, 50.98568 ], [ -109.66937, 50.97683 ], [ -109.67323, 50.98491 ], [ -109.68375, 50.98763 ], [ -109.70656, 50.97794 ], [ -109.7046, 50.95337 ], [ -109.71818, 50.93833 ], [ -109.73865, 50.93756 ], [ -109.77173, 50.94678 ], [ -109.77194, 50.92149 ], [ -109.74411, 50.92146 ], [ -109.74465, 50.57201 ], [ -109.32887, 50.57223 ], [ -109.32891, 50.9215 ], [ -109.35308, 50.9215 ], [ -109.35305, 50.996 ] ] ] } },
{ "type": "Feature", "id": 295, "properties": { "RMNO": "459", "RMNM": "KINISTINO", "UPDT_YEAR": "2014" }, "geometry": { "type": "Polygon", "coordinates": [ [ [ -105.22092, 53.16763 ], [ -105.22138, 53.01632 ], [ -105.19652, 53.01631 ], [ -105.19647, 52.97783 ], [ -105.0738, 52.97791 ], [ -105.07399, 52.93375 ], [ -104.92776, 52.9338 ], [ -104.92776, 52.92907 ], [ -104.61661, 52.92908 ], [ -104.61637, 53.01575 ], [ -104.63574, 53.01641 ], [ -104.63621, 53.23343 ], [ -104.67246, 53.21568 ], [ -104.69352, 53.22611 ], [ -104.70683, 53.22525 ], [ -104.72244, 53.21538 ], [ -104.75446, 53.2191 ], [ -104.79091, 53.19311 ], [ -104.78505, 53.17577 ], [ -104.83086, 53.17048 ], [ -104.83563, 53.16334 ], [ -104.82699, 53.15447 ], [ -104.8275, 53.14874 ], [ -104.83401, 53.14861 ], [ -104.83752, 53.15927 ], [ -104.84925, 53.16064 ], [ -104.85657, 53.14258 ], [ -104.86824, 53.15064 ], [ -104.89507, 53.15644 ], [ -104.90378, 53.17256 ], [ -104.92857, 53.17514 ], [ -104.94834, 53.18866 ], [ -104.95286, 53.19675 ], [ -104.94319, 53.20619 ], [ -104.94654, 53.22125 ], [ -104.96375, 53.2337 ], [ -104.97993, 53.23429 ], [ -104.98316, 53.22135 ], [ -104.98878, 53.21921 ], [ -104.9987, 53.22519 ], [ -104.99031, 53.23436 ], [ -104.99432, 53.24086 ], [ -105.05174, 53.24249 ], [ -105.06546, 53.2496 ], [ -105.08649, 53.23692 ], [ -105.07652, 53.22372 ], [ -105.11746, 53.21529 ], [ -105.10972, 53.20836 ], [ -105.08425, 53.21204 ], [ -105.09931, 53.20401 ], [ -105.08996, 53.19097 ], [ -105.09885, 53.18876 ], [ -105.1232, 53.19737 ], [ -105.12926, 53.18976 ], [ -105.12118, 53.183 ], [ -105.12256, 53.17797 ], [ -105.12952, 53.17778 ], [ -105.13095, 53.18595 ], [ -105.14345, 53.18795 ], [ -105.17171, 53.17976 ], [ -105.20514, 53.17733 ], [ -105.21024, 53.16761 ], [ -105.22092, 53.16763 ] ] ] } },
{ "type": "Feature", "id": 296, "properties": { "RMNO": "469", "RMNM": "TURTLE RIVER", "UPDT_YEAR": "2014" }, "geometry": { "type": "Polygon", "coordinates": [ [ [ -108.6374, 53.27788 ], [ -109.06939, 53.27781 ], [ -109.0636, 53.26213 ], [ -109.06551, 53.23688 ], [ -109.05089, 53.21513 ], [ -109.02232, 53.20256 ], [ -108.96078, 53.15587 ], [ -108.92998, 53.10331 ], [ -108.90919, 53.09416 ], [ -108.87269, 53.05926 ], [ -108.82381, 53.02246 ], [ -108.78101, 53.01369 ], [ -108.74373, 52.99476 ], [ -108.65468, 52.98186 ], [ -108.61683, 52.96602 ], [ -108.61684, 53.01612 ], [ -108.63752, 53.0162 ], [ -108.6374, 53.27788 ] ] ] } },
{ "type": "Feature", "id": 297, "properties": { "RMNO": "470", "RMNM": "PAYNTON", "UPDT_YEAR": "2014" }, "geometry": { "type": "Polygon", "coordinates": [ [ [ -109.0636, 53.26213 ], [ -109.07742, 53.28578 ], [ -109.07743, 53.10318 ], [ -109.22366, 53.1031 ], [ -109.22368, 53.01624 ], [ -109.19757, 53.01626 ], [ -109.19756, 52.9328 ], [ -109.14913, 52.94058 ], [ -109.12867, 52.93785 ], [ -109.12102, 52.93234 ], [ -109.1174, 52.93623 ], [ -109.11309, 52.93473 ], [ -109.11491, 52.93105 ], [ -109.05224, 52.92936 ], [ -109.04308, 52.92271 ], [ -109.01374, 52.91936 ], [ -109.01987, 52.91795 ], [ -108.98893, 52.91868 ], [ -108.98216, 52.91141 ], [ -108.97466, 52.91374 ], [ -108.97381, 52.90925 ], [ -108.95848, 52.90599 ], [ -108.95779, 52.91209 ], [ -108.93338, 52.9052 ], [ -108.93619, 52.90041 ], [ -108.92918, 52.90379 ], [ -108.91786, 52.90112 ], [ -108.92584, 52.88139 ], [ -108.919, 52.88286 ], [ -108.92079, 52.8857 ], [ -108.919, 52.88739 ], [ -108.9115, 52.88574 ], [ -108.91715, 52.8821 ], [ -108.90919, 52.87556 ], [ -108.91227, 52.86919 ], [ -108.90632, 52.87541 ], [ -108.89647, 52.87484 ], [ -108.8968, 52.87036 ], [ -108.88856, 52.87892 ], [ -108.88407, 52.87788 ], [ -108.88508, 52.87029 ], [ -108.87618, 52.86713 ], [ -108.87061, 52.8744 ], [ -108.85975, 52.87574 ], [ -108.85738, 52.87066 ], [ -108.85299, 52.87561 ], [ -108.84829, 52.87371 ], [ -108.84983, 52.87891 ], [ -108.84371, 52.88088 ], [ -108.84756, 52.88353 ], [ -108.84042, 52.88068 ], [ -108.84554, 52.87678 ], [ -108.83917, 52.87799 ], [ -108.83747, 52.88649 ], [ -108.81283, 52.88721 ], [ -108.8102, 52.88018 ], [ -108.79979, 52.88738 ], [ -108.77793, 52.88751 ], [ -108.77188, 52.8826 ], [ -108.76901, 52.88694 ], [ -108.76889, 52.88098 ], [ -108.76194, 52.88227 ], [ -108.7619, 53.00399 ], [ -108.78101, 53.01369 ], [ -108.81802, 53.02024 ], [ -108.83217, 53.02716 ], [ -108.90919, 53.09416 ], [ -108.92998, 53.10331 ], [ -108.96078, 53.15587 ], [ -109.02232, 53.20256 ], [ -109.04718, 53.21238 ], [ -109.05526, 53.22022 ], [ -109.06551, 53.23688 ], [ -109.0636, 53.26213 ] ] ] } }
]
}
